filepath,label,source
data/deepfake/image/real\cifake_real_00000.jpg,0,cifake
data/deepfake/image/real\cifake_real_00001.jpg,0,cifake
data/deepfake/image/real\cifake_real_00002.jpg,0,cifake
data/deepfake/image/real\cifake_real_00003.jpg,0,cifake
data/deepfake/image/real\cifake_real_00004.jpg,0,cifake
data/deepfake/image/real\cifake_real_00005.jpg,0,cifake
data/deepfake/image/real\cifake_real_00006.jpg,0,cifake
data/deepfake/image/real\cifake_real_00007.jpg,0,cifake
data/deepfake/image/real\cifake_real_00008.jpg,0,cifake
data/deepfake/image/real\cifake_real_00009.jpg,0,cifake
data/deepfake/image/real\cifake_real_00010.jpg,0,cifake
data/deepfake/image/real\cifake_real_00011.jpg,0,cifake
data/deepfake/image/real\cifake_real_00012.jpg,0,cifake
data/deepfake/image/real\cifake_real_00013.jpg,0,cifake
data/deepfake/image/real\cifake_real_00014.jpg,0,cifake
data/deepfake/image/real\cifake_real_00015.jpg,0,cifake
data/deepfake/image/real\cifake_real_00016.jpg,0,cifake
data/deepfake/image/real\cifake_real_00017.jpg,0,cifake
data/deepfake/image/real\cifake_real_00018.jpg,0,cifake
data/deepfake/image/real\cifake_real_00019.jpg,0,cifake
data/deepfake/image/real\cifake_real_00020.jpg,0,cifake
data/deepfake/image/real\cifake_real_00021.jpg,0,cifake
data/deepfake/image/real\cifake_real_00022.jpg,0,cifake
data/deepfake/image/real\cifake_real_00023.jpg,0,cifake
data/deepfake/image/real\cifake_real_00024.jpg,0,cifake
data/deepfake/image/real\cifake_real_00025.jpg,0,cifake
data/deepfake/image/real\cifake_real_00026.jpg,0,cifake
data/deepfake/image/real\cifake_real_00027.jpg,0,cifake
data/deepfake/image/real\cifake_real_00028.jpg,0,cifake
data/deepfake/image/real\cifake_real_00029.jpg,0,cifake
data/deepfake/image/real\cifake_real_00030.jpg,0,cifake
data/deepfake/image/real\cifake_real_00031.jpg,0,cifake
data/deepfake/image/real\cifake_real_00032.jpg,0,cifake
data/deepfake/image/real\cifake_real_00033.jpg,0,cifake
data/deepfake/image/real\cifake_real_00034.jpg,0,cifake
data/deepfake/image/real\cifake_real_00035.jpg,0,cifake
data/deepfake/image/real\cifake_real_00036.jpg,0,cifake
data/deepfake/image/real\cifake_real_00037.jpg,0,cifake
data/deepfake/image/real\cifake_real_00038.jpg,0,cifake
data/deepfake/image/real\cifake_real_00039.jpg,0,cifake
data/deepfake/image/real\cifake_real_00040.jpg,0,cifake
data/deepfake/image/real\cifake_real_00041.jpg,0,cifake
data/deepfake/image/real\cifake_real_00042.jpg,0,cifake
data/deepfake/image/real\cifake_real_00043.jpg,0,cifake
data/deepfake/image/real\cifake_real_00044.jpg,0,cifake
data/deepfake/image/real\cifake_real_00045.jpg,0,cifake
data/deepfake/image/real\cifake_real_00046.jpg,0,cifake
data/deepfake/image/real\cifake_real_00047.jpg,0,cifake
data/deepfake/image/real\cifake_real_00048.jpg,0,cifake
data/deepfake/image/real\cifake_real_00049.jpg,0,cifake
data/deepfake/image/real\cifake_real_00050.jpg,0,cifake
data/deepfake/image/real\cifake_real_00051.jpg,0,cifake
data/deepfake/image/real\cifake_real_00052.jpg,0,cifake
data/deepfake/image/real\cifake_real_00053.jpg,0,cifake
data/deepfake/image/real\cifake_real_00054.jpg,0,cifake
data/deepfake/image/real\cifake_real_00055.jpg,0,cifake
data/deepfake/image/real\cifake_real_00056.jpg,0,cifake
data/deepfake/image/real\cifake_real_00057.jpg,0,cifake
data/deepfake/image/real\cifake_real_00058.jpg,0,cifake
data/deepfake/image/real\cifake_real_00059.jpg,0,cifake
data/deepfake/image/real\cifake_real_00060.jpg,0,cifake
data/deepfake/image/real\cifake_real_00061.jpg,0,cifake
data/deepfake/image/real\cifake_real_00062.jpg,0,cifake
data/deepfake/image/real\cifake_real_00063.jpg,0,cifake
data/deepfake/image/real\cifake_real_00064.jpg,0,cifake
data/deepfake/image/real\cifake_real_00065.jpg,0,cifake
data/deepfake/image/real\cifake_real_00066.jpg,0,cifake
data/deepfake/image/real\cifake_real_00067.jpg,0,cifake
data/deepfake/image/real\cifake_real_00068.jpg,0,cifake
data/deepfake/image/real\cifake_real_00069.jpg,0,cifake
data/deepfake/image/real\cifake_real_00070.jpg,0,cifake
data/deepfake/image/real\cifake_real_00071.jpg,0,cifake
data/deepfake/image/real\cifake_real_00072.jpg,0,cifake
data/deepfake/image/real\cifake_real_00073.jpg,0,cifake
data/deepfake/image/real\cifake_real_00074.jpg,0,cifake
data/deepfake/image/real\cifake_real_00075.jpg,0,cifake
data/deepfake/image/real\cifake_real_00076.jpg,0,cifake
data/deepfake/image/real\cifake_real_00077.jpg,0,cifake
data/deepfake/image/real\cifake_real_00078.jpg,0,cifake
data/deepfake/image/real\cifake_real_00079.jpg,0,cifake
data/deepfake/image/real\cifake_real_00080.jpg,0,cifake
data/deepfake/image/real\cifake_real_00081.jpg,0,cifake
data/deepfake/image/real\cifake_real_00082.jpg,0,cifake
data/deepfake/image/real\cifake_real_00083.jpg,0,cifake
data/deepfake/image/real\cifake_real_00084.jpg,0,cifake
data/deepfake/image/real\cifake_real_00085.jpg,0,cifake
data/deepfake/image/real\cifake_real_00086.jpg,0,cifake
data/deepfake/image/real\cifake_real_00087.jpg,0,cifake
data/deepfake/image/real\cifake_real_00088.jpg,0,cifake
data/deepfake/image/real\cifake_real_00089.jpg,0,cifake
data/deepfake/image/real\cifake_real_00090.jpg,0,cifake
data/deepfake/image/real\cifake_real_00091.jpg,0,cifake
data/deepfake/image/real\cifake_real_00092.jpg,0,cifake
data/deepfake/image/real\cifake_real_00093.jpg,0,cifake
data/deepfake/image/real\cifake_real_00094.jpg,0,cifake
data/deepfake/image/real\cifake_real_00095.jpg,0,cifake
data/deepfake/image/real\cifake_real_00096.jpg,0,cifake
data/deepfake/image/real\cifake_real_00097.jpg,0,cifake
data/deepfake/image/real\cifake_real_00098.jpg,0,cifake
data/deepfake/image/real\cifake_real_00099.jpg,0,cifake
data/deepfake/image/real\cifake_real_00100.jpg,0,cifake
data/deepfake/image/real\cifake_real_00101.jpg,0,cifake
data/deepfake/image/real\cifake_real_00102.jpg,0,cifake
data/deepfake/image/real\cifake_real_00103.jpg,0,cifake
data/deepfake/image/real\cifake_real_00104.jpg,0,cifake
data/deepfake/image/real\cifake_real_00105.jpg,0,cifake
data/deepfake/image/real\cifake_real_00106.jpg,0,cifake
data/deepfake/image/real\cifake_real_00107.jpg,0,cifake
data/deepfake/image/real\cifake_real_00108.jpg,0,cifake
data/deepfake/image/real\cifake_real_00109.jpg,0,cifake
data/deepfake/image/real\cifake_real_00110.jpg,0,cifake
data/deepfake/image/real\cifake_real_00111.jpg,0,cifake
data/deepfake/image/real\cifake_real_00112.jpg,0,cifake
data/deepfake/image/real\cifake_real_00113.jpg,0,cifake
data/deepfake/image/real\cifake_real_00114.jpg,0,cifake
data/deepfake/image/real\cifake_real_00115.jpg,0,cifake
data/deepfake/image/real\cifake_real_00116.jpg,0,cifake
data/deepfake/image/real\cifake_real_00117.jpg,0,cifake
data/deepfake/image/real\cifake_real_00118.jpg,0,cifake
data/deepfake/image/real\cifake_real_00119.jpg,0,cifake
data/deepfake/image/real\cifake_real_00120.jpg,0,cifake
data/deepfake/image/real\cifake_real_00121.jpg,0,cifake
data/deepfake/image/real\cifake_real_00122.jpg,0,cifake
data/deepfake/image/real\cifake_real_00123.jpg,0,cifake
data/deepfake/image/real\cifake_real_00124.jpg,0,cifake
data/deepfake/image/real\cifake_real_00125.jpg,0,cifake
data/deepfake/image/real\cifake_real_00126.jpg,0,cifake
data/deepfake/image/real\cifake_real_00127.jpg,0,cifake
data/deepfake/image/real\cifake_real_00128.jpg,0,cifake
data/deepfake/image/real\cifake_real_00129.jpg,0,cifake
data/deepfake/image/real\cifake_real_00130.jpg,0,cifake
data/deepfake/image/real\cifake_real_00131.jpg,0,cifake
data/deepfake/image/real\cifake_real_00132.jpg,0,cifake
data/deepfake/image/real\cifake_real_00133.jpg,0,cifake
data/deepfake/image/real\cifake_real_00134.jpg,0,cifake
data/deepfake/image/real\cifake_real_00135.jpg,0,cifake
data/deepfake/image/real\cifake_real_00136.jpg,0,cifake
data/deepfake/image/real\cifake_real_00137.jpg,0,cifake
data/deepfake/image/real\cifake_real_00138.jpg,0,cifake
data/deepfake/image/real\cifake_real_00139.jpg,0,cifake
data/deepfake/image/real\cifake_real_00140.jpg,0,cifake
data/deepfake/image/real\cifake_real_00141.jpg,0,cifake
data/deepfake/image/real\cifake_real_00142.jpg,0,cifake
data/deepfake/image/real\cifake_real_00143.jpg,0,cifake
data/deepfake/image/real\cifake_real_00144.jpg,0,cifake
data/deepfake/image/real\cifake_real_00145.jpg,0,cifake
data/deepfake/image/real\cifake_real_00146.jpg,0,cifake
data/deepfake/image/real\cifake_real_00147.jpg,0,cifake
data/deepfake/image/real\cifake_real_00148.jpg,0,cifake
data/deepfake/image/real\cifake_real_00149.jpg,0,cifake
data/deepfake/image/real\cifake_real_00150.jpg,0,cifake
data/deepfake/image/real\cifake_real_00151.jpg,0,cifake
data/deepfake/image/real\cifake_real_00152.jpg,0,cifake
data/deepfake/image/real\cifake_real_00153.jpg,0,cifake
data/deepfake/image/real\cifake_real_00154.jpg,0,cifake
data/deepfake/image/real\cifake_real_00155.jpg,0,cifake
data/deepfake/image/real\cifake_real_00156.jpg,0,cifake
data/deepfake/image/real\cifake_real_00157.jpg,0,cifake
data/deepfake/image/real\cifake_real_00158.jpg,0,cifake
data/deepfake/image/real\cifake_real_00159.jpg,0,cifake
data/deepfake/image/real\cifake_real_00160.jpg,0,cifake
data/deepfake/image/real\cifake_real_00161.jpg,0,cifake
data/deepfake/image/real\cifake_real_00162.jpg,0,cifake
data/deepfake/image/real\cifake_real_00163.jpg,0,cifake
data/deepfake/image/real\cifake_real_00164.jpg,0,cifake
data/deepfake/image/real\cifake_real_00165.jpg,0,cifake
data/deepfake/image/real\cifake_real_00166.jpg,0,cifake
data/deepfake/image/real\cifake_real_00167.jpg,0,cifake
data/deepfake/image/real\cifake_real_00168.jpg,0,cifake
data/deepfake/image/real\cifake_real_00169.jpg,0,cifake
data/deepfake/image/real\cifake_real_00170.jpg,0,cifake
data/deepfake/image/real\cifake_real_00171.jpg,0,cifake
data/deepfake/image/real\cifake_real_00172.jpg,0,cifake
data/deepfake/image/real\cifake_real_00173.jpg,0,cifake
data/deepfake/image/real\cifake_real_00174.jpg,0,cifake
data/deepfake/image/real\cifake_real_00175.jpg,0,cifake
data/deepfake/image/real\cifake_real_00176.jpg,0,cifake
data/deepfake/image/real\cifake_real_00177.jpg,0,cifake
data/deepfake/image/real\cifake_real_00178.jpg,0,cifake
data/deepfake/image/real\cifake_real_00179.jpg,0,cifake
data/deepfake/image/real\cifake_real_00180.jpg,0,cifake
data/deepfake/image/real\cifake_real_00181.jpg,0,cifake
data/deepfake/image/real\cifake_real_00182.jpg,0,cifake
data/deepfake/image/real\cifake_real_00183.jpg,0,cifake
data/deepfake/image/real\cifake_real_00184.jpg,0,cifake
data/deepfake/image/real\cifake_real_00185.jpg,0,cifake
data/deepfake/image/real\cifake_real_00186.jpg,0,cifake
data/deepfake/image/real\cifake_real_00187.jpg,0,cifake
data/deepfake/image/real\cifake_real_00188.jpg,0,cifake
data/deepfake/image/real\cifake_real_00189.jpg,0,cifake
data/deepfake/image/real\cifake_real_00190.jpg,0,cifake
data/deepfake/image/real\cifake_real_00191.jpg,0,cifake
data/deepfake/image/real\cifake_real_00192.jpg,0,cifake
data/deepfake/image/real\cifake_real_00193.jpg,0,cifake
data/deepfake/image/real\cifake_real_00194.jpg,0,cifake
data/deepfake/image/real\cifake_real_00195.jpg,0,cifake
data/deepfake/image/real\cifake_real_00196.jpg,0,cifake
data/deepfake/image/real\cifake_real_00197.jpg,0,cifake
data/deepfake/image/real\cifake_real_00198.jpg,0,cifake
data/deepfake/image/real\cifake_real_00199.jpg,0,cifake
data/deepfake/image/real\cifake_real_00200.jpg,0,cifake
data/deepfake/image/real\cifake_real_00201.jpg,0,cifake
data/deepfake/image/real\cifake_real_00202.jpg,0,cifake
data/deepfake/image/real\cifake_real_00203.jpg,0,cifake
data/deepfake/image/real\cifake_real_00204.jpg,0,cifake
data/deepfake/image/real\cifake_real_00205.jpg,0,cifake
data/deepfake/image/real\cifake_real_00206.jpg,0,cifake
data/deepfake/image/real\cifake_real_00207.jpg,0,cifake
data/deepfake/image/real\cifake_real_00208.jpg,0,cifake
data/deepfake/image/real\cifake_real_00209.jpg,0,cifake
data/deepfake/image/real\cifake_real_00210.jpg,0,cifake
data/deepfake/image/real\cifake_real_00211.jpg,0,cifake
data/deepfake/image/real\cifake_real_00212.jpg,0,cifake
data/deepfake/image/real\cifake_real_00213.jpg,0,cifake
data/deepfake/image/real\cifake_real_00214.jpg,0,cifake
data/deepfake/image/real\cifake_real_00215.jpg,0,cifake
data/deepfake/image/real\cifake_real_00216.jpg,0,cifake
data/deepfake/image/real\cifake_real_00217.jpg,0,cifake
data/deepfake/image/real\cifake_real_00218.jpg,0,cifake
data/deepfake/image/real\cifake_real_00219.jpg,0,cifake
data/deepfake/image/real\cifake_real_00220.jpg,0,cifake
data/deepfake/image/real\cifake_real_00221.jpg,0,cifake
data/deepfake/image/real\cifake_real_00222.jpg,0,cifake
data/deepfake/image/real\cifake_real_00223.jpg,0,cifake
data/deepfake/image/real\cifake_real_00224.jpg,0,cifake
data/deepfake/image/real\cifake_real_00225.jpg,0,cifake
data/deepfake/image/real\cifake_real_00226.jpg,0,cifake
data/deepfake/image/real\cifake_real_00227.jpg,0,cifake
data/deepfake/image/real\cifake_real_00228.jpg,0,cifake
data/deepfake/image/real\cifake_real_00229.jpg,0,cifake
data/deepfake/image/real\cifake_real_00230.jpg,0,cifake
data/deepfake/image/real\cifake_real_00231.jpg,0,cifake
data/deepfake/image/real\cifake_real_00232.jpg,0,cifake
data/deepfake/image/real\cifake_real_00233.jpg,0,cifake
data/deepfake/image/real\cifake_real_00234.jpg,0,cifake
data/deepfake/image/real\cifake_real_00235.jpg,0,cifake
data/deepfake/image/real\cifake_real_00236.jpg,0,cifake
data/deepfake/image/real\cifake_real_00237.jpg,0,cifake
data/deepfake/image/real\cifake_real_00238.jpg,0,cifake
data/deepfake/image/real\cifake_real_00239.jpg,0,cifake
data/deepfake/image/real\cifake_real_00240.jpg,0,cifake
data/deepfake/image/real\cifake_real_00241.jpg,0,cifake
data/deepfake/image/real\cifake_real_00242.jpg,0,cifake
data/deepfake/image/real\cifake_real_00243.jpg,0,cifake
data/deepfake/image/real\cifake_real_00244.jpg,0,cifake
data/deepfake/image/real\cifake_real_00245.jpg,0,cifake
data/deepfake/image/real\cifake_real_00246.jpg,0,cifake
data/deepfake/image/real\cifake_real_00247.jpg,0,cifake
data/deepfake/image/real\cifake_real_00248.jpg,0,cifake
data/deepfake/image/real\cifake_real_00249.jpg,0,cifake
data/deepfake/image/real\cifake_real_00250.jpg,0,cifake
data/deepfake/image/real\cifake_real_00251.jpg,0,cifake
data/deepfake/image/real\cifake_real_00252.jpg,0,cifake
data/deepfake/image/real\cifake_real_00253.jpg,0,cifake
data/deepfake/image/real\cifake_real_00254.jpg,0,cifake
data/deepfake/image/real\cifake_real_00255.jpg,0,cifake
data/deepfake/image/real\cifake_real_00256.jpg,0,cifake
data/deepfake/image/real\cifake_real_00257.jpg,0,cifake
data/deepfake/image/real\cifake_real_00258.jpg,0,cifake
data/deepfake/image/real\cifake_real_00259.jpg,0,cifake
data/deepfake/image/real\cifake_real_00260.jpg,0,cifake
data/deepfake/image/real\cifake_real_00261.jpg,0,cifake
data/deepfake/image/real\cifake_real_00262.jpg,0,cifake
data/deepfake/image/real\cifake_real_00263.jpg,0,cifake
data/deepfake/image/real\cifake_real_00264.jpg,0,cifake
data/deepfake/image/real\cifake_real_00265.jpg,0,cifake
data/deepfake/image/real\cifake_real_00266.jpg,0,cifake
data/deepfake/image/real\cifake_real_00267.jpg,0,cifake
data/deepfake/image/real\cifake_real_00268.jpg,0,cifake
data/deepfake/image/real\cifake_real_00269.jpg,0,cifake
data/deepfake/image/real\cifake_real_00270.jpg,0,cifake
data/deepfake/image/real\cifake_real_00271.jpg,0,cifake
data/deepfake/image/real\cifake_real_00272.jpg,0,cifake
data/deepfake/image/real\cifake_real_00273.jpg,0,cifake
data/deepfake/image/real\cifake_real_00274.jpg,0,cifake
data/deepfake/image/real\cifake_real_00275.jpg,0,cifake
data/deepfake/image/real\cifake_real_00276.jpg,0,cifake
data/deepfake/image/real\cifake_real_00277.jpg,0,cifake
data/deepfake/image/real\cifake_real_00278.jpg,0,cifake
data/deepfake/image/real\cifake_real_00279.jpg,0,cifake
data/deepfake/image/real\cifake_real_00280.jpg,0,cifake
data/deepfake/image/real\cifake_real_00281.jpg,0,cifake
data/deepfake/image/real\cifake_real_00282.jpg,0,cifake
data/deepfake/image/real\cifake_real_00283.jpg,0,cifake
data/deepfake/image/real\cifake_real_00284.jpg,0,cifake
data/deepfake/image/real\cifake_real_00285.jpg,0,cifake
data/deepfake/image/real\cifake_real_00286.jpg,0,cifake
data/deepfake/image/real\cifake_real_00287.jpg,0,cifake
data/deepfake/image/real\cifake_real_00288.jpg,0,cifake
data/deepfake/image/real\cifake_real_00289.jpg,0,cifake
data/deepfake/image/real\cifake_real_00290.jpg,0,cifake
data/deepfake/image/real\cifake_real_00291.jpg,0,cifake
data/deepfake/image/real\cifake_real_00292.jpg,0,cifake
data/deepfake/image/real\cifake_real_00293.jpg,0,cifake
data/deepfake/image/real\cifake_real_00294.jpg,0,cifake
data/deepfake/image/real\cifake_real_00295.jpg,0,cifake
data/deepfake/image/real\cifake_real_00296.jpg,0,cifake
data/deepfake/image/real\cifake_real_00297.jpg,0,cifake
data/deepfake/image/real\cifake_real_00298.jpg,0,cifake
data/deepfake/image/real\cifake_real_00299.jpg,0,cifake
data/deepfake/image/real\cifake_real_00300.jpg,0,cifake
data/deepfake/image/real\cifake_real_00301.jpg,0,cifake
data/deepfake/image/real\cifake_real_00302.jpg,0,cifake
data/deepfake/image/real\cifake_real_00303.jpg,0,cifake
data/deepfake/image/real\cifake_real_00304.jpg,0,cifake
data/deepfake/image/real\cifake_real_00305.jpg,0,cifake
data/deepfake/image/real\cifake_real_00306.jpg,0,cifake
data/deepfake/image/real\cifake_real_00307.jpg,0,cifake
data/deepfake/image/real\cifake_real_00308.jpg,0,cifake
data/deepfake/image/real\cifake_real_00309.jpg,0,cifake
data/deepfake/image/real\cifake_real_00310.jpg,0,cifake
data/deepfake/image/real\cifake_real_00311.jpg,0,cifake
data/deepfake/image/real\cifake_real_00312.jpg,0,cifake
data/deepfake/image/real\cifake_real_00313.jpg,0,cifake
data/deepfake/image/real\cifake_real_00314.jpg,0,cifake
data/deepfake/image/real\cifake_real_00315.jpg,0,cifake
data/deepfake/image/real\cifake_real_00316.jpg,0,cifake
data/deepfake/image/real\cifake_real_00317.jpg,0,cifake
data/deepfake/image/real\cifake_real_00318.jpg,0,cifake
data/deepfake/image/real\cifake_real_00319.jpg,0,cifake
data/deepfake/image/real\cifake_real_00320.jpg,0,cifake
data/deepfake/image/real\cifake_real_00321.jpg,0,cifake
data/deepfake/image/real\cifake_real_00322.jpg,0,cifake
data/deepfake/image/real\cifake_real_00323.jpg,0,cifake
data/deepfake/image/real\cifake_real_00324.jpg,0,cifake
data/deepfake/image/real\cifake_real_00325.jpg,0,cifake
data/deepfake/image/real\cifake_real_00326.jpg,0,cifake
data/deepfake/image/real\cifake_real_00327.jpg,0,cifake
data/deepfake/image/real\cifake_real_00328.jpg,0,cifake
data/deepfake/image/real\cifake_real_00329.jpg,0,cifake
data/deepfake/image/real\cifake_real_00330.jpg,0,cifake
data/deepfake/image/real\cifake_real_00331.jpg,0,cifake
data/deepfake/image/real\cifake_real_00332.jpg,0,cifake
data/deepfake/image/real\cifake_real_00333.jpg,0,cifake
data/deepfake/image/real\cifake_real_00334.jpg,0,cifake
data/deepfake/image/real\cifake_real_00335.jpg,0,cifake
data/deepfake/image/real\cifake_real_00336.jpg,0,cifake
data/deepfake/image/real\cifake_real_00337.jpg,0,cifake
data/deepfake/image/real\cifake_real_00338.jpg,0,cifake
data/deepfake/image/real\cifake_real_00339.jpg,0,cifake
data/deepfake/image/real\cifake_real_00340.jpg,0,cifake
data/deepfake/image/real\cifake_real_00341.jpg,0,cifake
data/deepfake/image/real\cifake_real_00342.jpg,0,cifake
data/deepfake/image/real\cifake_real_00343.jpg,0,cifake
data/deepfake/image/real\cifake_real_00344.jpg,0,cifake
data/deepfake/image/real\cifake_real_00345.jpg,0,cifake
data/deepfake/image/real\cifake_real_00346.jpg,0,cifake
data/deepfake/image/real\cifake_real_00347.jpg,0,cifake
data/deepfake/image/real\cifake_real_00348.jpg,0,cifake
data/deepfake/image/real\cifake_real_00349.jpg,0,cifake
data/deepfake/image/real\cifake_real_00350.jpg,0,cifake
data/deepfake/image/real\cifake_real_00351.jpg,0,cifake
data/deepfake/image/real\cifake_real_00352.jpg,0,cifake
data/deepfake/image/real\cifake_real_00353.jpg,0,cifake
data/deepfake/image/real\cifake_real_00354.jpg,0,cifake
data/deepfake/image/real\cifake_real_00355.jpg,0,cifake
data/deepfake/image/real\cifake_real_00356.jpg,0,cifake
data/deepfake/image/real\cifake_real_00357.jpg,0,cifake
data/deepfake/image/real\cifake_real_00358.jpg,0,cifake
data/deepfake/image/real\cifake_real_00359.jpg,0,cifake
data/deepfake/image/real\cifake_real_00360.jpg,0,cifake
data/deepfake/image/real\cifake_real_00361.jpg,0,cifake
data/deepfake/image/real\cifake_real_00362.jpg,0,cifake
data/deepfake/image/real\cifake_real_00363.jpg,0,cifake
data/deepfake/image/real\cifake_real_00364.jpg,0,cifake
data/deepfake/image/real\cifake_real_00365.jpg,0,cifake
data/deepfake/image/real\cifake_real_00366.jpg,0,cifake
data/deepfake/image/real\cifake_real_00367.jpg,0,cifake
data/deepfake/image/real\cifake_real_00368.jpg,0,cifake
data/deepfake/image/real\cifake_real_00369.jpg,0,cifake
data/deepfake/image/real\cifake_real_00370.jpg,0,cifake
data/deepfake/image/real\cifake_real_00371.jpg,0,cifake
data/deepfake/image/real\cifake_real_00372.jpg,0,cifake
data/deepfake/image/real\cifake_real_00373.jpg,0,cifake
data/deepfake/image/real\cifake_real_00374.jpg,0,cifake
data/deepfake/image/real\cifake_real_00375.jpg,0,cifake
data/deepfake/image/real\cifake_real_00376.jpg,0,cifake
data/deepfake/image/real\cifake_real_00377.jpg,0,cifake
data/deepfake/image/real\cifake_real_00378.jpg,0,cifake
data/deepfake/image/real\cifake_real_00379.jpg,0,cifake
data/deepfake/image/real\cifake_real_00380.jpg,0,cifake
data/deepfake/image/real\cifake_real_00381.jpg,0,cifake
data/deepfake/image/real\cifake_real_00382.jpg,0,cifake
data/deepfake/image/real\cifake_real_00383.jpg,0,cifake
data/deepfake/image/real\cifake_real_00384.jpg,0,cifake
data/deepfake/image/real\cifake_real_00385.jpg,0,cifake
data/deepfake/image/real\cifake_real_00386.jpg,0,cifake
data/deepfake/image/real\cifake_real_00387.jpg,0,cifake
data/deepfake/image/real\cifake_real_00388.jpg,0,cifake
data/deepfake/image/real\cifake_real_00389.jpg,0,cifake
data/deepfake/image/real\cifake_real_00390.jpg,0,cifake
data/deepfake/image/real\cifake_real_00391.jpg,0,cifake
data/deepfake/image/real\cifake_real_00392.jpg,0,cifake
data/deepfake/image/real\cifake_real_00393.jpg,0,cifake
data/deepfake/image/real\cifake_real_00394.jpg,0,cifake
data/deepfake/image/real\cifake_real_00395.jpg,0,cifake
data/deepfake/image/real\cifake_real_00396.jpg,0,cifake
data/deepfake/image/real\cifake_real_00397.jpg,0,cifake
data/deepfake/image/real\cifake_real_00398.jpg,0,cifake
data/deepfake/image/real\cifake_real_00399.jpg,0,cifake
data/deepfake/image/real\cifake_real_00400.jpg,0,cifake
data/deepfake/image/real\cifake_real_00401.jpg,0,cifake
data/deepfake/image/real\cifake_real_00402.jpg,0,cifake
data/deepfake/image/real\cifake_real_00403.jpg,0,cifake
data/deepfake/image/real\cifake_real_00404.jpg,0,cifake
data/deepfake/image/real\cifake_real_00405.jpg,0,cifake
data/deepfake/image/real\cifake_real_00406.jpg,0,cifake
data/deepfake/image/real\cifake_real_00407.jpg,0,cifake
data/deepfake/image/real\cifake_real_00408.jpg,0,cifake
data/deepfake/image/real\cifake_real_00409.jpg,0,cifake
data/deepfake/image/real\cifake_real_00410.jpg,0,cifake
data/deepfake/image/real\cifake_real_00411.jpg,0,cifake
data/deepfake/image/real\cifake_real_00412.jpg,0,cifake
data/deepfake/image/real\cifake_real_00413.jpg,0,cifake
data/deepfake/image/real\cifake_real_00414.jpg,0,cifake
data/deepfake/image/real\cifake_real_00415.jpg,0,cifake
data/deepfake/image/real\cifake_real_00416.jpg,0,cifake
data/deepfake/image/real\cifake_real_00417.jpg,0,cifake
data/deepfake/image/real\cifake_real_00418.jpg,0,cifake
data/deepfake/image/real\cifake_real_00419.jpg,0,cifake
data/deepfake/image/real\cifake_real_00420.jpg,0,cifake
data/deepfake/image/real\cifake_real_00421.jpg,0,cifake
data/deepfake/image/real\cifake_real_00422.jpg,0,cifake
data/deepfake/image/real\cifake_real_00423.jpg,0,cifake
data/deepfake/image/real\cifake_real_00424.jpg,0,cifake
data/deepfake/image/real\cifake_real_00425.jpg,0,cifake
data/deepfake/image/real\cifake_real_00426.jpg,0,cifake
data/deepfake/image/real\cifake_real_00427.jpg,0,cifake
data/deepfake/image/real\cifake_real_00428.jpg,0,cifake
data/deepfake/image/real\cifake_real_00429.jpg,0,cifake
data/deepfake/image/real\cifake_real_00430.jpg,0,cifake
data/deepfake/image/real\cifake_real_00431.jpg,0,cifake
data/deepfake/image/real\cifake_real_00432.jpg,0,cifake
data/deepfake/image/real\cifake_real_00433.jpg,0,cifake
data/deepfake/image/real\cifake_real_00434.jpg,0,cifake
data/deepfake/image/real\cifake_real_00435.jpg,0,cifake
data/deepfake/image/real\cifake_real_00436.jpg,0,cifake
data/deepfake/image/real\cifake_real_00437.jpg,0,cifake
data/deepfake/image/real\cifake_real_00438.jpg,0,cifake
data/deepfake/image/real\cifake_real_00439.jpg,0,cifake
data/deepfake/image/real\cifake_real_00440.jpg,0,cifake
data/deepfake/image/real\cifake_real_00441.jpg,0,cifake
data/deepfake/image/real\cifake_real_00442.jpg,0,cifake
data/deepfake/image/real\cifake_real_00443.jpg,0,cifake
data/deepfake/image/real\cifake_real_00444.jpg,0,cifake
data/deepfake/image/real\cifake_real_00445.jpg,0,cifake
data/deepfake/image/real\cifake_real_00446.jpg,0,cifake
data/deepfake/image/real\cifake_real_00447.jpg,0,cifake
data/deepfake/image/real\cifake_real_00448.jpg,0,cifake
data/deepfake/image/real\cifake_real_00449.jpg,0,cifake
data/deepfake/image/real\cifake_real_00450.jpg,0,cifake
data/deepfake/image/real\cifake_real_00451.jpg,0,cifake
data/deepfake/image/real\cifake_real_00452.jpg,0,cifake
data/deepfake/image/real\cifake_real_00453.jpg,0,cifake
data/deepfake/image/real\cifake_real_00454.jpg,0,cifake
data/deepfake/image/real\cifake_real_00455.jpg,0,cifake
data/deepfake/image/real\cifake_real_00456.jpg,0,cifake
data/deepfake/image/real\cifake_real_00457.jpg,0,cifake
data/deepfake/image/real\cifake_real_00458.jpg,0,cifake
data/deepfake/image/real\cifake_real_00459.jpg,0,cifake
data/deepfake/image/real\cifake_real_00460.jpg,0,cifake
data/deepfake/image/real\cifake_real_00461.jpg,0,cifake
data/deepfake/image/real\cifake_real_00462.jpg,0,cifake
data/deepfake/image/real\cifake_real_00463.jpg,0,cifake
data/deepfake/image/real\cifake_real_00464.jpg,0,cifake
data/deepfake/image/real\cifake_real_00465.jpg,0,cifake
data/deepfake/image/real\cifake_real_00466.jpg,0,cifake
data/deepfake/image/real\cifake_real_00467.jpg,0,cifake
data/deepfake/image/real\cifake_real_00468.jpg,0,cifake
data/deepfake/image/real\cifake_real_00469.jpg,0,cifake
data/deepfake/image/real\cifake_real_00470.jpg,0,cifake
data/deepfake/image/real\cifake_real_00471.jpg,0,cifake
data/deepfake/image/real\cifake_real_00472.jpg,0,cifake
data/deepfake/image/real\cifake_real_00473.jpg,0,cifake
data/deepfake/image/real\cifake_real_00474.jpg,0,cifake
data/deepfake/image/real\cifake_real_00475.jpg,0,cifake
data/deepfake/image/real\cifake_real_00476.jpg,0,cifake
data/deepfake/image/real\cifake_real_00477.jpg,0,cifake
data/deepfake/image/real\cifake_real_00478.jpg,0,cifake
data/deepfake/image/real\cifake_real_00479.jpg,0,cifake
data/deepfake/image/real\cifake_real_00480.jpg,0,cifake
data/deepfake/image/real\cifake_real_00481.jpg,0,cifake
data/deepfake/image/real\cifake_real_00482.jpg,0,cifake
data/deepfake/image/real\cifake_real_00483.jpg,0,cifake
data/deepfake/image/real\cifake_real_00484.jpg,0,cifake
data/deepfake/image/real\cifake_real_00485.jpg,0,cifake
data/deepfake/image/real\cifake_real_00486.jpg,0,cifake
data/deepfake/image/real\cifake_real_00487.jpg,0,cifake
data/deepfake/image/real\cifake_real_00488.jpg,0,cifake
data/deepfake/image/real\cifake_real_00489.jpg,0,cifake
data/deepfake/image/real\cifake_real_00490.jpg,0,cifake
data/deepfake/image/real\cifake_real_00491.jpg,0,cifake
data/deepfake/image/real\cifake_real_00492.jpg,0,cifake
data/deepfake/image/real\cifake_real_00493.jpg,0,cifake
data/deepfake/image/real\cifake_real_00494.jpg,0,cifake
data/deepfake/image/real\cifake_real_00495.jpg,0,cifake
data/deepfake/image/real\cifake_real_00496.jpg,0,cifake
data/deepfake/image/real\cifake_real_00497.jpg,0,cifake
data/deepfake/image/real\cifake_real_00498.jpg,0,cifake
data/deepfake/image/real\cifake_real_00499.jpg,0,cifake
data/deepfake/image/real\cifake_real_00500.jpg,0,cifake
data/deepfake/image/real\cifake_real_00501.jpg,0,cifake
data/deepfake/image/real\cifake_real_00502.jpg,0,cifake
data/deepfake/image/real\cifake_real_00503.jpg,0,cifake
data/deepfake/image/real\cifake_real_00504.jpg,0,cifake
data/deepfake/image/real\cifake_real_00505.jpg,0,cifake
data/deepfake/image/real\cifake_real_00506.jpg,0,cifake
data/deepfake/image/real\cifake_real_00507.jpg,0,cifake
data/deepfake/image/real\cifake_real_00508.jpg,0,cifake
data/deepfake/image/real\cifake_real_00509.jpg,0,cifake
data/deepfake/image/real\cifake_real_00510.jpg,0,cifake
data/deepfake/image/real\cifake_real_00511.jpg,0,cifake
data/deepfake/image/real\cifake_real_00512.jpg,0,cifake
data/deepfake/image/real\cifake_real_00513.jpg,0,cifake
data/deepfake/image/real\cifake_real_00514.jpg,0,cifake
data/deepfake/image/real\cifake_real_00515.jpg,0,cifake
data/deepfake/image/real\cifake_real_00516.jpg,0,cifake
data/deepfake/image/real\cifake_real_00517.jpg,0,cifake
data/deepfake/image/real\cifake_real_00518.jpg,0,cifake
data/deepfake/image/real\cifake_real_00519.jpg,0,cifake
data/deepfake/image/real\cifake_real_00520.jpg,0,cifake
data/deepfake/image/real\cifake_real_00521.jpg,0,cifake
data/deepfake/image/real\cifake_real_00522.jpg,0,cifake
data/deepfake/image/real\cifake_real_00523.jpg,0,cifake
data/deepfake/image/real\cifake_real_00524.jpg,0,cifake
data/deepfake/image/real\cifake_real_00525.jpg,0,cifake
data/deepfake/image/real\cifake_real_00526.jpg,0,cifake
data/deepfake/image/real\cifake_real_00527.jpg,0,cifake
data/deepfake/image/real\cifake_real_00528.jpg,0,cifake
data/deepfake/image/real\cifake_real_00529.jpg,0,cifake
data/deepfake/image/real\cifake_real_00530.jpg,0,cifake
data/deepfake/image/real\cifake_real_00531.jpg,0,cifake
data/deepfake/image/real\cifake_real_00532.jpg,0,cifake
data/deepfake/image/real\cifake_real_00533.jpg,0,cifake
data/deepfake/image/real\cifake_real_00534.jpg,0,cifake
data/deepfake/image/real\cifake_real_00535.jpg,0,cifake
data/deepfake/image/real\cifake_real_00536.jpg,0,cifake
data/deepfake/image/real\cifake_real_00537.jpg,0,cifake
data/deepfake/image/real\cifake_real_00538.jpg,0,cifake
data/deepfake/image/real\cifake_real_00539.jpg,0,cifake
data/deepfake/image/real\cifake_real_00540.jpg,0,cifake
data/deepfake/image/real\cifake_real_00541.jpg,0,cifake
data/deepfake/image/real\cifake_real_00542.jpg,0,cifake
data/deepfake/image/real\cifake_real_00543.jpg,0,cifake
data/deepfake/image/real\cifake_real_00544.jpg,0,cifake
data/deepfake/image/real\cifake_real_00545.jpg,0,cifake
data/deepfake/image/real\cifake_real_00546.jpg,0,cifake
data/deepfake/image/real\cifake_real_00547.jpg,0,cifake
data/deepfake/image/real\cifake_real_00548.jpg,0,cifake
data/deepfake/image/real\cifake_real_00549.jpg,0,cifake
data/deepfake/image/real\cifake_real_00550.jpg,0,cifake
data/deepfake/image/real\cifake_real_00551.jpg,0,cifake
data/deepfake/image/real\cifake_real_00552.jpg,0,cifake
data/deepfake/image/real\cifake_real_00553.jpg,0,cifake
data/deepfake/image/real\cifake_real_00554.jpg,0,cifake
data/deepfake/image/real\cifake_real_00555.jpg,0,cifake
data/deepfake/image/real\cifake_real_00556.jpg,0,cifake
data/deepfake/image/real\cifake_real_00557.jpg,0,cifake
data/deepfake/image/real\cifake_real_00558.jpg,0,cifake
data/deepfake/image/real\cifake_real_00559.jpg,0,cifake
data/deepfake/image/real\cifake_real_00560.jpg,0,cifake
data/deepfake/image/real\cifake_real_00561.jpg,0,cifake
data/deepfake/image/real\cifake_real_00562.jpg,0,cifake
data/deepfake/image/real\cifake_real_00563.jpg,0,cifake
data/deepfake/image/real\cifake_real_00564.jpg,0,cifake
data/deepfake/image/real\cifake_real_00565.jpg,0,cifake
data/deepfake/image/real\cifake_real_00566.jpg,0,cifake
data/deepfake/image/real\cifake_real_00567.jpg,0,cifake
data/deepfake/image/real\cifake_real_00568.jpg,0,cifake
data/deepfake/image/real\cifake_real_00569.jpg,0,cifake
data/deepfake/image/real\cifake_real_00570.jpg,0,cifake
data/deepfake/image/real\cifake_real_00571.jpg,0,cifake
data/deepfake/image/real\cifake_real_00572.jpg,0,cifake
data/deepfake/image/real\cifake_real_00573.jpg,0,cifake
data/deepfake/image/real\cifake_real_00574.jpg,0,cifake
data/deepfake/image/real\cifake_real_00575.jpg,0,cifake
data/deepfake/image/real\cifake_real_00576.jpg,0,cifake
data/deepfake/image/real\cifake_real_00577.jpg,0,cifake
data/deepfake/image/real\cifake_real_00578.jpg,0,cifake
data/deepfake/image/real\cifake_real_00579.jpg,0,cifake
data/deepfake/image/real\cifake_real_00580.jpg,0,cifake
data/deepfake/image/real\cifake_real_00581.jpg,0,cifake
data/deepfake/image/real\cifake_real_00582.jpg,0,cifake
data/deepfake/image/real\cifake_real_00583.jpg,0,cifake
data/deepfake/image/real\cifake_real_00584.jpg,0,cifake
data/deepfake/image/real\cifake_real_00585.jpg,0,cifake
data/deepfake/image/real\cifake_real_00586.jpg,0,cifake
data/deepfake/image/real\cifake_real_00587.jpg,0,cifake
data/deepfake/image/real\cifake_real_00588.jpg,0,cifake
data/deepfake/image/real\cifake_real_00589.jpg,0,cifake
data/deepfake/image/real\cifake_real_00590.jpg,0,cifake
data/deepfake/image/real\cifake_real_00591.jpg,0,cifake
data/deepfake/image/real\cifake_real_00592.jpg,0,cifake
data/deepfake/image/real\cifake_real_00593.jpg,0,cifake
data/deepfake/image/real\cifake_real_00594.jpg,0,cifake
data/deepfake/image/real\cifake_real_00595.jpg,0,cifake
data/deepfake/image/real\cifake_real_00596.jpg,0,cifake
data/deepfake/image/real\cifake_real_00597.jpg,0,cifake
data/deepfake/image/real\cifake_real_00598.jpg,0,cifake
data/deepfake/image/real\cifake_real_00599.jpg,0,cifake
data/deepfake/image/real\cifake_real_00600.jpg,0,cifake
data/deepfake/image/real\cifake_real_00601.jpg,0,cifake
data/deepfake/image/real\cifake_real_00602.jpg,0,cifake
data/deepfake/image/real\cifake_real_00603.jpg,0,cifake
data/deepfake/image/real\cifake_real_00604.jpg,0,cifake
data/deepfake/image/real\cifake_real_00605.jpg,0,cifake
data/deepfake/image/real\cifake_real_00606.jpg,0,cifake
data/deepfake/image/real\cifake_real_00607.jpg,0,cifake
data/deepfake/image/real\cifake_real_00608.jpg,0,cifake
data/deepfake/image/real\cifake_real_00609.jpg,0,cifake
data/deepfake/image/real\cifake_real_00610.jpg,0,cifake
data/deepfake/image/real\cifake_real_00611.jpg,0,cifake
data/deepfake/image/real\cifake_real_00612.jpg,0,cifake
data/deepfake/image/real\cifake_real_00613.jpg,0,cifake
data/deepfake/image/real\cifake_real_00614.jpg,0,cifake
data/deepfake/image/real\cifake_real_00615.jpg,0,cifake
data/deepfake/image/real\cifake_real_00616.jpg,0,cifake
data/deepfake/image/real\cifake_real_00617.jpg,0,cifake
data/deepfake/image/real\cifake_real_00618.jpg,0,cifake
data/deepfake/image/real\cifake_real_00619.jpg,0,cifake
data/deepfake/image/real\cifake_real_00620.jpg,0,cifake
data/deepfake/image/real\cifake_real_00621.jpg,0,cifake
data/deepfake/image/real\cifake_real_00622.jpg,0,cifake
data/deepfake/image/real\cifake_real_00623.jpg,0,cifake
data/deepfake/image/real\cifake_real_00624.jpg,0,cifake
data/deepfake/image/real\cifake_real_00625.jpg,0,cifake
data/deepfake/image/real\cifake_real_00626.jpg,0,cifake
data/deepfake/image/real\cifake_real_00627.jpg,0,cifake
data/deepfake/image/real\cifake_real_00628.jpg,0,cifake
data/deepfake/image/real\cifake_real_00629.jpg,0,cifake
data/deepfake/image/real\cifake_real_00630.jpg,0,cifake
data/deepfake/image/real\cifake_real_00631.jpg,0,cifake
data/deepfake/image/real\cifake_real_00632.jpg,0,cifake
data/deepfake/image/real\cifake_real_00633.jpg,0,cifake
data/deepfake/image/real\cifake_real_00634.jpg,0,cifake
data/deepfake/image/real\cifake_real_00635.jpg,0,cifake
data/deepfake/image/real\cifake_real_00636.jpg,0,cifake
data/deepfake/image/real\cifake_real_00637.jpg,0,cifake
data/deepfake/image/real\cifake_real_00638.jpg,0,cifake
data/deepfake/image/real\cifake_real_00639.jpg,0,cifake
data/deepfake/image/real\cifake_real_00640.jpg,0,cifake
data/deepfake/image/real\cifake_real_00641.jpg,0,cifake
data/deepfake/image/real\cifake_real_00642.jpg,0,cifake
data/deepfake/image/real\cifake_real_00643.jpg,0,cifake
data/deepfake/image/real\cifake_real_00644.jpg,0,cifake
data/deepfake/image/real\cifake_real_00645.jpg,0,cifake
data/deepfake/image/real\cifake_real_00646.jpg,0,cifake
data/deepfake/image/real\cifake_real_00647.jpg,0,cifake
data/deepfake/image/real\cifake_real_00648.jpg,0,cifake
data/deepfake/image/real\cifake_real_00649.jpg,0,cifake
data/deepfake/image/real\cifake_real_00650.jpg,0,cifake
data/deepfake/image/real\cifake_real_00651.jpg,0,cifake
data/deepfake/image/real\cifake_real_00652.jpg,0,cifake
data/deepfake/image/real\cifake_real_00653.jpg,0,cifake
data/deepfake/image/real\cifake_real_00654.jpg,0,cifake
data/deepfake/image/real\cifake_real_00655.jpg,0,cifake
data/deepfake/image/real\cifake_real_00656.jpg,0,cifake
data/deepfake/image/real\cifake_real_00657.jpg,0,cifake
data/deepfake/image/real\cifake_real_00658.jpg,0,cifake
data/deepfake/image/real\cifake_real_00659.jpg,0,cifake
data/deepfake/image/real\cifake_real_00660.jpg,0,cifake
data/deepfake/image/real\cifake_real_00661.jpg,0,cifake
data/deepfake/image/real\cifake_real_00662.jpg,0,cifake
data/deepfake/image/real\cifake_real_00663.jpg,0,cifake
data/deepfake/image/real\cifake_real_00664.jpg,0,cifake
data/deepfake/image/real\cifake_real_00665.jpg,0,cifake
data/deepfake/image/real\cifake_real_00666.jpg,0,cifake
data/deepfake/image/real\cifake_real_00667.jpg,0,cifake
data/deepfake/image/real\cifake_real_00668.jpg,0,cifake
data/deepfake/image/real\cifake_real_00669.jpg,0,cifake
data/deepfake/image/real\cifake_real_00670.jpg,0,cifake
data/deepfake/image/real\cifake_real_00671.jpg,0,cifake
data/deepfake/image/real\cifake_real_00672.jpg,0,cifake
data/deepfake/image/real\cifake_real_00673.jpg,0,cifake
data/deepfake/image/real\cifake_real_00674.jpg,0,cifake
data/deepfake/image/real\cifake_real_00675.jpg,0,cifake
data/deepfake/image/real\cifake_real_00676.jpg,0,cifake
data/deepfake/image/real\cifake_real_00677.jpg,0,cifake
data/deepfake/image/real\cifake_real_00678.jpg,0,cifake
data/deepfake/image/real\cifake_real_00679.jpg,0,cifake
data/deepfake/image/real\cifake_real_00680.jpg,0,cifake
data/deepfake/image/real\cifake_real_00681.jpg,0,cifake
data/deepfake/image/real\cifake_real_00682.jpg,0,cifake
data/deepfake/image/real\cifake_real_00683.jpg,0,cifake
data/deepfake/image/real\cifake_real_00684.jpg,0,cifake
data/deepfake/image/real\cifake_real_00685.jpg,0,cifake
data/deepfake/image/real\cifake_real_00686.jpg,0,cifake
data/deepfake/image/real\cifake_real_00687.jpg,0,cifake
data/deepfake/image/real\cifake_real_00688.jpg,0,cifake
data/deepfake/image/real\cifake_real_00689.jpg,0,cifake
data/deepfake/image/real\cifake_real_00690.jpg,0,cifake
data/deepfake/image/real\cifake_real_00691.jpg,0,cifake
data/deepfake/image/real\cifake_real_00692.jpg,0,cifake
data/deepfake/image/real\cifake_real_00693.jpg,0,cifake
data/deepfake/image/real\cifake_real_00694.jpg,0,cifake
data/deepfake/image/real\cifake_real_00695.jpg,0,cifake
data/deepfake/image/real\cifake_real_00696.jpg,0,cifake
data/deepfake/image/real\cifake_real_00697.jpg,0,cifake
data/deepfake/image/real\cifake_real_00698.jpg,0,cifake
data/deepfake/image/real\cifake_real_00699.jpg,0,cifake
data/deepfake/image/real\cifake_real_00700.jpg,0,cifake
data/deepfake/image/real\cifake_real_00701.jpg,0,cifake
data/deepfake/image/real\cifake_real_00702.jpg,0,cifake
data/deepfake/image/real\cifake_real_00703.jpg,0,cifake
data/deepfake/image/real\cifake_real_00704.jpg,0,cifake
data/deepfake/image/real\cifake_real_00705.jpg,0,cifake
data/deepfake/image/real\cifake_real_00706.jpg,0,cifake
data/deepfake/image/real\cifake_real_00707.jpg,0,cifake
data/deepfake/image/real\cifake_real_00708.jpg,0,cifake
data/deepfake/image/real\cifake_real_00709.jpg,0,cifake
data/deepfake/image/real\cifake_real_00710.jpg,0,cifake
data/deepfake/image/real\cifake_real_00711.jpg,0,cifake
data/deepfake/image/real\cifake_real_00712.jpg,0,cifake
data/deepfake/image/real\cifake_real_00713.jpg,0,cifake
data/deepfake/image/real\cifake_real_00714.jpg,0,cifake
data/deepfake/image/real\cifake_real_00715.jpg,0,cifake
data/deepfake/image/real\cifake_real_00716.jpg,0,cifake
data/deepfake/image/real\cifake_real_00717.jpg,0,cifake
data/deepfake/image/real\cifake_real_00718.jpg,0,cifake
data/deepfake/image/real\cifake_real_00719.jpg,0,cifake
data/deepfake/image/real\cifake_real_00720.jpg,0,cifake
data/deepfake/image/real\cifake_real_00721.jpg,0,cifake
data/deepfake/image/real\cifake_real_00722.jpg,0,cifake
data/deepfake/image/real\cifake_real_00723.jpg,0,cifake
data/deepfake/image/real\cifake_real_00724.jpg,0,cifake
data/deepfake/image/real\cifake_real_00725.jpg,0,cifake
data/deepfake/image/real\cifake_real_00726.jpg,0,cifake
data/deepfake/image/real\cifake_real_00727.jpg,0,cifake
data/deepfake/image/real\cifake_real_00728.jpg,0,cifake
data/deepfake/image/real\cifake_real_00729.jpg,0,cifake
data/deepfake/image/real\cifake_real_00730.jpg,0,cifake
data/deepfake/image/real\cifake_real_00731.jpg,0,cifake
data/deepfake/image/real\cifake_real_00732.jpg,0,cifake
data/deepfake/image/real\cifake_real_00733.jpg,0,cifake
data/deepfake/image/real\cifake_real_00734.jpg,0,cifake
data/deepfake/image/real\cifake_real_00735.jpg,0,cifake
data/deepfake/image/real\cifake_real_00736.jpg,0,cifake
data/deepfake/image/real\cifake_real_00737.jpg,0,cifake
data/deepfake/image/real\cifake_real_00738.jpg,0,cifake
data/deepfake/image/real\cifake_real_00739.jpg,0,cifake
data/deepfake/image/real\cifake_real_00740.jpg,0,cifake
data/deepfake/image/real\cifake_real_00741.jpg,0,cifake
data/deepfake/image/real\cifake_real_00742.jpg,0,cifake
data/deepfake/image/real\cifake_real_00743.jpg,0,cifake
data/deepfake/image/real\cifake_real_00744.jpg,0,cifake
data/deepfake/image/real\cifake_real_00745.jpg,0,cifake
data/deepfake/image/real\cifake_real_00746.jpg,0,cifake
data/deepfake/image/real\cifake_real_00747.jpg,0,cifake
data/deepfake/image/real\cifake_real_00748.jpg,0,cifake
data/deepfake/image/real\cifake_real_00749.jpg,0,cifake
data/deepfake/image/real\cifake_real_00750.jpg,0,cifake
data/deepfake/image/real\cifake_real_00751.jpg,0,cifake
data/deepfake/image/real\cifake_real_00752.jpg,0,cifake
data/deepfake/image/real\cifake_real_00753.jpg,0,cifake
data/deepfake/image/real\cifake_real_00754.jpg,0,cifake
data/deepfake/image/real\cifake_real_00755.jpg,0,cifake
data/deepfake/image/real\cifake_real_00756.jpg,0,cifake
data/deepfake/image/real\cifake_real_00757.jpg,0,cifake
data/deepfake/image/real\cifake_real_00758.jpg,0,cifake
data/deepfake/image/real\cifake_real_00759.jpg,0,cifake
data/deepfake/image/real\cifake_real_00760.jpg,0,cifake
data/deepfake/image/real\cifake_real_00761.jpg,0,cifake
data/deepfake/image/real\cifake_real_00762.jpg,0,cifake
data/deepfake/image/real\cifake_real_00763.jpg,0,cifake
data/deepfake/image/real\cifake_real_00764.jpg,0,cifake
data/deepfake/image/real\cifake_real_00765.jpg,0,cifake
data/deepfake/image/real\cifake_real_00766.jpg,0,cifake
data/deepfake/image/real\cifake_real_00767.jpg,0,cifake
data/deepfake/image/real\cifake_real_00768.jpg,0,cifake
data/deepfake/image/real\cifake_real_00769.jpg,0,cifake
data/deepfake/image/real\cifake_real_00770.jpg,0,cifake
data/deepfake/image/real\cifake_real_00771.jpg,0,cifake
data/deepfake/image/real\cifake_real_00772.jpg,0,cifake
data/deepfake/image/real\cifake_real_00773.jpg,0,cifake
data/deepfake/image/real\cifake_real_00774.jpg,0,cifake
data/deepfake/image/real\cifake_real_00775.jpg,0,cifake
data/deepfake/image/real\cifake_real_00776.jpg,0,cifake
data/deepfake/image/real\cifake_real_00777.jpg,0,cifake
data/deepfake/image/real\cifake_real_00778.jpg,0,cifake
data/deepfake/image/real\cifake_real_00779.jpg,0,cifake
data/deepfake/image/real\cifake_real_00780.jpg,0,cifake
data/deepfake/image/real\cifake_real_00781.jpg,0,cifake
data/deepfake/image/real\cifake_real_00782.jpg,0,cifake
data/deepfake/image/real\cifake_real_00783.jpg,0,cifake
data/deepfake/image/real\cifake_real_00784.jpg,0,cifake
data/deepfake/image/real\cifake_real_00785.jpg,0,cifake
data/deepfake/image/real\cifake_real_00786.jpg,0,cifake
data/deepfake/image/real\cifake_real_00787.jpg,0,cifake
data/deepfake/image/real\cifake_real_00788.jpg,0,cifake
data/deepfake/image/real\cifake_real_00789.jpg,0,cifake
data/deepfake/image/real\cifake_real_00790.jpg,0,cifake
data/deepfake/image/real\cifake_real_00791.jpg,0,cifake
data/deepfake/image/real\cifake_real_00792.jpg,0,cifake
data/deepfake/image/real\cifake_real_00793.jpg,0,cifake
data/deepfake/image/real\cifake_real_00794.jpg,0,cifake
data/deepfake/image/real\cifake_real_00795.jpg,0,cifake
data/deepfake/image/real\cifake_real_00796.jpg,0,cifake
data/deepfake/image/real\cifake_real_00797.jpg,0,cifake
data/deepfake/image/real\cifake_real_00798.jpg,0,cifake
data/deepfake/image/real\cifake_real_00799.jpg,0,cifake
data/deepfake/image/real\cifake_real_00800.jpg,0,cifake
data/deepfake/image/real\cifake_real_00801.jpg,0,cifake
data/deepfake/image/real\cifake_real_00802.jpg,0,cifake
data/deepfake/image/real\cifake_real_00803.jpg,0,cifake
data/deepfake/image/real\cifake_real_00804.jpg,0,cifake
data/deepfake/image/real\cifake_real_00805.jpg,0,cifake
data/deepfake/image/real\cifake_real_00806.jpg,0,cifake
data/deepfake/image/real\cifake_real_00807.jpg,0,cifake
data/deepfake/image/real\cifake_real_00808.jpg,0,cifake
data/deepfake/image/real\cifake_real_00809.jpg,0,cifake
data/deepfake/image/real\cifake_real_00810.jpg,0,cifake
data/deepfake/image/real\cifake_real_00811.jpg,0,cifake
data/deepfake/image/real\cifake_real_00812.jpg,0,cifake
data/deepfake/image/real\cifake_real_00813.jpg,0,cifake
data/deepfake/image/real\cifake_real_00814.jpg,0,cifake
data/deepfake/image/real\cifake_real_00815.jpg,0,cifake
data/deepfake/image/real\cifake_real_00816.jpg,0,cifake
data/deepfake/image/real\cifake_real_00817.jpg,0,cifake
data/deepfake/image/real\cifake_real_00818.jpg,0,cifake
data/deepfake/image/real\cifake_real_00819.jpg,0,cifake
data/deepfake/image/real\cifake_real_00820.jpg,0,cifake
data/deepfake/image/real\cifake_real_00821.jpg,0,cifake
data/deepfake/image/real\cifake_real_00822.jpg,0,cifake
data/deepfake/image/real\cifake_real_00823.jpg,0,cifake
data/deepfake/image/real\cifake_real_00824.jpg,0,cifake
data/deepfake/image/real\cifake_real_00825.jpg,0,cifake
data/deepfake/image/real\cifake_real_00826.jpg,0,cifake
data/deepfake/image/real\cifake_real_00827.jpg,0,cifake
data/deepfake/image/real\cifake_real_00828.jpg,0,cifake
data/deepfake/image/real\cifake_real_00829.jpg,0,cifake
data/deepfake/image/real\cifake_real_00830.jpg,0,cifake
data/deepfake/image/real\cifake_real_00831.jpg,0,cifake
data/deepfake/image/real\cifake_real_00832.jpg,0,cifake
data/deepfake/image/real\cifake_real_00833.jpg,0,cifake
data/deepfake/image/real\cifake_real_00834.jpg,0,cifake
data/deepfake/image/real\cifake_real_00835.jpg,0,cifake
data/deepfake/image/real\cifake_real_00836.jpg,0,cifake
data/deepfake/image/real\cifake_real_00837.jpg,0,cifake
data/deepfake/image/real\cifake_real_00838.jpg,0,cifake
data/deepfake/image/real\cifake_real_00839.jpg,0,cifake
data/deepfake/image/real\cifake_real_00840.jpg,0,cifake
data/deepfake/image/real\cifake_real_00841.jpg,0,cifake
data/deepfake/image/real\cifake_real_00842.jpg,0,cifake
data/deepfake/image/real\cifake_real_00843.jpg,0,cifake
data/deepfake/image/real\cifake_real_00844.jpg,0,cifake
data/deepfake/image/real\cifake_real_00845.jpg,0,cifake
data/deepfake/image/real\cifake_real_00846.jpg,0,cifake
data/deepfake/image/real\cifake_real_00847.jpg,0,cifake
data/deepfake/image/real\cifake_real_00848.jpg,0,cifake
data/deepfake/image/real\cifake_real_00849.jpg,0,cifake
data/deepfake/image/real\cifake_real_00850.jpg,0,cifake
data/deepfake/image/real\cifake_real_00851.jpg,0,cifake
data/deepfake/image/real\cifake_real_00852.jpg,0,cifake
data/deepfake/image/real\cifake_real_00853.jpg,0,cifake
data/deepfake/image/real\cifake_real_00854.jpg,0,cifake
data/deepfake/image/real\cifake_real_00855.jpg,0,cifake
data/deepfake/image/real\cifake_real_00856.jpg,0,cifake
data/deepfake/image/real\cifake_real_00857.jpg,0,cifake
data/deepfake/image/real\cifake_real_00858.jpg,0,cifake
data/deepfake/image/real\cifake_real_00859.jpg,0,cifake
data/deepfake/image/real\cifake_real_00860.jpg,0,cifake
data/deepfake/image/real\cifake_real_00861.jpg,0,cifake
data/deepfake/image/real\cifake_real_00862.jpg,0,cifake
data/deepfake/image/real\cifake_real_00863.jpg,0,cifake
data/deepfake/image/real\cifake_real_00864.jpg,0,cifake
data/deepfake/image/real\cifake_real_00865.jpg,0,cifake
data/deepfake/image/real\cifake_real_00866.jpg,0,cifake
data/deepfake/image/real\cifake_real_00867.jpg,0,cifake
data/deepfake/image/real\cifake_real_00868.jpg,0,cifake
data/deepfake/image/real\cifake_real_00869.jpg,0,cifake
data/deepfake/image/real\cifake_real_00870.jpg,0,cifake
data/deepfake/image/real\cifake_real_00871.jpg,0,cifake
data/deepfake/image/real\cifake_real_00872.jpg,0,cifake
data/deepfake/image/real\cifake_real_00873.jpg,0,cifake
data/deepfake/image/real\cifake_real_00874.jpg,0,cifake
data/deepfake/image/real\cifake_real_00875.jpg,0,cifake
data/deepfake/image/real\cifake_real_00876.jpg,0,cifake
data/deepfake/image/real\cifake_real_00877.jpg,0,cifake
data/deepfake/image/real\cifake_real_00878.jpg,0,cifake
data/deepfake/image/real\cifake_real_00879.jpg,0,cifake
data/deepfake/image/real\cifake_real_00880.jpg,0,cifake
data/deepfake/image/real\cifake_real_00881.jpg,0,cifake
data/deepfake/image/real\cifake_real_00882.jpg,0,cifake
data/deepfake/image/real\cifake_real_00883.jpg,0,cifake
data/deepfake/image/real\cifake_real_00884.jpg,0,cifake
data/deepfake/image/real\cifake_real_00885.jpg,0,cifake
data/deepfake/image/real\cifake_real_00886.jpg,0,cifake
data/deepfake/image/real\cifake_real_00887.jpg,0,cifake
data/deepfake/image/real\cifake_real_00888.jpg,0,cifake
data/deepfake/image/real\cifake_real_00889.jpg,0,cifake
data/deepfake/image/real\cifake_real_00890.jpg,0,cifake
data/deepfake/image/real\cifake_real_00891.jpg,0,cifake
data/deepfake/image/real\cifake_real_00892.jpg,0,cifake
data/deepfake/image/real\cifake_real_00893.jpg,0,cifake
data/deepfake/image/real\cifake_real_00894.jpg,0,cifake
data/deepfake/image/real\cifake_real_00895.jpg,0,cifake
data/deepfake/image/real\cifake_real_00896.jpg,0,cifake
data/deepfake/image/real\cifake_real_00897.jpg,0,cifake
data/deepfake/image/real\cifake_real_00898.jpg,0,cifake
data/deepfake/image/real\cifake_real_00899.jpg,0,cifake
data/deepfake/image/real\cifake_real_00900.jpg,0,cifake
data/deepfake/image/real\cifake_real_00901.jpg,0,cifake
data/deepfake/image/real\cifake_real_00902.jpg,0,cifake
data/deepfake/image/real\cifake_real_00903.jpg,0,cifake
data/deepfake/image/real\cifake_real_00904.jpg,0,cifake
data/deepfake/image/real\cifake_real_00905.jpg,0,cifake
data/deepfake/image/real\cifake_real_00906.jpg,0,cifake
data/deepfake/image/real\cifake_real_00907.jpg,0,cifake
data/deepfake/image/real\cifake_real_00908.jpg,0,cifake
data/deepfake/image/real\cifake_real_00909.jpg,0,cifake
data/deepfake/image/real\cifake_real_00910.jpg,0,cifake
data/deepfake/image/real\cifake_real_00911.jpg,0,cifake
data/deepfake/image/real\cifake_real_00912.jpg,0,cifake
data/deepfake/image/real\cifake_real_00913.jpg,0,cifake
data/deepfake/image/real\cifake_real_00914.jpg,0,cifake
data/deepfake/image/real\cifake_real_00915.jpg,0,cifake
data/deepfake/image/real\cifake_real_00916.jpg,0,cifake
data/deepfake/image/real\cifake_real_00917.jpg,0,cifake
data/deepfake/image/real\cifake_real_00918.jpg,0,cifake
data/deepfake/image/real\cifake_real_00919.jpg,0,cifake
data/deepfake/image/real\cifake_real_00920.jpg,0,cifake
data/deepfake/image/real\cifake_real_00921.jpg,0,cifake
data/deepfake/image/real\cifake_real_00922.jpg,0,cifake
data/deepfake/image/real\cifake_real_00923.jpg,0,cifake
data/deepfake/image/real\cifake_real_00924.jpg,0,cifake
data/deepfake/image/real\cifake_real_00925.jpg,0,cifake
data/deepfake/image/real\cifake_real_00926.jpg,0,cifake
data/deepfake/image/real\cifake_real_00927.jpg,0,cifake
data/deepfake/image/real\cifake_real_00928.jpg,0,cifake
data/deepfake/image/real\cifake_real_00929.jpg,0,cifake
data/deepfake/image/real\cifake_real_00930.jpg,0,cifake
data/deepfake/image/real\cifake_real_00931.jpg,0,cifake
data/deepfake/image/real\cifake_real_00932.jpg,0,cifake
data/deepfake/image/real\cifake_real_00933.jpg,0,cifake
data/deepfake/image/real\cifake_real_00934.jpg,0,cifake
data/deepfake/image/real\cifake_real_00935.jpg,0,cifake
data/deepfake/image/real\cifake_real_00936.jpg,0,cifake
data/deepfake/image/real\cifake_real_00937.jpg,0,cifake
data/deepfake/image/real\cifake_real_00938.jpg,0,cifake
data/deepfake/image/real\cifake_real_00939.jpg,0,cifake
data/deepfake/image/real\cifake_real_00940.jpg,0,cifake
data/deepfake/image/real\cifake_real_00941.jpg,0,cifake
data/deepfake/image/real\cifake_real_00942.jpg,0,cifake
data/deepfake/image/real\cifake_real_00943.jpg,0,cifake
data/deepfake/image/real\cifake_real_00944.jpg,0,cifake
data/deepfake/image/real\cifake_real_00945.jpg,0,cifake
data/deepfake/image/real\cifake_real_00946.jpg,0,cifake
data/deepfake/image/real\cifake_real_00947.jpg,0,cifake
data/deepfake/image/real\cifake_real_00948.jpg,0,cifake
data/deepfake/image/real\cifake_real_00949.jpg,0,cifake
data/deepfake/image/real\cifake_real_00950.jpg,0,cifake
data/deepfake/image/real\cifake_real_00951.jpg,0,cifake
data/deepfake/image/real\cifake_real_00952.jpg,0,cifake
data/deepfake/image/real\cifake_real_00953.jpg,0,cifake
data/deepfake/image/real\cifake_real_00954.jpg,0,cifake
data/deepfake/image/real\cifake_real_00955.jpg,0,cifake
data/deepfake/image/real\cifake_real_00956.jpg,0,cifake
data/deepfake/image/real\cifake_real_00957.jpg,0,cifake
data/deepfake/image/real\cifake_real_00958.jpg,0,cifake
data/deepfake/image/real\cifake_real_00959.jpg,0,cifake
data/deepfake/image/real\cifake_real_00960.jpg,0,cifake
data/deepfake/image/real\cifake_real_00961.jpg,0,cifake
data/deepfake/image/real\cifake_real_00962.jpg,0,cifake
data/deepfake/image/real\cifake_real_00963.jpg,0,cifake
data/deepfake/image/real\cifake_real_00964.jpg,0,cifake
data/deepfake/image/real\cifake_real_00965.jpg,0,cifake
data/deepfake/image/real\cifake_real_00966.jpg,0,cifake
data/deepfake/image/real\cifake_real_00967.jpg,0,cifake
data/deepfake/image/real\cifake_real_00968.jpg,0,cifake
data/deepfake/image/real\cifake_real_00969.jpg,0,cifake
data/deepfake/image/real\cifake_real_00970.jpg,0,cifake
data/deepfake/image/real\cifake_real_00971.jpg,0,cifake
data/deepfake/image/real\cifake_real_00972.jpg,0,cifake
data/deepfake/image/real\cifake_real_00973.jpg,0,cifake
data/deepfake/image/real\cifake_real_00974.jpg,0,cifake
data/deepfake/image/real\cifake_real_00975.jpg,0,cifake
data/deepfake/image/real\cifake_real_00976.jpg,0,cifake
data/deepfake/image/real\cifake_real_00977.jpg,0,cifake
data/deepfake/image/real\cifake_real_00978.jpg,0,cifake
data/deepfake/image/real\cifake_real_00979.jpg,0,cifake
data/deepfake/image/real\cifake_real_00980.jpg,0,cifake
data/deepfake/image/real\cifake_real_00981.jpg,0,cifake
data/deepfake/image/real\cifake_real_00982.jpg,0,cifake
data/deepfake/image/real\cifake_real_00983.jpg,0,cifake
data/deepfake/image/real\cifake_real_00984.jpg,0,cifake
data/deepfake/image/real\cifake_real_00985.jpg,0,cifake
data/deepfake/image/real\cifake_real_00986.jpg,0,cifake
data/deepfake/image/real\cifake_real_00987.jpg,0,cifake
data/deepfake/image/real\cifake_real_00988.jpg,0,cifake
data/deepfake/image/real\cifake_real_00989.jpg,0,cifake
data/deepfake/image/real\cifake_real_00990.jpg,0,cifake
data/deepfake/image/real\cifake_real_00991.jpg,0,cifake
data/deepfake/image/real\cifake_real_00992.jpg,0,cifake
data/deepfake/image/real\cifake_real_00993.jpg,0,cifake
data/deepfake/image/real\cifake_real_00994.jpg,0,cifake
data/deepfake/image/real\cifake_real_00995.jpg,0,cifake
data/deepfake/image/real\cifake_real_00996.jpg,0,cifake
data/deepfake/image/real\cifake_real_00997.jpg,0,cifake
data/deepfake/image/real\cifake_real_00998.jpg,0,cifake
data/deepfake/image/real\cifake_real_00999.jpg,0,cifake
data/deepfake/image/real\cifake_real_01000.jpg,0,cifake
data/deepfake/image/real\cifake_real_01001.jpg,0,cifake
data/deepfake/image/real\cifake_real_01002.jpg,0,cifake
data/deepfake/image/real\cifake_real_01003.jpg,0,cifake
data/deepfake/image/real\cifake_real_01004.jpg,0,cifake
data/deepfake/image/real\cifake_real_01005.jpg,0,cifake
data/deepfake/image/real\cifake_real_01006.jpg,0,cifake
data/deepfake/image/real\cifake_real_01007.jpg,0,cifake
data/deepfake/image/real\cifake_real_01008.jpg,0,cifake
data/deepfake/image/real\cifake_real_01009.jpg,0,cifake
data/deepfake/image/real\cifake_real_01010.jpg,0,cifake
data/deepfake/image/real\cifake_real_01011.jpg,0,cifake
data/deepfake/image/real\cifake_real_01012.jpg,0,cifake
data/deepfake/image/real\cifake_real_01013.jpg,0,cifake
data/deepfake/image/real\cifake_real_01014.jpg,0,cifake
data/deepfake/image/real\cifake_real_01015.jpg,0,cifake
data/deepfake/image/real\cifake_real_01016.jpg,0,cifake
data/deepfake/image/real\cifake_real_01017.jpg,0,cifake
data/deepfake/image/real\cifake_real_01018.jpg,0,cifake
data/deepfake/image/real\cifake_real_01019.jpg,0,cifake
data/deepfake/image/real\cifake_real_01020.jpg,0,cifake
data/deepfake/image/real\cifake_real_01021.jpg,0,cifake
data/deepfake/image/real\cifake_real_01022.jpg,0,cifake
data/deepfake/image/real\cifake_real_01023.jpg,0,cifake
data/deepfake/image/real\cifake_real_01024.jpg,0,cifake
data/deepfake/image/real\cifake_real_01025.jpg,0,cifake
data/deepfake/image/real\cifake_real_01026.jpg,0,cifake
data/deepfake/image/real\cifake_real_01027.jpg,0,cifake
data/deepfake/image/real\cifake_real_01028.jpg,0,cifake
data/deepfake/image/real\cifake_real_01029.jpg,0,cifake
data/deepfake/image/real\cifake_real_01030.jpg,0,cifake
data/deepfake/image/real\cifake_real_01031.jpg,0,cifake
data/deepfake/image/real\cifake_real_01032.jpg,0,cifake
data/deepfake/image/real\cifake_real_01033.jpg,0,cifake
data/deepfake/image/real\cifake_real_01034.jpg,0,cifake
data/deepfake/image/real\cifake_real_01035.jpg,0,cifake
data/deepfake/image/real\cifake_real_01036.jpg,0,cifake
data/deepfake/image/real\cifake_real_01037.jpg,0,cifake
data/deepfake/image/real\cifake_real_01038.jpg,0,cifake
data/deepfake/image/real\cifake_real_01039.jpg,0,cifake
data/deepfake/image/real\cifake_real_01040.jpg,0,cifake
data/deepfake/image/real\cifake_real_01041.jpg,0,cifake
data/deepfake/image/real\cifake_real_01042.jpg,0,cifake
data/deepfake/image/real\cifake_real_01043.jpg,0,cifake
data/deepfake/image/real\cifake_real_01044.jpg,0,cifake
data/deepfake/image/real\cifake_real_01045.jpg,0,cifake
data/deepfake/image/real\cifake_real_01046.jpg,0,cifake
data/deepfake/image/real\cifake_real_01047.jpg,0,cifake
data/deepfake/image/real\cifake_real_01048.jpg,0,cifake
data/deepfake/image/real\cifake_real_01049.jpg,0,cifake
data/deepfake/image/real\cifake_real_01050.jpg,0,cifake
data/deepfake/image/real\cifake_real_01051.jpg,0,cifake
data/deepfake/image/real\cifake_real_01052.jpg,0,cifake
data/deepfake/image/real\cifake_real_01053.jpg,0,cifake
data/deepfake/image/real\cifake_real_01054.jpg,0,cifake
data/deepfake/image/real\cifake_real_01055.jpg,0,cifake
data/deepfake/image/real\cifake_real_01056.jpg,0,cifake
data/deepfake/image/real\cifake_real_01057.jpg,0,cifake
data/deepfake/image/real\cifake_real_01058.jpg,0,cifake
data/deepfake/image/real\cifake_real_01059.jpg,0,cifake
data/deepfake/image/real\cifake_real_01060.jpg,0,cifake
data/deepfake/image/real\cifake_real_01061.jpg,0,cifake
data/deepfake/image/real\cifake_real_01062.jpg,0,cifake
data/deepfake/image/real\cifake_real_01063.jpg,0,cifake
data/deepfake/image/real\cifake_real_01064.jpg,0,cifake
data/deepfake/image/real\cifake_real_01065.jpg,0,cifake
data/deepfake/image/real\cifake_real_01066.jpg,0,cifake
data/deepfake/image/real\cifake_real_01067.jpg,0,cifake
data/deepfake/image/real\cifake_real_01068.jpg,0,cifake
data/deepfake/image/real\cifake_real_01069.jpg,0,cifake
data/deepfake/image/real\cifake_real_01070.jpg,0,cifake
data/deepfake/image/real\cifake_real_01071.jpg,0,cifake
data/deepfake/image/real\cifake_real_01072.jpg,0,cifake
data/deepfake/image/real\cifake_real_01073.jpg,0,cifake
data/deepfake/image/real\cifake_real_01074.jpg,0,cifake
data/deepfake/image/real\cifake_real_01075.jpg,0,cifake
data/deepfake/image/real\cifake_real_01076.jpg,0,cifake
data/deepfake/image/real\cifake_real_01077.jpg,0,cifake
data/deepfake/image/real\cifake_real_01078.jpg,0,cifake
data/deepfake/image/real\cifake_real_01079.jpg,0,cifake
data/deepfake/image/real\cifake_real_01080.jpg,0,cifake
data/deepfake/image/real\cifake_real_01081.jpg,0,cifake
data/deepfake/image/real\cifake_real_01082.jpg,0,cifake
data/deepfake/image/real\cifake_real_01083.jpg,0,cifake
data/deepfake/image/real\cifake_real_01084.jpg,0,cifake
data/deepfake/image/real\cifake_real_01085.jpg,0,cifake
data/deepfake/image/real\cifake_real_01086.jpg,0,cifake
data/deepfake/image/real\cifake_real_01087.jpg,0,cifake
data/deepfake/image/real\cifake_real_01088.jpg,0,cifake
data/deepfake/image/real\cifake_real_01089.jpg,0,cifake
data/deepfake/image/real\cifake_real_01090.jpg,0,cifake
data/deepfake/image/real\cifake_real_01091.jpg,0,cifake
data/deepfake/image/real\cifake_real_01092.jpg,0,cifake
data/deepfake/image/real\cifake_real_01093.jpg,0,cifake
data/deepfake/image/real\cifake_real_01094.jpg,0,cifake
data/deepfake/image/real\cifake_real_01095.jpg,0,cifake
data/deepfake/image/real\cifake_real_01096.jpg,0,cifake
data/deepfake/image/real\cifake_real_01097.jpg,0,cifake
data/deepfake/image/real\cifake_real_01098.jpg,0,cifake
data/deepfake/image/real\cifake_real_01099.jpg,0,cifake
data/deepfake/image/real\cifake_real_01100.jpg,0,cifake
data/deepfake/image/real\cifake_real_01101.jpg,0,cifake
data/deepfake/image/real\cifake_real_01102.jpg,0,cifake
data/deepfake/image/real\cifake_real_01103.jpg,0,cifake
data/deepfake/image/real\cifake_real_01104.jpg,0,cifake
data/deepfake/image/real\cifake_real_01105.jpg,0,cifake
data/deepfake/image/real\cifake_real_01106.jpg,0,cifake
data/deepfake/image/real\cifake_real_01107.jpg,0,cifake
data/deepfake/image/real\cifake_real_01108.jpg,0,cifake
data/deepfake/image/real\cifake_real_01109.jpg,0,cifake
data/deepfake/image/real\cifake_real_01110.jpg,0,cifake
data/deepfake/image/real\cifake_real_01111.jpg,0,cifake
data/deepfake/image/real\cifake_real_01112.jpg,0,cifake
data/deepfake/image/real\cifake_real_01113.jpg,0,cifake
data/deepfake/image/real\cifake_real_01114.jpg,0,cifake
data/deepfake/image/real\cifake_real_01115.jpg,0,cifake
data/deepfake/image/real\cifake_real_01116.jpg,0,cifake
data/deepfake/image/real\cifake_real_01117.jpg,0,cifake
data/deepfake/image/real\cifake_real_01118.jpg,0,cifake
data/deepfake/image/real\cifake_real_01119.jpg,0,cifake
data/deepfake/image/real\cifake_real_01120.jpg,0,cifake
data/deepfake/image/real\cifake_real_01121.jpg,0,cifake
data/deepfake/image/real\cifake_real_01122.jpg,0,cifake
data/deepfake/image/real\cifake_real_01123.jpg,0,cifake
data/deepfake/image/real\cifake_real_01124.jpg,0,cifake
data/deepfake/image/real\cifake_real_01125.jpg,0,cifake
data/deepfake/image/real\cifake_real_01126.jpg,0,cifake
data/deepfake/image/real\cifake_real_01127.jpg,0,cifake
data/deepfake/image/real\cifake_real_01128.jpg,0,cifake
data/deepfake/image/real\cifake_real_01129.jpg,0,cifake
data/deepfake/image/real\cifake_real_01130.jpg,0,cifake
data/deepfake/image/real\cifake_real_01131.jpg,0,cifake
data/deepfake/image/real\cifake_real_01132.jpg,0,cifake
data/deepfake/image/real\cifake_real_01133.jpg,0,cifake
data/deepfake/image/real\cifake_real_01134.jpg,0,cifake
data/deepfake/image/real\cifake_real_01135.jpg,0,cifake
data/deepfake/image/real\cifake_real_01136.jpg,0,cifake
data/deepfake/image/real\cifake_real_01137.jpg,0,cifake
data/deepfake/image/real\cifake_real_01138.jpg,0,cifake
data/deepfake/image/real\cifake_real_01139.jpg,0,cifake
data/deepfake/image/real\cifake_real_01140.jpg,0,cifake
data/deepfake/image/real\cifake_real_01141.jpg,0,cifake
data/deepfake/image/real\cifake_real_01142.jpg,0,cifake
data/deepfake/image/real\cifake_real_01143.jpg,0,cifake
data/deepfake/image/real\cifake_real_01144.jpg,0,cifake
data/deepfake/image/real\cifake_real_01145.jpg,0,cifake
data/deepfake/image/real\cifake_real_01146.jpg,0,cifake
data/deepfake/image/real\cifake_real_01147.jpg,0,cifake
data/deepfake/image/real\cifake_real_01148.jpg,0,cifake
data/deepfake/image/real\cifake_real_01149.jpg,0,cifake
data/deepfake/image/real\cifake_real_01150.jpg,0,cifake
data/deepfake/image/real\cifake_real_01151.jpg,0,cifake
data/deepfake/image/real\cifake_real_01152.jpg,0,cifake
data/deepfake/image/real\cifake_real_01153.jpg,0,cifake
data/deepfake/image/real\cifake_real_01154.jpg,0,cifake
data/deepfake/image/real\cifake_real_01155.jpg,0,cifake
data/deepfake/image/real\cifake_real_01156.jpg,0,cifake
data/deepfake/image/real\cifake_real_01157.jpg,0,cifake
data/deepfake/image/real\cifake_real_01158.jpg,0,cifake
data/deepfake/image/real\cifake_real_01159.jpg,0,cifake
data/deepfake/image/real\cifake_real_01160.jpg,0,cifake
data/deepfake/image/real\cifake_real_01161.jpg,0,cifake
data/deepfake/image/real\cifake_real_01162.jpg,0,cifake
data/deepfake/image/real\cifake_real_01163.jpg,0,cifake
data/deepfake/image/real\cifake_real_01164.jpg,0,cifake
data/deepfake/image/real\cifake_real_01165.jpg,0,cifake
data/deepfake/image/real\cifake_real_01166.jpg,0,cifake
data/deepfake/image/real\cifake_real_01167.jpg,0,cifake
data/deepfake/image/real\cifake_real_01168.jpg,0,cifake
data/deepfake/image/real\cifake_real_01169.jpg,0,cifake
data/deepfake/image/real\cifake_real_01170.jpg,0,cifake
data/deepfake/image/real\cifake_real_01171.jpg,0,cifake
data/deepfake/image/real\cifake_real_01172.jpg,0,cifake
data/deepfake/image/real\cifake_real_01173.jpg,0,cifake
data/deepfake/image/real\cifake_real_01174.jpg,0,cifake
data/deepfake/image/real\cifake_real_01175.jpg,0,cifake
data/deepfake/image/real\cifake_real_01176.jpg,0,cifake
data/deepfake/image/real\cifake_real_01177.jpg,0,cifake
data/deepfake/image/real\cifake_real_01178.jpg,0,cifake
data/deepfake/image/real\cifake_real_01179.jpg,0,cifake
data/deepfake/image/real\cifake_real_01180.jpg,0,cifake
data/deepfake/image/real\cifake_real_01181.jpg,0,cifake
data/deepfake/image/real\cifake_real_01182.jpg,0,cifake
data/deepfake/image/real\cifake_real_01183.jpg,0,cifake
data/deepfake/image/real\cifake_real_01184.jpg,0,cifake
data/deepfake/image/real\cifake_real_01185.jpg,0,cifake
data/deepfake/image/real\cifake_real_01186.jpg,0,cifake
data/deepfake/image/real\cifake_real_01187.jpg,0,cifake
data/deepfake/image/real\cifake_real_01188.jpg,0,cifake
data/deepfake/image/real\cifake_real_01189.jpg,0,cifake
data/deepfake/image/real\cifake_real_01190.jpg,0,cifake
data/deepfake/image/real\cifake_real_01191.jpg,0,cifake
data/deepfake/image/real\cifake_real_01192.jpg,0,cifake
data/deepfake/image/real\cifake_real_01193.jpg,0,cifake
data/deepfake/image/real\cifake_real_01194.jpg,0,cifake
data/deepfake/image/real\cifake_real_01195.jpg,0,cifake
data/deepfake/image/real\cifake_real_01196.jpg,0,cifake
data/deepfake/image/real\cifake_real_01197.jpg,0,cifake
data/deepfake/image/real\cifake_real_01198.jpg,0,cifake
data/deepfake/image/real\cifake_real_01199.jpg,0,cifake
data/deepfake/image/real\cifake_real_01200.jpg,0,cifake
data/deepfake/image/real\cifake_real_01201.jpg,0,cifake
data/deepfake/image/real\cifake_real_01202.jpg,0,cifake
data/deepfake/image/real\cifake_real_01203.jpg,0,cifake
data/deepfake/image/real\cifake_real_01204.jpg,0,cifake
data/deepfake/image/real\cifake_real_01205.jpg,0,cifake
data/deepfake/image/real\cifake_real_01206.jpg,0,cifake
data/deepfake/image/real\cifake_real_01207.jpg,0,cifake
data/deepfake/image/real\cifake_real_01208.jpg,0,cifake
data/deepfake/image/real\cifake_real_01209.jpg,0,cifake
data/deepfake/image/real\cifake_real_01210.jpg,0,cifake
data/deepfake/image/real\cifake_real_01211.jpg,0,cifake
data/deepfake/image/real\cifake_real_01212.jpg,0,cifake
data/deepfake/image/real\cifake_real_01213.jpg,0,cifake
data/deepfake/image/real\cifake_real_01214.jpg,0,cifake
data/deepfake/image/real\cifake_real_01215.jpg,0,cifake
data/deepfake/image/real\cifake_real_01216.jpg,0,cifake
data/deepfake/image/real\cifake_real_01217.jpg,0,cifake
data/deepfake/image/real\cifake_real_01218.jpg,0,cifake
data/deepfake/image/real\cifake_real_01219.jpg,0,cifake
data/deepfake/image/real\cifake_real_01220.jpg,0,cifake
data/deepfake/image/real\cifake_real_01221.jpg,0,cifake
data/deepfake/image/real\cifake_real_01222.jpg,0,cifake
data/deepfake/image/real\cifake_real_01223.jpg,0,cifake
data/deepfake/image/real\cifake_real_01224.jpg,0,cifake
data/deepfake/image/real\cifake_real_01225.jpg,0,cifake
data/deepfake/image/real\cifake_real_01226.jpg,0,cifake
data/deepfake/image/real\cifake_real_01227.jpg,0,cifake
data/deepfake/image/real\cifake_real_01228.jpg,0,cifake
data/deepfake/image/real\cifake_real_01229.jpg,0,cifake
data/deepfake/image/real\cifake_real_01230.jpg,0,cifake
data/deepfake/image/real\cifake_real_01231.jpg,0,cifake
data/deepfake/image/real\cifake_real_01232.jpg,0,cifake
data/deepfake/image/real\cifake_real_01233.jpg,0,cifake
data/deepfake/image/real\cifake_real_01234.jpg,0,cifake
data/deepfake/image/real\cifake_real_01235.jpg,0,cifake
data/deepfake/image/real\cifake_real_01236.jpg,0,cifake
data/deepfake/image/real\cifake_real_01237.jpg,0,cifake
data/deepfake/image/real\cifake_real_01238.jpg,0,cifake
data/deepfake/image/real\cifake_real_01239.jpg,0,cifake
data/deepfake/image/real\cifake_real_01240.jpg,0,cifake
data/deepfake/image/real\cifake_real_01241.jpg,0,cifake
data/deepfake/image/real\cifake_real_01242.jpg,0,cifake
data/deepfake/image/real\cifake_real_01243.jpg,0,cifake
data/deepfake/image/real\cifake_real_01244.jpg,0,cifake
data/deepfake/image/real\cifake_real_01245.jpg,0,cifake
data/deepfake/image/real\cifake_real_01246.jpg,0,cifake
data/deepfake/image/real\cifake_real_01247.jpg,0,cifake
data/deepfake/image/real\cifake_real_01248.jpg,0,cifake
data/deepfake/image/real\cifake_real_01249.jpg,0,cifake
data/deepfake/image/real\cifake_real_01250.jpg,0,cifake
data/deepfake/image/real\cifake_real_01251.jpg,0,cifake
data/deepfake/image/real\cifake_real_01252.jpg,0,cifake
data/deepfake/image/real\cifake_real_01253.jpg,0,cifake
data/deepfake/image/real\cifake_real_01254.jpg,0,cifake
data/deepfake/image/real\cifake_real_01255.jpg,0,cifake
data/deepfake/image/real\cifake_real_01256.jpg,0,cifake
data/deepfake/image/real\cifake_real_01257.jpg,0,cifake
data/deepfake/image/real\cifake_real_01258.jpg,0,cifake
data/deepfake/image/real\cifake_real_01259.jpg,0,cifake
data/deepfake/image/real\cifake_real_01260.jpg,0,cifake
data/deepfake/image/real\cifake_real_01261.jpg,0,cifake
data/deepfake/image/real\cifake_real_01262.jpg,0,cifake
data/deepfake/image/real\cifake_real_01263.jpg,0,cifake
data/deepfake/image/real\cifake_real_01264.jpg,0,cifake
data/deepfake/image/real\cifake_real_01265.jpg,0,cifake
data/deepfake/image/real\cifake_real_01266.jpg,0,cifake
data/deepfake/image/real\cifake_real_01267.jpg,0,cifake
data/deepfake/image/real\cifake_real_01268.jpg,0,cifake
data/deepfake/image/real\cifake_real_01269.jpg,0,cifake
data/deepfake/image/real\cifake_real_01270.jpg,0,cifake
data/deepfake/image/real\cifake_real_01271.jpg,0,cifake
data/deepfake/image/real\cifake_real_01272.jpg,0,cifake
data/deepfake/image/real\cifake_real_01273.jpg,0,cifake
data/deepfake/image/real\cifake_real_01274.jpg,0,cifake
data/deepfake/image/real\cifake_real_01275.jpg,0,cifake
data/deepfake/image/real\cifake_real_01276.jpg,0,cifake
data/deepfake/image/real\cifake_real_01277.jpg,0,cifake
data/deepfake/image/real\cifake_real_01278.jpg,0,cifake
data/deepfake/image/real\cifake_real_01279.jpg,0,cifake
data/deepfake/image/real\cifake_real_01280.jpg,0,cifake
data/deepfake/image/real\cifake_real_01281.jpg,0,cifake
data/deepfake/image/real\cifake_real_01282.jpg,0,cifake
data/deepfake/image/real\cifake_real_01283.jpg,0,cifake
data/deepfake/image/real\cifake_real_01284.jpg,0,cifake
data/deepfake/image/real\cifake_real_01285.jpg,0,cifake
data/deepfake/image/real\cifake_real_01286.jpg,0,cifake
data/deepfake/image/real\cifake_real_01287.jpg,0,cifake
data/deepfake/image/real\cifake_real_01288.jpg,0,cifake
data/deepfake/image/real\cifake_real_01289.jpg,0,cifake
data/deepfake/image/real\cifake_real_01290.jpg,0,cifake
data/deepfake/image/real\cifake_real_01291.jpg,0,cifake
data/deepfake/image/real\cifake_real_01292.jpg,0,cifake
data/deepfake/image/real\cifake_real_01293.jpg,0,cifake
data/deepfake/image/real\cifake_real_01294.jpg,0,cifake
data/deepfake/image/real\cifake_real_01295.jpg,0,cifake
data/deepfake/image/real\cifake_real_01296.jpg,0,cifake
data/deepfake/image/real\cifake_real_01297.jpg,0,cifake
data/deepfake/image/real\cifake_real_01298.jpg,0,cifake
data/deepfake/image/real\cifake_real_01299.jpg,0,cifake
data/deepfake/image/real\cifake_real_01300.jpg,0,cifake
data/deepfake/image/real\cifake_real_01301.jpg,0,cifake
data/deepfake/image/real\cifake_real_01302.jpg,0,cifake
data/deepfake/image/real\cifake_real_01303.jpg,0,cifake
data/deepfake/image/real\cifake_real_01304.jpg,0,cifake
data/deepfake/image/real\cifake_real_01305.jpg,0,cifake
data/deepfake/image/real\cifake_real_01306.jpg,0,cifake
data/deepfake/image/real\cifake_real_01307.jpg,0,cifake
data/deepfake/image/real\cifake_real_01308.jpg,0,cifake
data/deepfake/image/real\cifake_real_01309.jpg,0,cifake
data/deepfake/image/real\cifake_real_01310.jpg,0,cifake
data/deepfake/image/real\cifake_real_01311.jpg,0,cifake
data/deepfake/image/real\cifake_real_01312.jpg,0,cifake
data/deepfake/image/real\cifake_real_01313.jpg,0,cifake
data/deepfake/image/real\cifake_real_01314.jpg,0,cifake
data/deepfake/image/real\cifake_real_01315.jpg,0,cifake
data/deepfake/image/real\cifake_real_01316.jpg,0,cifake
data/deepfake/image/real\cifake_real_01317.jpg,0,cifake
data/deepfake/image/real\cifake_real_01318.jpg,0,cifake
data/deepfake/image/real\cifake_real_01319.jpg,0,cifake
data/deepfake/image/real\cifake_real_01320.jpg,0,cifake
data/deepfake/image/real\cifake_real_01321.jpg,0,cifake
data/deepfake/image/real\cifake_real_01322.jpg,0,cifake
data/deepfake/image/real\cifake_real_01323.jpg,0,cifake
data/deepfake/image/real\cifake_real_01324.jpg,0,cifake
data/deepfake/image/real\cifake_real_01325.jpg,0,cifake
data/deepfake/image/real\cifake_real_01326.jpg,0,cifake
data/deepfake/image/real\cifake_real_01327.jpg,0,cifake
data/deepfake/image/real\cifake_real_01328.jpg,0,cifake
data/deepfake/image/real\cifake_real_01329.jpg,0,cifake
data/deepfake/image/real\cifake_real_01330.jpg,0,cifake
data/deepfake/image/real\cifake_real_01331.jpg,0,cifake
data/deepfake/image/real\cifake_real_01332.jpg,0,cifake
data/deepfake/image/real\cifake_real_01333.jpg,0,cifake
data/deepfake/image/real\cifake_real_01334.jpg,0,cifake
data/deepfake/image/real\cifake_real_01335.jpg,0,cifake
data/deepfake/image/real\cifake_real_01336.jpg,0,cifake
data/deepfake/image/real\cifake_real_01337.jpg,0,cifake
data/deepfake/image/real\cifake_real_01338.jpg,0,cifake
data/deepfake/image/real\cifake_real_01339.jpg,0,cifake
data/deepfake/image/real\cifake_real_01340.jpg,0,cifake
data/deepfake/image/real\cifake_real_01341.jpg,0,cifake
data/deepfake/image/real\cifake_real_01342.jpg,0,cifake
data/deepfake/image/real\cifake_real_01343.jpg,0,cifake
data/deepfake/image/real\cifake_real_01344.jpg,0,cifake
data/deepfake/image/real\cifake_real_01345.jpg,0,cifake
data/deepfake/image/real\cifake_real_01346.jpg,0,cifake
data/deepfake/image/real\cifake_real_01347.jpg,0,cifake
data/deepfake/image/real\cifake_real_01348.jpg,0,cifake
data/deepfake/image/real\cifake_real_01349.jpg,0,cifake
data/deepfake/image/real\cifake_real_01350.jpg,0,cifake
data/deepfake/image/real\cifake_real_01351.jpg,0,cifake
data/deepfake/image/real\cifake_real_01352.jpg,0,cifake
data/deepfake/image/real\cifake_real_01353.jpg,0,cifake
data/deepfake/image/real\cifake_real_01354.jpg,0,cifake
data/deepfake/image/real\cifake_real_01355.jpg,0,cifake
data/deepfake/image/real\cifake_real_01356.jpg,0,cifake
data/deepfake/image/real\cifake_real_01357.jpg,0,cifake
data/deepfake/image/real\cifake_real_01358.jpg,0,cifake
data/deepfake/image/real\cifake_real_01359.jpg,0,cifake
data/deepfake/image/real\cifake_real_01360.jpg,0,cifake
data/deepfake/image/real\cifake_real_01361.jpg,0,cifake
data/deepfake/image/real\cifake_real_01362.jpg,0,cifake
data/deepfake/image/real\cifake_real_01363.jpg,0,cifake
data/deepfake/image/real\cifake_real_01364.jpg,0,cifake
data/deepfake/image/real\cifake_real_01365.jpg,0,cifake
data/deepfake/image/real\cifake_real_01366.jpg,0,cifake
data/deepfake/image/real\cifake_real_01367.jpg,0,cifake
data/deepfake/image/real\cifake_real_01368.jpg,0,cifake
data/deepfake/image/real\cifake_real_01369.jpg,0,cifake
data/deepfake/image/real\cifake_real_01370.jpg,0,cifake
data/deepfake/image/real\cifake_real_01371.jpg,0,cifake
data/deepfake/image/real\cifake_real_01372.jpg,0,cifake
data/deepfake/image/real\cifake_real_01373.jpg,0,cifake
data/deepfake/image/real\cifake_real_01374.jpg,0,cifake
data/deepfake/image/real\cifake_real_01375.jpg,0,cifake
data/deepfake/image/real\cifake_real_01376.jpg,0,cifake
data/deepfake/image/real\cifake_real_01377.jpg,0,cifake
data/deepfake/image/real\cifake_real_01378.jpg,0,cifake
data/deepfake/image/real\cifake_real_01379.jpg,0,cifake
data/deepfake/image/real\cifake_real_01380.jpg,0,cifake
data/deepfake/image/real\cifake_real_01381.jpg,0,cifake
data/deepfake/image/real\cifake_real_01382.jpg,0,cifake
data/deepfake/image/real\cifake_real_01383.jpg,0,cifake
data/deepfake/image/real\cifake_real_01384.jpg,0,cifake
data/deepfake/image/real\cifake_real_01385.jpg,0,cifake
data/deepfake/image/real\cifake_real_01386.jpg,0,cifake
data/deepfake/image/real\cifake_real_01387.jpg,0,cifake
data/deepfake/image/real\cifake_real_01388.jpg,0,cifake
data/deepfake/image/real\cifake_real_01389.jpg,0,cifake
data/deepfake/image/real\cifake_real_01390.jpg,0,cifake
data/deepfake/image/real\cifake_real_01391.jpg,0,cifake
data/deepfake/image/real\cifake_real_01392.jpg,0,cifake
data/deepfake/image/real\cifake_real_01393.jpg,0,cifake
data/deepfake/image/real\cifake_real_01394.jpg,0,cifake
data/deepfake/image/real\cifake_real_01395.jpg,0,cifake
data/deepfake/image/real\cifake_real_01396.jpg,0,cifake
data/deepfake/image/real\cifake_real_01397.jpg,0,cifake
data/deepfake/image/real\cifake_real_01398.jpg,0,cifake
data/deepfake/image/real\cifake_real_01399.jpg,0,cifake
data/deepfake/image/real\cifake_real_01400.jpg,0,cifake
data/deepfake/image/real\cifake_real_01401.jpg,0,cifake
data/deepfake/image/real\cifake_real_01402.jpg,0,cifake
data/deepfake/image/real\cifake_real_01403.jpg,0,cifake
data/deepfake/image/real\cifake_real_01404.jpg,0,cifake
data/deepfake/image/real\cifake_real_01405.jpg,0,cifake
data/deepfake/image/real\cifake_real_01406.jpg,0,cifake
data/deepfake/image/real\cifake_real_01407.jpg,0,cifake
data/deepfake/image/real\cifake_real_01408.jpg,0,cifake
data/deepfake/image/real\cifake_real_01409.jpg,0,cifake
data/deepfake/image/real\cifake_real_01410.jpg,0,cifake
data/deepfake/image/real\cifake_real_01411.jpg,0,cifake
data/deepfake/image/real\cifake_real_01412.jpg,0,cifake
data/deepfake/image/real\cifake_real_01413.jpg,0,cifake
data/deepfake/image/real\cifake_real_01414.jpg,0,cifake
data/deepfake/image/real\cifake_real_01415.jpg,0,cifake
data/deepfake/image/real\cifake_real_01416.jpg,0,cifake
data/deepfake/image/real\cifake_real_01417.jpg,0,cifake
data/deepfake/image/real\cifake_real_01418.jpg,0,cifake
data/deepfake/image/real\cifake_real_01419.jpg,0,cifake
data/deepfake/image/real\cifake_real_01420.jpg,0,cifake
data/deepfake/image/real\cifake_real_01421.jpg,0,cifake
data/deepfake/image/real\cifake_real_01422.jpg,0,cifake
data/deepfake/image/real\cifake_real_01423.jpg,0,cifake
data/deepfake/image/real\cifake_real_01424.jpg,0,cifake
data/deepfake/image/real\cifake_real_01425.jpg,0,cifake
data/deepfake/image/real\cifake_real_01426.jpg,0,cifake
data/deepfake/image/real\cifake_real_01427.jpg,0,cifake
data/deepfake/image/real\cifake_real_01428.jpg,0,cifake
data/deepfake/image/real\cifake_real_01429.jpg,0,cifake
data/deepfake/image/real\cifake_real_01430.jpg,0,cifake
data/deepfake/image/real\cifake_real_01431.jpg,0,cifake
data/deepfake/image/real\cifake_real_01432.jpg,0,cifake
data/deepfake/image/real\cifake_real_01433.jpg,0,cifake
data/deepfake/image/real\cifake_real_01434.jpg,0,cifake
data/deepfake/image/real\cifake_real_01435.jpg,0,cifake
data/deepfake/image/real\cifake_real_01436.jpg,0,cifake
data/deepfake/image/real\cifake_real_01437.jpg,0,cifake
data/deepfake/image/real\cifake_real_01438.jpg,0,cifake
data/deepfake/image/real\cifake_real_01439.jpg,0,cifake
data/deepfake/image/real\cifake_real_01440.jpg,0,cifake
data/deepfake/image/real\cifake_real_01441.jpg,0,cifake
data/deepfake/image/real\cifake_real_01442.jpg,0,cifake
data/deepfake/image/real\cifake_real_01443.jpg,0,cifake
data/deepfake/image/real\cifake_real_01444.jpg,0,cifake
data/deepfake/image/real\cifake_real_01445.jpg,0,cifake
data/deepfake/image/real\cifake_real_01446.jpg,0,cifake
data/deepfake/image/real\cifake_real_01447.jpg,0,cifake
data/deepfake/image/real\cifake_real_01448.jpg,0,cifake
data/deepfake/image/real\cifake_real_01449.jpg,0,cifake
data/deepfake/image/real\cifake_real_01450.jpg,0,cifake
data/deepfake/image/real\cifake_real_01451.jpg,0,cifake
data/deepfake/image/real\cifake_real_01452.jpg,0,cifake
data/deepfake/image/real\cifake_real_01453.jpg,0,cifake
data/deepfake/image/real\cifake_real_01454.jpg,0,cifake
data/deepfake/image/real\cifake_real_01455.jpg,0,cifake
data/deepfake/image/real\cifake_real_01456.jpg,0,cifake
data/deepfake/image/real\cifake_real_01457.jpg,0,cifake
data/deepfake/image/real\cifake_real_01458.jpg,0,cifake
data/deepfake/image/real\cifake_real_01459.jpg,0,cifake
data/deepfake/image/real\cifake_real_01460.jpg,0,cifake
data/deepfake/image/real\cifake_real_01461.jpg,0,cifake
data/deepfake/image/real\cifake_real_01462.jpg,0,cifake
data/deepfake/image/real\cifake_real_01463.jpg,0,cifake
data/deepfake/image/real\cifake_real_01464.jpg,0,cifake
data/deepfake/image/real\cifake_real_01465.jpg,0,cifake
data/deepfake/image/real\cifake_real_01466.jpg,0,cifake
data/deepfake/image/real\cifake_real_01467.jpg,0,cifake
data/deepfake/image/real\cifake_real_01468.jpg,0,cifake
data/deepfake/image/real\cifake_real_01469.jpg,0,cifake
data/deepfake/image/real\cifake_real_01470.jpg,0,cifake
data/deepfake/image/real\cifake_real_01471.jpg,0,cifake
data/deepfake/image/real\cifake_real_01472.jpg,0,cifake
data/deepfake/image/real\cifake_real_01473.jpg,0,cifake
data/deepfake/image/real\cifake_real_01474.jpg,0,cifake
data/deepfake/image/real\cifake_real_01475.jpg,0,cifake
data/deepfake/image/real\cifake_real_01476.jpg,0,cifake
data/deepfake/image/real\cifake_real_01477.jpg,0,cifake
data/deepfake/image/real\cifake_real_01478.jpg,0,cifake
data/deepfake/image/real\cifake_real_01479.jpg,0,cifake
data/deepfake/image/real\cifake_real_01480.jpg,0,cifake
data/deepfake/image/real\cifake_real_01481.jpg,0,cifake
data/deepfake/image/real\cifake_real_01482.jpg,0,cifake
data/deepfake/image/real\cifake_real_01483.jpg,0,cifake
data/deepfake/image/real\cifake_real_01484.jpg,0,cifake
data/deepfake/image/real\cifake_real_01485.jpg,0,cifake
data/deepfake/image/real\cifake_real_01486.jpg,0,cifake
data/deepfake/image/real\cifake_real_01487.jpg,0,cifake
data/deepfake/image/real\cifake_real_01488.jpg,0,cifake
data/deepfake/image/real\cifake_real_01489.jpg,0,cifake
data/deepfake/image/real\cifake_real_01490.jpg,0,cifake
data/deepfake/image/real\cifake_real_01491.jpg,0,cifake
data/deepfake/image/real\cifake_real_01492.jpg,0,cifake
data/deepfake/image/real\cifake_real_01493.jpg,0,cifake
data/deepfake/image/real\cifake_real_01494.jpg,0,cifake
data/deepfake/image/real\cifake_real_01495.jpg,0,cifake
data/deepfake/image/real\cifake_real_01496.jpg,0,cifake
data/deepfake/image/real\cifake_real_01497.jpg,0,cifake
data/deepfake/image/real\cifake_real_01498.jpg,0,cifake
data/deepfake/image/real\cifake_real_01499.jpg,0,cifake
data/deepfake/image/real\cifake_real_01500.jpg,0,cifake
data/deepfake/image/real\cifake_real_01501.jpg,0,cifake
data/deepfake/image/real\cifake_real_01502.jpg,0,cifake
data/deepfake/image/real\cifake_real_01503.jpg,0,cifake
data/deepfake/image/real\cifake_real_01504.jpg,0,cifake
data/deepfake/image/real\cifake_real_01505.jpg,0,cifake
data/deepfake/image/real\cifake_real_01506.jpg,0,cifake
data/deepfake/image/real\cifake_real_01507.jpg,0,cifake
data/deepfake/image/real\cifake_real_01508.jpg,0,cifake
data/deepfake/image/real\cifake_real_01509.jpg,0,cifake
data/deepfake/image/real\cifake_real_01510.jpg,0,cifake
data/deepfake/image/real\cifake_real_01511.jpg,0,cifake
data/deepfake/image/real\cifake_real_01512.jpg,0,cifake
data/deepfake/image/real\cifake_real_01513.jpg,0,cifake
data/deepfake/image/real\cifake_real_01514.jpg,0,cifake
data/deepfake/image/real\cifake_real_01515.jpg,0,cifake
data/deepfake/image/real\cifake_real_01516.jpg,0,cifake
data/deepfake/image/real\cifake_real_01517.jpg,0,cifake
data/deepfake/image/real\cifake_real_01518.jpg,0,cifake
data/deepfake/image/real\cifake_real_01519.jpg,0,cifake
data/deepfake/image/real\cifake_real_01520.jpg,0,cifake
data/deepfake/image/real\cifake_real_01521.jpg,0,cifake
data/deepfake/image/real\cifake_real_01522.jpg,0,cifake
data/deepfake/image/real\cifake_real_01523.jpg,0,cifake
data/deepfake/image/real\cifake_real_01524.jpg,0,cifake
data/deepfake/image/real\cifake_real_01525.jpg,0,cifake
data/deepfake/image/real\cifake_real_01526.jpg,0,cifake
data/deepfake/image/real\cifake_real_01527.jpg,0,cifake
data/deepfake/image/real\cifake_real_01528.jpg,0,cifake
data/deepfake/image/real\cifake_real_01529.jpg,0,cifake
data/deepfake/image/real\cifake_real_01530.jpg,0,cifake
data/deepfake/image/real\cifake_real_01531.jpg,0,cifake
data/deepfake/image/real\cifake_real_01532.jpg,0,cifake
data/deepfake/image/real\cifake_real_01533.jpg,0,cifake
data/deepfake/image/real\cifake_real_01534.jpg,0,cifake
data/deepfake/image/real\cifake_real_01535.jpg,0,cifake
data/deepfake/image/real\cifake_real_01536.jpg,0,cifake
data/deepfake/image/real\cifake_real_01537.jpg,0,cifake
data/deepfake/image/real\cifake_real_01538.jpg,0,cifake
data/deepfake/image/real\cifake_real_01539.jpg,0,cifake
data/deepfake/image/real\cifake_real_01540.jpg,0,cifake
data/deepfake/image/real\cifake_real_01541.jpg,0,cifake
data/deepfake/image/real\cifake_real_01542.jpg,0,cifake
data/deepfake/image/real\cifake_real_01543.jpg,0,cifake
data/deepfake/image/real\cifake_real_01544.jpg,0,cifake
data/deepfake/image/real\cifake_real_01545.jpg,0,cifake
data/deepfake/image/real\cifake_real_01546.jpg,0,cifake
data/deepfake/image/real\cifake_real_01547.jpg,0,cifake
data/deepfake/image/real\cifake_real_01548.jpg,0,cifake
data/deepfake/image/real\cifake_real_01549.jpg,0,cifake
data/deepfake/image/real\cifake_real_01550.jpg,0,cifake
data/deepfake/image/real\cifake_real_01551.jpg,0,cifake
data/deepfake/image/real\cifake_real_01552.jpg,0,cifake
data/deepfake/image/real\cifake_real_01553.jpg,0,cifake
data/deepfake/image/real\cifake_real_01554.jpg,0,cifake
data/deepfake/image/real\cifake_real_01555.jpg,0,cifake
data/deepfake/image/real\cifake_real_01556.jpg,0,cifake
data/deepfake/image/real\cifake_real_01557.jpg,0,cifake
data/deepfake/image/real\cifake_real_01558.jpg,0,cifake
data/deepfake/image/real\cifake_real_01559.jpg,0,cifake
data/deepfake/image/real\cifake_real_01560.jpg,0,cifake
data/deepfake/image/real\cifake_real_01561.jpg,0,cifake
data/deepfake/image/real\cifake_real_01562.jpg,0,cifake
data/deepfake/image/real\cifake_real_01563.jpg,0,cifake
data/deepfake/image/real\cifake_real_01564.jpg,0,cifake
data/deepfake/image/real\cifake_real_01565.jpg,0,cifake
data/deepfake/image/real\cifake_real_01566.jpg,0,cifake
data/deepfake/image/real\cifake_real_01567.jpg,0,cifake
data/deepfake/image/real\cifake_real_01568.jpg,0,cifake
data/deepfake/image/real\cifake_real_01569.jpg,0,cifake
data/deepfake/image/real\cifake_real_01570.jpg,0,cifake
data/deepfake/image/real\cifake_real_01571.jpg,0,cifake
data/deepfake/image/real\cifake_real_01572.jpg,0,cifake
data/deepfake/image/real\cifake_real_01573.jpg,0,cifake
data/deepfake/image/real\cifake_real_01574.jpg,0,cifake
data/deepfake/image/real\cifake_real_01575.jpg,0,cifake
data/deepfake/image/real\cifake_real_01576.jpg,0,cifake
data/deepfake/image/real\cifake_real_01577.jpg,0,cifake
data/deepfake/image/real\cifake_real_01578.jpg,0,cifake
data/deepfake/image/real\cifake_real_01579.jpg,0,cifake
data/deepfake/image/real\cifake_real_01580.jpg,0,cifake
data/deepfake/image/real\cifake_real_01581.jpg,0,cifake
data/deepfake/image/real\cifake_real_01582.jpg,0,cifake
data/deepfake/image/real\cifake_real_01583.jpg,0,cifake
data/deepfake/image/real\cifake_real_01584.jpg,0,cifake
data/deepfake/image/real\cifake_real_01585.jpg,0,cifake
data/deepfake/image/real\cifake_real_01586.jpg,0,cifake
data/deepfake/image/real\cifake_real_01587.jpg,0,cifake
data/deepfake/image/real\cifake_real_01588.jpg,0,cifake
data/deepfake/image/real\cifake_real_01589.jpg,0,cifake
data/deepfake/image/real\cifake_real_01590.jpg,0,cifake
data/deepfake/image/real\cifake_real_01591.jpg,0,cifake
data/deepfake/image/real\cifake_real_01592.jpg,0,cifake
data/deepfake/image/real\cifake_real_01593.jpg,0,cifake
data/deepfake/image/real\cifake_real_01594.jpg,0,cifake
data/deepfake/image/real\cifake_real_01595.jpg,0,cifake
data/deepfake/image/real\cifake_real_01596.jpg,0,cifake
data/deepfake/image/real\cifake_real_01597.jpg,0,cifake
data/deepfake/image/real\cifake_real_01598.jpg,0,cifake
data/deepfake/image/real\cifake_real_01599.jpg,0,cifake
data/deepfake/image/real\cifake_real_01600.jpg,0,cifake
data/deepfake/image/real\cifake_real_01601.jpg,0,cifake
data/deepfake/image/real\cifake_real_01602.jpg,0,cifake
data/deepfake/image/real\cifake_real_01603.jpg,0,cifake
data/deepfake/image/real\cifake_real_01604.jpg,0,cifake
data/deepfake/image/real\cifake_real_01605.jpg,0,cifake
data/deepfake/image/real\cifake_real_01606.jpg,0,cifake
data/deepfake/image/real\cifake_real_01607.jpg,0,cifake
data/deepfake/image/real\cifake_real_01608.jpg,0,cifake
data/deepfake/image/real\cifake_real_01609.jpg,0,cifake
data/deepfake/image/real\cifake_real_01610.jpg,0,cifake
data/deepfake/image/real\cifake_real_01611.jpg,0,cifake
data/deepfake/image/real\cifake_real_01612.jpg,0,cifake
data/deepfake/image/real\cifake_real_01613.jpg,0,cifake
data/deepfake/image/real\cifake_real_01614.jpg,0,cifake
data/deepfake/image/real\cifake_real_01615.jpg,0,cifake
data/deepfake/image/real\cifake_real_01616.jpg,0,cifake
data/deepfake/image/real\cifake_real_01617.jpg,0,cifake
data/deepfake/image/real\cifake_real_01618.jpg,0,cifake
data/deepfake/image/real\cifake_real_01619.jpg,0,cifake
data/deepfake/image/real\cifake_real_01620.jpg,0,cifake
data/deepfake/image/real\cifake_real_01621.jpg,0,cifake
data/deepfake/image/real\cifake_real_01622.jpg,0,cifake
data/deepfake/image/real\cifake_real_01623.jpg,0,cifake
data/deepfake/image/real\cifake_real_01624.jpg,0,cifake
data/deepfake/image/real\cifake_real_01625.jpg,0,cifake
data/deepfake/image/real\cifake_real_01626.jpg,0,cifake
data/deepfake/image/real\cifake_real_01627.jpg,0,cifake
data/deepfake/image/real\cifake_real_01628.jpg,0,cifake
data/deepfake/image/real\cifake_real_01629.jpg,0,cifake
data/deepfake/image/real\cifake_real_01630.jpg,0,cifake
data/deepfake/image/real\cifake_real_01631.jpg,0,cifake
data/deepfake/image/real\cifake_real_01632.jpg,0,cifake
data/deepfake/image/real\cifake_real_01633.jpg,0,cifake
data/deepfake/image/real\cifake_real_01634.jpg,0,cifake
data/deepfake/image/real\cifake_real_01635.jpg,0,cifake
data/deepfake/image/real\cifake_real_01636.jpg,0,cifake
data/deepfake/image/real\cifake_real_01637.jpg,0,cifake
data/deepfake/image/real\cifake_real_01638.jpg,0,cifake
data/deepfake/image/real\cifake_real_01639.jpg,0,cifake
data/deepfake/image/real\cifake_real_01640.jpg,0,cifake
data/deepfake/image/real\cifake_real_01641.jpg,0,cifake
data/deepfake/image/real\cifake_real_01642.jpg,0,cifake
data/deepfake/image/real\cifake_real_01643.jpg,0,cifake
data/deepfake/image/real\cifake_real_01644.jpg,0,cifake
data/deepfake/image/real\cifake_real_01645.jpg,0,cifake
data/deepfake/image/real\cifake_real_01646.jpg,0,cifake
data/deepfake/image/real\cifake_real_01647.jpg,0,cifake
data/deepfake/image/real\cifake_real_01648.jpg,0,cifake
data/deepfake/image/real\cifake_real_01649.jpg,0,cifake
data/deepfake/image/real\cifake_real_01650.jpg,0,cifake
data/deepfake/image/real\cifake_real_01651.jpg,0,cifake
data/deepfake/image/real\cifake_real_01652.jpg,0,cifake
data/deepfake/image/real\cifake_real_01653.jpg,0,cifake
data/deepfake/image/real\cifake_real_01654.jpg,0,cifake
data/deepfake/image/real\cifake_real_01655.jpg,0,cifake
data/deepfake/image/real\cifake_real_01656.jpg,0,cifake
data/deepfake/image/real\cifake_real_01657.jpg,0,cifake
data/deepfake/image/real\cifake_real_01658.jpg,0,cifake
data/deepfake/image/real\cifake_real_01659.jpg,0,cifake
data/deepfake/image/real\cifake_real_01660.jpg,0,cifake
data/deepfake/image/real\cifake_real_01661.jpg,0,cifake
data/deepfake/image/real\cifake_real_01662.jpg,0,cifake
data/deepfake/image/real\cifake_real_01663.jpg,0,cifake
data/deepfake/image/real\cifake_real_01664.jpg,0,cifake
data/deepfake/image/real\cifake_real_01665.jpg,0,cifake
data/deepfake/image/real\cifake_real_01666.jpg,0,cifake
data/deepfake/image/real\cifake_real_01667.jpg,0,cifake
data/deepfake/image/real\cifake_real_01668.jpg,0,cifake
data/deepfake/image/real\cifake_real_01669.jpg,0,cifake
data/deepfake/image/real\cifake_real_01670.jpg,0,cifake
data/deepfake/image/real\cifake_real_01671.jpg,0,cifake
data/deepfake/image/real\cifake_real_01672.jpg,0,cifake
data/deepfake/image/real\cifake_real_01673.jpg,0,cifake
data/deepfake/image/real\cifake_real_01674.jpg,0,cifake
data/deepfake/image/real\cifake_real_01675.jpg,0,cifake
data/deepfake/image/real\cifake_real_01676.jpg,0,cifake
data/deepfake/image/real\cifake_real_01677.jpg,0,cifake
data/deepfake/image/real\cifake_real_01678.jpg,0,cifake
data/deepfake/image/real\cifake_real_01679.jpg,0,cifake
data/deepfake/image/real\cifake_real_01680.jpg,0,cifake
data/deepfake/image/real\cifake_real_01681.jpg,0,cifake
data/deepfake/image/real\cifake_real_01682.jpg,0,cifake
data/deepfake/image/real\cifake_real_01683.jpg,0,cifake
data/deepfake/image/real\cifake_real_01684.jpg,0,cifake
data/deepfake/image/real\cifake_real_01685.jpg,0,cifake
data/deepfake/image/real\cifake_real_01686.jpg,0,cifake
data/deepfake/image/real\cifake_real_01687.jpg,0,cifake
data/deepfake/image/real\cifake_real_01688.jpg,0,cifake
data/deepfake/image/real\cifake_real_01689.jpg,0,cifake
data/deepfake/image/real\cifake_real_01690.jpg,0,cifake
data/deepfake/image/real\cifake_real_01691.jpg,0,cifake
data/deepfake/image/real\cifake_real_01692.jpg,0,cifake
data/deepfake/image/real\cifake_real_01693.jpg,0,cifake
data/deepfake/image/real\cifake_real_01694.jpg,0,cifake
data/deepfake/image/real\cifake_real_01695.jpg,0,cifake
data/deepfake/image/real\cifake_real_01696.jpg,0,cifake
data/deepfake/image/real\cifake_real_01697.jpg,0,cifake
data/deepfake/image/real\cifake_real_01698.jpg,0,cifake
data/deepfake/image/real\cifake_real_01699.jpg,0,cifake
data/deepfake/image/real\cifake_real_01700.jpg,0,cifake
data/deepfake/image/real\cifake_real_01701.jpg,0,cifake
data/deepfake/image/real\cifake_real_01702.jpg,0,cifake
data/deepfake/image/real\cifake_real_01703.jpg,0,cifake
data/deepfake/image/real\cifake_real_01704.jpg,0,cifake
data/deepfake/image/real\cifake_real_01705.jpg,0,cifake
data/deepfake/image/real\cifake_real_01706.jpg,0,cifake
data/deepfake/image/real\cifake_real_01707.jpg,0,cifake
data/deepfake/image/real\cifake_real_01708.jpg,0,cifake
data/deepfake/image/real\cifake_real_01709.jpg,0,cifake
data/deepfake/image/real\cifake_real_01710.jpg,0,cifake
data/deepfake/image/real\cifake_real_01711.jpg,0,cifake
data/deepfake/image/real\cifake_real_01712.jpg,0,cifake
data/deepfake/image/real\cifake_real_01713.jpg,0,cifake
data/deepfake/image/real\cifake_real_01714.jpg,0,cifake
data/deepfake/image/real\cifake_real_01715.jpg,0,cifake
data/deepfake/image/real\cifake_real_01716.jpg,0,cifake
data/deepfake/image/real\cifake_real_01717.jpg,0,cifake
data/deepfake/image/real\cifake_real_01718.jpg,0,cifake
data/deepfake/image/real\cifake_real_01719.jpg,0,cifake
data/deepfake/image/real\cifake_real_01720.jpg,0,cifake
data/deepfake/image/real\cifake_real_01721.jpg,0,cifake
data/deepfake/image/real\cifake_real_01722.jpg,0,cifake
data/deepfake/image/real\cifake_real_01723.jpg,0,cifake
data/deepfake/image/real\cifake_real_01724.jpg,0,cifake
data/deepfake/image/real\cifake_real_01725.jpg,0,cifake
data/deepfake/image/real\cifake_real_01726.jpg,0,cifake
data/deepfake/image/real\cifake_real_01727.jpg,0,cifake
data/deepfake/image/real\cifake_real_01728.jpg,0,cifake
data/deepfake/image/real\cifake_real_01729.jpg,0,cifake
data/deepfake/image/real\cifake_real_01730.jpg,0,cifake
data/deepfake/image/real\cifake_real_01731.jpg,0,cifake
data/deepfake/image/real\cifake_real_01732.jpg,0,cifake
data/deepfake/image/real\cifake_real_01733.jpg,0,cifake
data/deepfake/image/real\cifake_real_01734.jpg,0,cifake
data/deepfake/image/real\cifake_real_01735.jpg,0,cifake
data/deepfake/image/real\cifake_real_01736.jpg,0,cifake
data/deepfake/image/real\cifake_real_01737.jpg,0,cifake
data/deepfake/image/real\cifake_real_01738.jpg,0,cifake
data/deepfake/image/real\cifake_real_01739.jpg,0,cifake
data/deepfake/image/real\cifake_real_01740.jpg,0,cifake
data/deepfake/image/real\cifake_real_01741.jpg,0,cifake
data/deepfake/image/real\cifake_real_01742.jpg,0,cifake
data/deepfake/image/real\cifake_real_01743.jpg,0,cifake
data/deepfake/image/real\cifake_real_01744.jpg,0,cifake
data/deepfake/image/real\cifake_real_01745.jpg,0,cifake
data/deepfake/image/real\cifake_real_01746.jpg,0,cifake
data/deepfake/image/real\cifake_real_01747.jpg,0,cifake
data/deepfake/image/real\cifake_real_01748.jpg,0,cifake
data/deepfake/image/real\cifake_real_01749.jpg,0,cifake
data/deepfake/image/real\cifake_real_01750.jpg,0,cifake
data/deepfake/image/real\cifake_real_01751.jpg,0,cifake
data/deepfake/image/real\cifake_real_01752.jpg,0,cifake
data/deepfake/image/real\cifake_real_01753.jpg,0,cifake
data/deepfake/image/real\cifake_real_01754.jpg,0,cifake
data/deepfake/image/real\cifake_real_01755.jpg,0,cifake
data/deepfake/image/real\cifake_real_01756.jpg,0,cifake
data/deepfake/image/real\cifake_real_01757.jpg,0,cifake
data/deepfake/image/real\cifake_real_01758.jpg,0,cifake
data/deepfake/image/real\cifake_real_01759.jpg,0,cifake
data/deepfake/image/real\cifake_real_01760.jpg,0,cifake
data/deepfake/image/real\cifake_real_01761.jpg,0,cifake
data/deepfake/image/real\cifake_real_01762.jpg,0,cifake
data/deepfake/image/real\cifake_real_01763.jpg,0,cifake
data/deepfake/image/real\cifake_real_01764.jpg,0,cifake
data/deepfake/image/real\cifake_real_01765.jpg,0,cifake
data/deepfake/image/real\cifake_real_01766.jpg,0,cifake
data/deepfake/image/real\cifake_real_01767.jpg,0,cifake
data/deepfake/image/real\cifake_real_01768.jpg,0,cifake
data/deepfake/image/real\cifake_real_01769.jpg,0,cifake
data/deepfake/image/real\cifake_real_01770.jpg,0,cifake
data/deepfake/image/real\cifake_real_01771.jpg,0,cifake
data/deepfake/image/real\cifake_real_01772.jpg,0,cifake
data/deepfake/image/real\cifake_real_01773.jpg,0,cifake
data/deepfake/image/real\cifake_real_01774.jpg,0,cifake
data/deepfake/image/real\cifake_real_01775.jpg,0,cifake
data/deepfake/image/real\cifake_real_01776.jpg,0,cifake
data/deepfake/image/real\cifake_real_01777.jpg,0,cifake
data/deepfake/image/real\cifake_real_01778.jpg,0,cifake
data/deepfake/image/real\cifake_real_01779.jpg,0,cifake
data/deepfake/image/real\cifake_real_01780.jpg,0,cifake
data/deepfake/image/real\cifake_real_01781.jpg,0,cifake
data/deepfake/image/real\cifake_real_01782.jpg,0,cifake
data/deepfake/image/real\cifake_real_01783.jpg,0,cifake
data/deepfake/image/real\cifake_real_01784.jpg,0,cifake
data/deepfake/image/real\cifake_real_01785.jpg,0,cifake
data/deepfake/image/real\cifake_real_01786.jpg,0,cifake
data/deepfake/image/real\cifake_real_01787.jpg,0,cifake
data/deepfake/image/real\cifake_real_01788.jpg,0,cifake
data/deepfake/image/real\cifake_real_01789.jpg,0,cifake
data/deepfake/image/real\cifake_real_01790.jpg,0,cifake
data/deepfake/image/real\cifake_real_01791.jpg,0,cifake
data/deepfake/image/real\cifake_real_01792.jpg,0,cifake
data/deepfake/image/real\cifake_real_01793.jpg,0,cifake
data/deepfake/image/real\cifake_real_01794.jpg,0,cifake
data/deepfake/image/real\cifake_real_01795.jpg,0,cifake
data/deepfake/image/real\cifake_real_01796.jpg,0,cifake
data/deepfake/image/real\cifake_real_01797.jpg,0,cifake
data/deepfake/image/real\cifake_real_01798.jpg,0,cifake
data/deepfake/image/real\cifake_real_01799.jpg,0,cifake
data/deepfake/image/real\cifake_real_01800.jpg,0,cifake
data/deepfake/image/real\cifake_real_01801.jpg,0,cifake
data/deepfake/image/real\cifake_real_01802.jpg,0,cifake
data/deepfake/image/real\cifake_real_01803.jpg,0,cifake
data/deepfake/image/real\cifake_real_01804.jpg,0,cifake
data/deepfake/image/real\cifake_real_01805.jpg,0,cifake
data/deepfake/image/real\cifake_real_01806.jpg,0,cifake
data/deepfake/image/real\cifake_real_01807.jpg,0,cifake
data/deepfake/image/real\cifake_real_01808.jpg,0,cifake
data/deepfake/image/real\cifake_real_01809.jpg,0,cifake
data/deepfake/image/real\cifake_real_01810.jpg,0,cifake
data/deepfake/image/real\cifake_real_01811.jpg,0,cifake
data/deepfake/image/real\cifake_real_01812.jpg,0,cifake
data/deepfake/image/real\cifake_real_01813.jpg,0,cifake
data/deepfake/image/real\cifake_real_01814.jpg,0,cifake
data/deepfake/image/real\cifake_real_01815.jpg,0,cifake
data/deepfake/image/real\cifake_real_01816.jpg,0,cifake
data/deepfake/image/real\cifake_real_01817.jpg,0,cifake
data/deepfake/image/real\cifake_real_01818.jpg,0,cifake
data/deepfake/image/real\cifake_real_01819.jpg,0,cifake
data/deepfake/image/real\cifake_real_01820.jpg,0,cifake
data/deepfake/image/real\cifake_real_01821.jpg,0,cifake
data/deepfake/image/real\cifake_real_01822.jpg,0,cifake
data/deepfake/image/real\cifake_real_01823.jpg,0,cifake
data/deepfake/image/real\cifake_real_01824.jpg,0,cifake
data/deepfake/image/real\cifake_real_01825.jpg,0,cifake
data/deepfake/image/real\cifake_real_01826.jpg,0,cifake
data/deepfake/image/real\cifake_real_01827.jpg,0,cifake
data/deepfake/image/real\cifake_real_01828.jpg,0,cifake
data/deepfake/image/real\cifake_real_01829.jpg,0,cifake
data/deepfake/image/real\cifake_real_01830.jpg,0,cifake
data/deepfake/image/real\cifake_real_01831.jpg,0,cifake
data/deepfake/image/real\cifake_real_01832.jpg,0,cifake
data/deepfake/image/real\cifake_real_01833.jpg,0,cifake
data/deepfake/image/real\cifake_real_01834.jpg,0,cifake
data/deepfake/image/real\cifake_real_01835.jpg,0,cifake
data/deepfake/image/real\cifake_real_01836.jpg,0,cifake
data/deepfake/image/real\cifake_real_01837.jpg,0,cifake
data/deepfake/image/real\cifake_real_01838.jpg,0,cifake
data/deepfake/image/real\cifake_real_01839.jpg,0,cifake
data/deepfake/image/real\cifake_real_01840.jpg,0,cifake
data/deepfake/image/real\cifake_real_01841.jpg,0,cifake
data/deepfake/image/real\cifake_real_01842.jpg,0,cifake
data/deepfake/image/real\cifake_real_01843.jpg,0,cifake
data/deepfake/image/real\cifake_real_01844.jpg,0,cifake
data/deepfake/image/real\cifake_real_01845.jpg,0,cifake
data/deepfake/image/real\cifake_real_01846.jpg,0,cifake
data/deepfake/image/real\cifake_real_01847.jpg,0,cifake
data/deepfake/image/real\cifake_real_01848.jpg,0,cifake
data/deepfake/image/real\cifake_real_01849.jpg,0,cifake
data/deepfake/image/real\cifake_real_01850.jpg,0,cifake
data/deepfake/image/real\cifake_real_01851.jpg,0,cifake
data/deepfake/image/real\cifake_real_01852.jpg,0,cifake
data/deepfake/image/real\cifake_real_01853.jpg,0,cifake
data/deepfake/image/real\cifake_real_01854.jpg,0,cifake
data/deepfake/image/real\cifake_real_01855.jpg,0,cifake
data/deepfake/image/real\cifake_real_01856.jpg,0,cifake
data/deepfake/image/real\cifake_real_01857.jpg,0,cifake
data/deepfake/image/real\cifake_real_01858.jpg,0,cifake
data/deepfake/image/real\cifake_real_01859.jpg,0,cifake
data/deepfake/image/real\cifake_real_01860.jpg,0,cifake
data/deepfake/image/real\cifake_real_01861.jpg,0,cifake
data/deepfake/image/real\cifake_real_01862.jpg,0,cifake
data/deepfake/image/real\cifake_real_01863.jpg,0,cifake
data/deepfake/image/real\cifake_real_01864.jpg,0,cifake
data/deepfake/image/real\cifake_real_01865.jpg,0,cifake
data/deepfake/image/real\cifake_real_01866.jpg,0,cifake
data/deepfake/image/real\cifake_real_01867.jpg,0,cifake
data/deepfake/image/real\cifake_real_01868.jpg,0,cifake
data/deepfake/image/real\cifake_real_01869.jpg,0,cifake
data/deepfake/image/real\cifake_real_01870.jpg,0,cifake
data/deepfake/image/real\cifake_real_01871.jpg,0,cifake
data/deepfake/image/real\cifake_real_01872.jpg,0,cifake
data/deepfake/image/real\cifake_real_01873.jpg,0,cifake
data/deepfake/image/real\cifake_real_01874.jpg,0,cifake
data/deepfake/image/real\cifake_real_01875.jpg,0,cifake
data/deepfake/image/real\cifake_real_01876.jpg,0,cifake
data/deepfake/image/real\cifake_real_01877.jpg,0,cifake
data/deepfake/image/real\cifake_real_01878.jpg,0,cifake
data/deepfake/image/real\cifake_real_01879.jpg,0,cifake
data/deepfake/image/real\cifake_real_01880.jpg,0,cifake
data/deepfake/image/real\cifake_real_01881.jpg,0,cifake
data/deepfake/image/real\cifake_real_01882.jpg,0,cifake
data/deepfake/image/real\cifake_real_01883.jpg,0,cifake
data/deepfake/image/real\cifake_real_01884.jpg,0,cifake
data/deepfake/image/real\cifake_real_01885.jpg,0,cifake
data/deepfake/image/real\cifake_real_01886.jpg,0,cifake
data/deepfake/image/real\cifake_real_01887.jpg,0,cifake
data/deepfake/image/real\cifake_real_01888.jpg,0,cifake
data/deepfake/image/real\cifake_real_01889.jpg,0,cifake
data/deepfake/image/real\cifake_real_01890.jpg,0,cifake
data/deepfake/image/real\cifake_real_01891.jpg,0,cifake
data/deepfake/image/real\cifake_real_01892.jpg,0,cifake
data/deepfake/image/real\cifake_real_01893.jpg,0,cifake
data/deepfake/image/real\cifake_real_01894.jpg,0,cifake
data/deepfake/image/real\cifake_real_01895.jpg,0,cifake
data/deepfake/image/real\cifake_real_01896.jpg,0,cifake
data/deepfake/image/real\cifake_real_01897.jpg,0,cifake
data/deepfake/image/real\cifake_real_01898.jpg,0,cifake
data/deepfake/image/real\cifake_real_01899.jpg,0,cifake
data/deepfake/image/real\cifake_real_01900.jpg,0,cifake
data/deepfake/image/real\cifake_real_01901.jpg,0,cifake
data/deepfake/image/real\cifake_real_01902.jpg,0,cifake
data/deepfake/image/real\cifake_real_01903.jpg,0,cifake
data/deepfake/image/real\cifake_real_01904.jpg,0,cifake
data/deepfake/image/real\cifake_real_01905.jpg,0,cifake
data/deepfake/image/real\cifake_real_01906.jpg,0,cifake
data/deepfake/image/real\cifake_real_01907.jpg,0,cifake
data/deepfake/image/real\cifake_real_01908.jpg,0,cifake
data/deepfake/image/real\cifake_real_01909.jpg,0,cifake
data/deepfake/image/real\cifake_real_01910.jpg,0,cifake
data/deepfake/image/real\cifake_real_01911.jpg,0,cifake
data/deepfake/image/real\cifake_real_01912.jpg,0,cifake
data/deepfake/image/real\cifake_real_01913.jpg,0,cifake
data/deepfake/image/real\cifake_real_01914.jpg,0,cifake
data/deepfake/image/real\cifake_real_01915.jpg,0,cifake
data/deepfake/image/real\cifake_real_01916.jpg,0,cifake
data/deepfake/image/real\cifake_real_01917.jpg,0,cifake
data/deepfake/image/real\cifake_real_01918.jpg,0,cifake
data/deepfake/image/real\cifake_real_01919.jpg,0,cifake
data/deepfake/image/real\cifake_real_01920.jpg,0,cifake
data/deepfake/image/real\cifake_real_01921.jpg,0,cifake
data/deepfake/image/real\cifake_real_01922.jpg,0,cifake
data/deepfake/image/real\cifake_real_01923.jpg,0,cifake
data/deepfake/image/real\cifake_real_01924.jpg,0,cifake
data/deepfake/image/real\cifake_real_01925.jpg,0,cifake
data/deepfake/image/real\cifake_real_01926.jpg,0,cifake
data/deepfake/image/real\cifake_real_01927.jpg,0,cifake
data/deepfake/image/real\cifake_real_01928.jpg,0,cifake
data/deepfake/image/real\cifake_real_01929.jpg,0,cifake
data/deepfake/image/real\cifake_real_01930.jpg,0,cifake
data/deepfake/image/real\cifake_real_01931.jpg,0,cifake
data/deepfake/image/real\cifake_real_01932.jpg,0,cifake
data/deepfake/image/real\cifake_real_01933.jpg,0,cifake
data/deepfake/image/real\cifake_real_01934.jpg,0,cifake
data/deepfake/image/real\cifake_real_01935.jpg,0,cifake
data/deepfake/image/real\cifake_real_01936.jpg,0,cifake
data/deepfake/image/real\cifake_real_01937.jpg,0,cifake
data/deepfake/image/real\cifake_real_01938.jpg,0,cifake
data/deepfake/image/real\cifake_real_01939.jpg,0,cifake
data/deepfake/image/real\cifake_real_01940.jpg,0,cifake
data/deepfake/image/real\cifake_real_01941.jpg,0,cifake
data/deepfake/image/real\cifake_real_01942.jpg,0,cifake
data/deepfake/image/real\cifake_real_01943.jpg,0,cifake
data/deepfake/image/real\cifake_real_01944.jpg,0,cifake
data/deepfake/image/real\cifake_real_01945.jpg,0,cifake
data/deepfake/image/real\cifake_real_01946.jpg,0,cifake
data/deepfake/image/real\cifake_real_01947.jpg,0,cifake
data/deepfake/image/real\cifake_real_01948.jpg,0,cifake
data/deepfake/image/real\cifake_real_01949.jpg,0,cifake
data/deepfake/image/real\cifake_real_01950.jpg,0,cifake
data/deepfake/image/real\cifake_real_01951.jpg,0,cifake
data/deepfake/image/real\cifake_real_01952.jpg,0,cifake
data/deepfake/image/real\cifake_real_01953.jpg,0,cifake
data/deepfake/image/real\cifake_real_01954.jpg,0,cifake
data/deepfake/image/real\cifake_real_01955.jpg,0,cifake
data/deepfake/image/real\cifake_real_01956.jpg,0,cifake
data/deepfake/image/real\cifake_real_01957.jpg,0,cifake
data/deepfake/image/real\cifake_real_01958.jpg,0,cifake
data/deepfake/image/real\cifake_real_01959.jpg,0,cifake
data/deepfake/image/real\cifake_real_01960.jpg,0,cifake
data/deepfake/image/real\cifake_real_01961.jpg,0,cifake
data/deepfake/image/real\cifake_real_01962.jpg,0,cifake
data/deepfake/image/real\cifake_real_01963.jpg,0,cifake
data/deepfake/image/real\cifake_real_01964.jpg,0,cifake
data/deepfake/image/real\cifake_real_01965.jpg,0,cifake
data/deepfake/image/real\cifake_real_01966.jpg,0,cifake
data/deepfake/image/real\cifake_real_01967.jpg,0,cifake
data/deepfake/image/real\cifake_real_01968.jpg,0,cifake
data/deepfake/image/real\cifake_real_01969.jpg,0,cifake
data/deepfake/image/real\cifake_real_01970.jpg,0,cifake
data/deepfake/image/real\cifake_real_01971.jpg,0,cifake
data/deepfake/image/real\cifake_real_01972.jpg,0,cifake
data/deepfake/image/real\cifake_real_01973.jpg,0,cifake
data/deepfake/image/real\cifake_real_01974.jpg,0,cifake
data/deepfake/image/real\cifake_real_01975.jpg,0,cifake
data/deepfake/image/real\cifake_real_01976.jpg,0,cifake
data/deepfake/image/real\cifake_real_01977.jpg,0,cifake
data/deepfake/image/real\cifake_real_01978.jpg,0,cifake
data/deepfake/image/real\cifake_real_01979.jpg,0,cifake
data/deepfake/image/real\cifake_real_01980.jpg,0,cifake
data/deepfake/image/real\cifake_real_01981.jpg,0,cifake
data/deepfake/image/real\cifake_real_01982.jpg,0,cifake
data/deepfake/image/real\cifake_real_01983.jpg,0,cifake
data/deepfake/image/real\cifake_real_01984.jpg,0,cifake
data/deepfake/image/real\cifake_real_01985.jpg,0,cifake
data/deepfake/image/real\cifake_real_01986.jpg,0,cifake
data/deepfake/image/real\cifake_real_01987.jpg,0,cifake
data/deepfake/image/real\cifake_real_01988.jpg,0,cifake
data/deepfake/image/real\cifake_real_01989.jpg,0,cifake
data/deepfake/image/real\cifake_real_01990.jpg,0,cifake
data/deepfake/image/real\cifake_real_01991.jpg,0,cifake
data/deepfake/image/real\cifake_real_01992.jpg,0,cifake
data/deepfake/image/real\cifake_real_01993.jpg,0,cifake
data/deepfake/image/real\cifake_real_01994.jpg,0,cifake
data/deepfake/image/real\cifake_real_01995.jpg,0,cifake
data/deepfake/image/real\cifake_real_01996.jpg,0,cifake
data/deepfake/image/real\cifake_real_01997.jpg,0,cifake
data/deepfake/image/real\cifake_real_01998.jpg,0,cifake
data/deepfake/image/real\cifake_real_01999.jpg,0,cifake
data/deepfake/image/real\cifake_real_02000.jpg,0,cifake
data/deepfake/image/real\cifake_real_02001.jpg,0,cifake
data/deepfake/image/real\cifake_real_02002.jpg,0,cifake
data/deepfake/image/real\cifake_real_02003.jpg,0,cifake
data/deepfake/image/real\cifake_real_02004.jpg,0,cifake
data/deepfake/image/real\cifake_real_02005.jpg,0,cifake
data/deepfake/image/real\cifake_real_02006.jpg,0,cifake
data/deepfake/image/real\cifake_real_02007.jpg,0,cifake
data/deepfake/image/real\cifake_real_02008.jpg,0,cifake
data/deepfake/image/real\cifake_real_02009.jpg,0,cifake
data/deepfake/image/real\cifake_real_02010.jpg,0,cifake
data/deepfake/image/real\cifake_real_02011.jpg,0,cifake
data/deepfake/image/real\cifake_real_02012.jpg,0,cifake
data/deepfake/image/real\cifake_real_02013.jpg,0,cifake
data/deepfake/image/real\cifake_real_02014.jpg,0,cifake
data/deepfake/image/real\cifake_real_02015.jpg,0,cifake
data/deepfake/image/real\cifake_real_02016.jpg,0,cifake
data/deepfake/image/real\cifake_real_02017.jpg,0,cifake
data/deepfake/image/real\cifake_real_02018.jpg,0,cifake
data/deepfake/image/real\cifake_real_02019.jpg,0,cifake
data/deepfake/image/real\cifake_real_02020.jpg,0,cifake
data/deepfake/image/real\cifake_real_02021.jpg,0,cifake
data/deepfake/image/real\cifake_real_02022.jpg,0,cifake
data/deepfake/image/real\cifake_real_02023.jpg,0,cifake
data/deepfake/image/real\cifake_real_02024.jpg,0,cifake
data/deepfake/image/real\cifake_real_02025.jpg,0,cifake
data/deepfake/image/real\cifake_real_02026.jpg,0,cifake
data/deepfake/image/real\cifake_real_02027.jpg,0,cifake
data/deepfake/image/real\cifake_real_02028.jpg,0,cifake
data/deepfake/image/real\cifake_real_02029.jpg,0,cifake
data/deepfake/image/real\cifake_real_02030.jpg,0,cifake
data/deepfake/image/real\cifake_real_02031.jpg,0,cifake
data/deepfake/image/real\cifake_real_02032.jpg,0,cifake
data/deepfake/image/real\cifake_real_02033.jpg,0,cifake
data/deepfake/image/real\cifake_real_02034.jpg,0,cifake
data/deepfake/image/real\cifake_real_02035.jpg,0,cifake
data/deepfake/image/real\cifake_real_02036.jpg,0,cifake
data/deepfake/image/real\cifake_real_02037.jpg,0,cifake
data/deepfake/image/real\cifake_real_02038.jpg,0,cifake
data/deepfake/image/real\cifake_real_02039.jpg,0,cifake
data/deepfake/image/real\cifake_real_02040.jpg,0,cifake
data/deepfake/image/real\cifake_real_02041.jpg,0,cifake
data/deepfake/image/real\cifake_real_02042.jpg,0,cifake
data/deepfake/image/real\cifake_real_02043.jpg,0,cifake
data/deepfake/image/real\cifake_real_02044.jpg,0,cifake
data/deepfake/image/real\cifake_real_02045.jpg,0,cifake
data/deepfake/image/real\cifake_real_02046.jpg,0,cifake
data/deepfake/image/real\cifake_real_02047.jpg,0,cifake
data/deepfake/image/real\cifake_real_02048.jpg,0,cifake
data/deepfake/image/real\cifake_real_02049.jpg,0,cifake
data/deepfake/image/real\cifake_real_02050.jpg,0,cifake
data/deepfake/image/real\cifake_real_02051.jpg,0,cifake
data/deepfake/image/real\cifake_real_02052.jpg,0,cifake
data/deepfake/image/real\cifake_real_02053.jpg,0,cifake
data/deepfake/image/real\cifake_real_02054.jpg,0,cifake
data/deepfake/image/real\cifake_real_02055.jpg,0,cifake
data/deepfake/image/real\cifake_real_02056.jpg,0,cifake
data/deepfake/image/real\cifake_real_02057.jpg,0,cifake
data/deepfake/image/real\cifake_real_02058.jpg,0,cifake
data/deepfake/image/real\cifake_real_02059.jpg,0,cifake
data/deepfake/image/real\cifake_real_02060.jpg,0,cifake
data/deepfake/image/real\cifake_real_02061.jpg,0,cifake
data/deepfake/image/real\cifake_real_02062.jpg,0,cifake
data/deepfake/image/real\cifake_real_02063.jpg,0,cifake
data/deepfake/image/real\cifake_real_02064.jpg,0,cifake
data/deepfake/image/real\cifake_real_02065.jpg,0,cifake
data/deepfake/image/real\cifake_real_02066.jpg,0,cifake
data/deepfake/image/real\cifake_real_02067.jpg,0,cifake
data/deepfake/image/real\cifake_real_02068.jpg,0,cifake
data/deepfake/image/real\cifake_real_02069.jpg,0,cifake
data/deepfake/image/real\cifake_real_02070.jpg,0,cifake
data/deepfake/image/real\cifake_real_02071.jpg,0,cifake
data/deepfake/image/real\cifake_real_02072.jpg,0,cifake
data/deepfake/image/real\cifake_real_02073.jpg,0,cifake
data/deepfake/image/real\cifake_real_02074.jpg,0,cifake
data/deepfake/image/real\cifake_real_02075.jpg,0,cifake
data/deepfake/image/real\cifake_real_02076.jpg,0,cifake
data/deepfake/image/real\cifake_real_02077.jpg,0,cifake
data/deepfake/image/real\cifake_real_02078.jpg,0,cifake
data/deepfake/image/real\cifake_real_02079.jpg,0,cifake
data/deepfake/image/real\cifake_real_02080.jpg,0,cifake
data/deepfake/image/real\cifake_real_02081.jpg,0,cifake
data/deepfake/image/real\cifake_real_02082.jpg,0,cifake
data/deepfake/image/real\cifake_real_02083.jpg,0,cifake
data/deepfake/image/real\cifake_real_02084.jpg,0,cifake
data/deepfake/image/real\cifake_real_02085.jpg,0,cifake
data/deepfake/image/real\cifake_real_02086.jpg,0,cifake
data/deepfake/image/real\cifake_real_02087.jpg,0,cifake
data/deepfake/image/real\cifake_real_02088.jpg,0,cifake
data/deepfake/image/real\cifake_real_02089.jpg,0,cifake
data/deepfake/image/real\cifake_real_02090.jpg,0,cifake
data/deepfake/image/real\cifake_real_02091.jpg,0,cifake
data/deepfake/image/real\cifake_real_02092.jpg,0,cifake
data/deepfake/image/real\cifake_real_02093.jpg,0,cifake
data/deepfake/image/real\cifake_real_02094.jpg,0,cifake
data/deepfake/image/real\cifake_real_02095.jpg,0,cifake
data/deepfake/image/real\cifake_real_02096.jpg,0,cifake
data/deepfake/image/real\cifake_real_02097.jpg,0,cifake
data/deepfake/image/real\cifake_real_02098.jpg,0,cifake
data/deepfake/image/real\cifake_real_02099.jpg,0,cifake
data/deepfake/image/real\cifake_real_02100.jpg,0,cifake
data/deepfake/image/real\cifake_real_02101.jpg,0,cifake
data/deepfake/image/real\cifake_real_02102.jpg,0,cifake
data/deepfake/image/real\cifake_real_02103.jpg,0,cifake
data/deepfake/image/real\cifake_real_02104.jpg,0,cifake
data/deepfake/image/real\cifake_real_02105.jpg,0,cifake
data/deepfake/image/real\cifake_real_02106.jpg,0,cifake
data/deepfake/image/real\cifake_real_02107.jpg,0,cifake
data/deepfake/image/real\cifake_real_02108.jpg,0,cifake
data/deepfake/image/real\cifake_real_02109.jpg,0,cifake
data/deepfake/image/real\cifake_real_02110.jpg,0,cifake
data/deepfake/image/real\cifake_real_02111.jpg,0,cifake
data/deepfake/image/real\cifake_real_02112.jpg,0,cifake
data/deepfake/image/real\cifake_real_02113.jpg,0,cifake
data/deepfake/image/real\cifake_real_02114.jpg,0,cifake
data/deepfake/image/real\cifake_real_02115.jpg,0,cifake
data/deepfake/image/real\cifake_real_02116.jpg,0,cifake
data/deepfake/image/real\cifake_real_02117.jpg,0,cifake
data/deepfake/image/real\cifake_real_02118.jpg,0,cifake
data/deepfake/image/real\cifake_real_02119.jpg,0,cifake
data/deepfake/image/real\cifake_real_02120.jpg,0,cifake
data/deepfake/image/real\cifake_real_02121.jpg,0,cifake
data/deepfake/image/real\cifake_real_02122.jpg,0,cifake
data/deepfake/image/real\cifake_real_02123.jpg,0,cifake
data/deepfake/image/real\cifake_real_02124.jpg,0,cifake
data/deepfake/image/real\cifake_real_02125.jpg,0,cifake
data/deepfake/image/real\cifake_real_02126.jpg,0,cifake
data/deepfake/image/real\cifake_real_02127.jpg,0,cifake
data/deepfake/image/real\cifake_real_02128.jpg,0,cifake
data/deepfake/image/real\cifake_real_02129.jpg,0,cifake
data/deepfake/image/real\cifake_real_02130.jpg,0,cifake
data/deepfake/image/real\cifake_real_02131.jpg,0,cifake
data/deepfake/image/real\cifake_real_02132.jpg,0,cifake
data/deepfake/image/real\cifake_real_02133.jpg,0,cifake
data/deepfake/image/real\cifake_real_02134.jpg,0,cifake
data/deepfake/image/real\cifake_real_02135.jpg,0,cifake
data/deepfake/image/real\cifake_real_02136.jpg,0,cifake
data/deepfake/image/real\cifake_real_02137.jpg,0,cifake
data/deepfake/image/real\cifake_real_02138.jpg,0,cifake
data/deepfake/image/real\cifake_real_02139.jpg,0,cifake
data/deepfake/image/real\cifake_real_02140.jpg,0,cifake
data/deepfake/image/real\cifake_real_02141.jpg,0,cifake
data/deepfake/image/real\cifake_real_02142.jpg,0,cifake
data/deepfake/image/real\cifake_real_02143.jpg,0,cifake
data/deepfake/image/real\cifake_real_02144.jpg,0,cifake
data/deepfake/image/real\cifake_real_02145.jpg,0,cifake
data/deepfake/image/real\cifake_real_02146.jpg,0,cifake
data/deepfake/image/real\cifake_real_02147.jpg,0,cifake
data/deepfake/image/real\cifake_real_02148.jpg,0,cifake
data/deepfake/image/real\cifake_real_02149.jpg,0,cifake
data/deepfake/image/real\cifake_real_02150.jpg,0,cifake
data/deepfake/image/real\cifake_real_02151.jpg,0,cifake
data/deepfake/image/real\cifake_real_02152.jpg,0,cifake
data/deepfake/image/real\cifake_real_02153.jpg,0,cifake
data/deepfake/image/real\cifake_real_02154.jpg,0,cifake
data/deepfake/image/real\cifake_real_02155.jpg,0,cifake
data/deepfake/image/real\cifake_real_02156.jpg,0,cifake
data/deepfake/image/real\cifake_real_02157.jpg,0,cifake
data/deepfake/image/real\cifake_real_02158.jpg,0,cifake
data/deepfake/image/real\cifake_real_02159.jpg,0,cifake
data/deepfake/image/real\cifake_real_02160.jpg,0,cifake
data/deepfake/image/real\cifake_real_02161.jpg,0,cifake
data/deepfake/image/real\cifake_real_02162.jpg,0,cifake
data/deepfake/image/real\cifake_real_02163.jpg,0,cifake
data/deepfake/image/real\cifake_real_02164.jpg,0,cifake
data/deepfake/image/real\cifake_real_02165.jpg,0,cifake
data/deepfake/image/real\cifake_real_02166.jpg,0,cifake
data/deepfake/image/real\cifake_real_02167.jpg,0,cifake
data/deepfake/image/real\cifake_real_02168.jpg,0,cifake
data/deepfake/image/real\cifake_real_02169.jpg,0,cifake
data/deepfake/image/real\cifake_real_02170.jpg,0,cifake
data/deepfake/image/real\cifake_real_02171.jpg,0,cifake
data/deepfake/image/real\cifake_real_02172.jpg,0,cifake
data/deepfake/image/real\cifake_real_02173.jpg,0,cifake
data/deepfake/image/real\cifake_real_02174.jpg,0,cifake
data/deepfake/image/real\cifake_real_02175.jpg,0,cifake
data/deepfake/image/real\cifake_real_02176.jpg,0,cifake
data/deepfake/image/real\cifake_real_02177.jpg,0,cifake
data/deepfake/image/real\cifake_real_02178.jpg,0,cifake
data/deepfake/image/real\cifake_real_02179.jpg,0,cifake
data/deepfake/image/real\cifake_real_02180.jpg,0,cifake
data/deepfake/image/real\cifake_real_02181.jpg,0,cifake
data/deepfake/image/real\cifake_real_02182.jpg,0,cifake
data/deepfake/image/real\cifake_real_02183.jpg,0,cifake
data/deepfake/image/real\cifake_real_02184.jpg,0,cifake
data/deepfake/image/real\cifake_real_02185.jpg,0,cifake
data/deepfake/image/real\cifake_real_02186.jpg,0,cifake
data/deepfake/image/real\cifake_real_02187.jpg,0,cifake
data/deepfake/image/real\cifake_real_02188.jpg,0,cifake
data/deepfake/image/real\cifake_real_02189.jpg,0,cifake
data/deepfake/image/real\cifake_real_02190.jpg,0,cifake
data/deepfake/image/real\cifake_real_02191.jpg,0,cifake
data/deepfake/image/real\cifake_real_02192.jpg,0,cifake
data/deepfake/image/real\cifake_real_02193.jpg,0,cifake
data/deepfake/image/real\cifake_real_02194.jpg,0,cifake
data/deepfake/image/real\cifake_real_02195.jpg,0,cifake
data/deepfake/image/real\cifake_real_02196.jpg,0,cifake
data/deepfake/image/real\cifake_real_02197.jpg,0,cifake
data/deepfake/image/real\cifake_real_02198.jpg,0,cifake
data/deepfake/image/real\cifake_real_02199.jpg,0,cifake
data/deepfake/image/real\cifake_real_02200.jpg,0,cifake
data/deepfake/image/real\cifake_real_02201.jpg,0,cifake
data/deepfake/image/real\cifake_real_02202.jpg,0,cifake
data/deepfake/image/real\cifake_real_02203.jpg,0,cifake
data/deepfake/image/real\cifake_real_02204.jpg,0,cifake
data/deepfake/image/real\cifake_real_02205.jpg,0,cifake
data/deepfake/image/real\cifake_real_02206.jpg,0,cifake
data/deepfake/image/real\cifake_real_02207.jpg,0,cifake
data/deepfake/image/real\cifake_real_02208.jpg,0,cifake
data/deepfake/image/real\cifake_real_02209.jpg,0,cifake
data/deepfake/image/real\cifake_real_02210.jpg,0,cifake
data/deepfake/image/real\cifake_real_02211.jpg,0,cifake
data/deepfake/image/real\cifake_real_02212.jpg,0,cifake
data/deepfake/image/real\cifake_real_02213.jpg,0,cifake
data/deepfake/image/real\cifake_real_02214.jpg,0,cifake
data/deepfake/image/real\cifake_real_02215.jpg,0,cifake
data/deepfake/image/real\cifake_real_02216.jpg,0,cifake
data/deepfake/image/real\cifake_real_02217.jpg,0,cifake
data/deepfake/image/real\cifake_real_02218.jpg,0,cifake
data/deepfake/image/real\cifake_real_02219.jpg,0,cifake
data/deepfake/image/real\cifake_real_02220.jpg,0,cifake
data/deepfake/image/real\cifake_real_02221.jpg,0,cifake
data/deepfake/image/real\cifake_real_02222.jpg,0,cifake
data/deepfake/image/real\cifake_real_02223.jpg,0,cifake
data/deepfake/image/real\cifake_real_02224.jpg,0,cifake
data/deepfake/image/real\cifake_real_02225.jpg,0,cifake
data/deepfake/image/real\cifake_real_02226.jpg,0,cifake
data/deepfake/image/real\cifake_real_02227.jpg,0,cifake
data/deepfake/image/real\cifake_real_02228.jpg,0,cifake
data/deepfake/image/real\cifake_real_02229.jpg,0,cifake
data/deepfake/image/real\cifake_real_02230.jpg,0,cifake
data/deepfake/image/real\cifake_real_02231.jpg,0,cifake
data/deepfake/image/real\cifake_real_02232.jpg,0,cifake
data/deepfake/image/real\cifake_real_02233.jpg,0,cifake
data/deepfake/image/real\cifake_real_02234.jpg,0,cifake
data/deepfake/image/real\cifake_real_02235.jpg,0,cifake
data/deepfake/image/real\cifake_real_02236.jpg,0,cifake
data/deepfake/image/real\cifake_real_02237.jpg,0,cifake
data/deepfake/image/real\cifake_real_02238.jpg,0,cifake
data/deepfake/image/real\cifake_real_02239.jpg,0,cifake
data/deepfake/image/real\cifake_real_02240.jpg,0,cifake
data/deepfake/image/real\cifake_real_02241.jpg,0,cifake
data/deepfake/image/real\cifake_real_02242.jpg,0,cifake
data/deepfake/image/real\cifake_real_02243.jpg,0,cifake
data/deepfake/image/real\cifake_real_02244.jpg,0,cifake
data/deepfake/image/real\cifake_real_02245.jpg,0,cifake
data/deepfake/image/real\cifake_real_02246.jpg,0,cifake
data/deepfake/image/real\cifake_real_02247.jpg,0,cifake
data/deepfake/image/real\cifake_real_02248.jpg,0,cifake
data/deepfake/image/real\cifake_real_02249.jpg,0,cifake
data/deepfake/image/real\cifake_real_02250.jpg,0,cifake
data/deepfake/image/real\cifake_real_02251.jpg,0,cifake
data/deepfake/image/real\cifake_real_02252.jpg,0,cifake
data/deepfake/image/real\cifake_real_02253.jpg,0,cifake
data/deepfake/image/real\cifake_real_02254.jpg,0,cifake
data/deepfake/image/real\cifake_real_02255.jpg,0,cifake
data/deepfake/image/real\cifake_real_02256.jpg,0,cifake
data/deepfake/image/real\cifake_real_02257.jpg,0,cifake
data/deepfake/image/real\cifake_real_02258.jpg,0,cifake
data/deepfake/image/real\cifake_real_02259.jpg,0,cifake
data/deepfake/image/real\cifake_real_02260.jpg,0,cifake
data/deepfake/image/real\cifake_real_02261.jpg,0,cifake
data/deepfake/image/real\cifake_real_02262.jpg,0,cifake
data/deepfake/image/real\cifake_real_02263.jpg,0,cifake
data/deepfake/image/real\cifake_real_02264.jpg,0,cifake
data/deepfake/image/real\cifake_real_02265.jpg,0,cifake
data/deepfake/image/real\cifake_real_02266.jpg,0,cifake
data/deepfake/image/real\cifake_real_02267.jpg,0,cifake
data/deepfake/image/real\cifake_real_02268.jpg,0,cifake
data/deepfake/image/real\cifake_real_02269.jpg,0,cifake
data/deepfake/image/real\cifake_real_02270.jpg,0,cifake
data/deepfake/image/real\cifake_real_02271.jpg,0,cifake
data/deepfake/image/real\cifake_real_02272.jpg,0,cifake
data/deepfake/image/real\cifake_real_02273.jpg,0,cifake
data/deepfake/image/real\cifake_real_02274.jpg,0,cifake
data/deepfake/image/real\cifake_real_02275.jpg,0,cifake
data/deepfake/image/real\cifake_real_02276.jpg,0,cifake
data/deepfake/image/real\cifake_real_02277.jpg,0,cifake
data/deepfake/image/real\cifake_real_02278.jpg,0,cifake
data/deepfake/image/real\cifake_real_02279.jpg,0,cifake
data/deepfake/image/real\cifake_real_02280.jpg,0,cifake
data/deepfake/image/real\cifake_real_02281.jpg,0,cifake
data/deepfake/image/real\cifake_real_02282.jpg,0,cifake
data/deepfake/image/real\cifake_real_02283.jpg,0,cifake
data/deepfake/image/real\cifake_real_02284.jpg,0,cifake
data/deepfake/image/real\cifake_real_02285.jpg,0,cifake
data/deepfake/image/real\cifake_real_02286.jpg,0,cifake
data/deepfake/image/real\cifake_real_02287.jpg,0,cifake
data/deepfake/image/real\cifake_real_02288.jpg,0,cifake
data/deepfake/image/real\cifake_real_02289.jpg,0,cifake
data/deepfake/image/real\cifake_real_02290.jpg,0,cifake
data/deepfake/image/real\cifake_real_02291.jpg,0,cifake
data/deepfake/image/real\cifake_real_02292.jpg,0,cifake
data/deepfake/image/real\cifake_real_02293.jpg,0,cifake
data/deepfake/image/real\cifake_real_02294.jpg,0,cifake
data/deepfake/image/real\cifake_real_02295.jpg,0,cifake
data/deepfake/image/real\cifake_real_02296.jpg,0,cifake
data/deepfake/image/real\cifake_real_02297.jpg,0,cifake
data/deepfake/image/real\cifake_real_02298.jpg,0,cifake
data/deepfake/image/real\cifake_real_02299.jpg,0,cifake
data/deepfake/image/real\cifake_real_02300.jpg,0,cifake
data/deepfake/image/real\cifake_real_02301.jpg,0,cifake
data/deepfake/image/real\cifake_real_02302.jpg,0,cifake
data/deepfake/image/real\cifake_real_02303.jpg,0,cifake
data/deepfake/image/real\cifake_real_02304.jpg,0,cifake
data/deepfake/image/real\cifake_real_02305.jpg,0,cifake
data/deepfake/image/real\cifake_real_02306.jpg,0,cifake
data/deepfake/image/real\cifake_real_02307.jpg,0,cifake
data/deepfake/image/real\cifake_real_02308.jpg,0,cifake
data/deepfake/image/real\cifake_real_02309.jpg,0,cifake
data/deepfake/image/real\cifake_real_02310.jpg,0,cifake
data/deepfake/image/real\cifake_real_02311.jpg,0,cifake
data/deepfake/image/real\cifake_real_02312.jpg,0,cifake
data/deepfake/image/real\cifake_real_02313.jpg,0,cifake
data/deepfake/image/real\cifake_real_02314.jpg,0,cifake
data/deepfake/image/real\cifake_real_02315.jpg,0,cifake
data/deepfake/image/real\cifake_real_02316.jpg,0,cifake
data/deepfake/image/real\cifake_real_02317.jpg,0,cifake
data/deepfake/image/real\cifake_real_02318.jpg,0,cifake
data/deepfake/image/real\cifake_real_02319.jpg,0,cifake
data/deepfake/image/real\cifake_real_02320.jpg,0,cifake
data/deepfake/image/real\cifake_real_02321.jpg,0,cifake
data/deepfake/image/real\cifake_real_02322.jpg,0,cifake
data/deepfake/image/real\cifake_real_02323.jpg,0,cifake
data/deepfake/image/real\cifake_real_02324.jpg,0,cifake
data/deepfake/image/real\cifake_real_02325.jpg,0,cifake
data/deepfake/image/real\cifake_real_02326.jpg,0,cifake
data/deepfake/image/real\cifake_real_02327.jpg,0,cifake
data/deepfake/image/real\cifake_real_02328.jpg,0,cifake
data/deepfake/image/real\cifake_real_02329.jpg,0,cifake
data/deepfake/image/real\cifake_real_02330.jpg,0,cifake
data/deepfake/image/real\cifake_real_02331.jpg,0,cifake
data/deepfake/image/real\cifake_real_02332.jpg,0,cifake
data/deepfake/image/real\cifake_real_02333.jpg,0,cifake
data/deepfake/image/real\cifake_real_02334.jpg,0,cifake
data/deepfake/image/real\cifake_real_02335.jpg,0,cifake
data/deepfake/image/real\cifake_real_02336.jpg,0,cifake
data/deepfake/image/real\cifake_real_02337.jpg,0,cifake
data/deepfake/image/real\cifake_real_02338.jpg,0,cifake
data/deepfake/image/real\cifake_real_02339.jpg,0,cifake
data/deepfake/image/real\cifake_real_02340.jpg,0,cifake
data/deepfake/image/real\cifake_real_02341.jpg,0,cifake
data/deepfake/image/real\cifake_real_02342.jpg,0,cifake
data/deepfake/image/real\cifake_real_02343.jpg,0,cifake
data/deepfake/image/real\cifake_real_02344.jpg,0,cifake
data/deepfake/image/real\cifake_real_02345.jpg,0,cifake
data/deepfake/image/real\cifake_real_02346.jpg,0,cifake
data/deepfake/image/real\cifake_real_02347.jpg,0,cifake
data/deepfake/image/real\cifake_real_02348.jpg,0,cifake
data/deepfake/image/real\cifake_real_02349.jpg,0,cifake
data/deepfake/image/real\cifake_real_02350.jpg,0,cifake
data/deepfake/image/real\cifake_real_02351.jpg,0,cifake
data/deepfake/image/real\cifake_real_02352.jpg,0,cifake
data/deepfake/image/real\cifake_real_02353.jpg,0,cifake
data/deepfake/image/real\cifake_real_02354.jpg,0,cifake
data/deepfake/image/real\cifake_real_02355.jpg,0,cifake
data/deepfake/image/real\cifake_real_02356.jpg,0,cifake
data/deepfake/image/real\cifake_real_02357.jpg,0,cifake
data/deepfake/image/real\cifake_real_02358.jpg,0,cifake
data/deepfake/image/real\cifake_real_02359.jpg,0,cifake
data/deepfake/image/real\cifake_real_02360.jpg,0,cifake
data/deepfake/image/real\cifake_real_02361.jpg,0,cifake
data/deepfake/image/real\cifake_real_02362.jpg,0,cifake
data/deepfake/image/real\cifake_real_02363.jpg,0,cifake
data/deepfake/image/real\cifake_real_02364.jpg,0,cifake
data/deepfake/image/real\cifake_real_02365.jpg,0,cifake
data/deepfake/image/real\cifake_real_02366.jpg,0,cifake
data/deepfake/image/real\cifake_real_02367.jpg,0,cifake
data/deepfake/image/real\cifake_real_02368.jpg,0,cifake
data/deepfake/image/real\cifake_real_02369.jpg,0,cifake
data/deepfake/image/real\cifake_real_02370.jpg,0,cifake
data/deepfake/image/real\cifake_real_02371.jpg,0,cifake
data/deepfake/image/real\cifake_real_02372.jpg,0,cifake
data/deepfake/image/real\cifake_real_02373.jpg,0,cifake
data/deepfake/image/real\cifake_real_02374.jpg,0,cifake
data/deepfake/image/real\cifake_real_02375.jpg,0,cifake
data/deepfake/image/real\cifake_real_02376.jpg,0,cifake
data/deepfake/image/real\cifake_real_02377.jpg,0,cifake
data/deepfake/image/real\cifake_real_02378.jpg,0,cifake
data/deepfake/image/real\cifake_real_02379.jpg,0,cifake
data/deepfake/image/real\cifake_real_02380.jpg,0,cifake
data/deepfake/image/real\cifake_real_02381.jpg,0,cifake
data/deepfake/image/real\cifake_real_02382.jpg,0,cifake
data/deepfake/image/real\cifake_real_02383.jpg,0,cifake
data/deepfake/image/real\cifake_real_02384.jpg,0,cifake
data/deepfake/image/real\cifake_real_02385.jpg,0,cifake
data/deepfake/image/real\cifake_real_02386.jpg,0,cifake
data/deepfake/image/real\cifake_real_02387.jpg,0,cifake
data/deepfake/image/real\cifake_real_02388.jpg,0,cifake
data/deepfake/image/real\cifake_real_02389.jpg,0,cifake
data/deepfake/image/real\cifake_real_02390.jpg,0,cifake
data/deepfake/image/real\cifake_real_02391.jpg,0,cifake
data/deepfake/image/real\cifake_real_02392.jpg,0,cifake
data/deepfake/image/real\cifake_real_02393.jpg,0,cifake
data/deepfake/image/real\cifake_real_02394.jpg,0,cifake
data/deepfake/image/real\cifake_real_02395.jpg,0,cifake
data/deepfake/image/real\cifake_real_02396.jpg,0,cifake
data/deepfake/image/real\cifake_real_02397.jpg,0,cifake
data/deepfake/image/real\cifake_real_02398.jpg,0,cifake
data/deepfake/image/real\cifake_real_02399.jpg,0,cifake
data/deepfake/image/real\cifake_real_02400.jpg,0,cifake
data/deepfake/image/real\cifake_real_02401.jpg,0,cifake
data/deepfake/image/real\cifake_real_02402.jpg,0,cifake
data/deepfake/image/real\cifake_real_02403.jpg,0,cifake
data/deepfake/image/real\cifake_real_02404.jpg,0,cifake
data/deepfake/image/real\cifake_real_02405.jpg,0,cifake
data/deepfake/image/real\cifake_real_02406.jpg,0,cifake
data/deepfake/image/real\cifake_real_02407.jpg,0,cifake
data/deepfake/image/real\cifake_real_02408.jpg,0,cifake
data/deepfake/image/real\cifake_real_02409.jpg,0,cifake
data/deepfake/image/real\cifake_real_02410.jpg,0,cifake
data/deepfake/image/real\cifake_real_02411.jpg,0,cifake
data/deepfake/image/real\cifake_real_02412.jpg,0,cifake
data/deepfake/image/real\cifake_real_02413.jpg,0,cifake
data/deepfake/image/real\cifake_real_02414.jpg,0,cifake
data/deepfake/image/real\cifake_real_02415.jpg,0,cifake
data/deepfake/image/real\cifake_real_02416.jpg,0,cifake
data/deepfake/image/real\cifake_real_02417.jpg,0,cifake
data/deepfake/image/real\cifake_real_02418.jpg,0,cifake
data/deepfake/image/real\cifake_real_02419.jpg,0,cifake
data/deepfake/image/real\cifake_real_02420.jpg,0,cifake
data/deepfake/image/real\cifake_real_02421.jpg,0,cifake
data/deepfake/image/real\cifake_real_02422.jpg,0,cifake
data/deepfake/image/real\cifake_real_02423.jpg,0,cifake
data/deepfake/image/real\cifake_real_02424.jpg,0,cifake
data/deepfake/image/real\cifake_real_02425.jpg,0,cifake
data/deepfake/image/real\cifake_real_02426.jpg,0,cifake
data/deepfake/image/real\cifake_real_02427.jpg,0,cifake
data/deepfake/image/real\cifake_real_02428.jpg,0,cifake
data/deepfake/image/real\cifake_real_02429.jpg,0,cifake
data/deepfake/image/real\cifake_real_02430.jpg,0,cifake
data/deepfake/image/real\cifake_real_02431.jpg,0,cifake
data/deepfake/image/real\cifake_real_02432.jpg,0,cifake
data/deepfake/image/real\cifake_real_02433.jpg,0,cifake
data/deepfake/image/real\cifake_real_02434.jpg,0,cifake
data/deepfake/image/real\cifake_real_02435.jpg,0,cifake
data/deepfake/image/real\cifake_real_02436.jpg,0,cifake
data/deepfake/image/real\cifake_real_02437.jpg,0,cifake
data/deepfake/image/real\cifake_real_02438.jpg,0,cifake
data/deepfake/image/real\cifake_real_02439.jpg,0,cifake
data/deepfake/image/real\cifake_real_02440.jpg,0,cifake
data/deepfake/image/real\cifake_real_02441.jpg,0,cifake
data/deepfake/image/real\cifake_real_02442.jpg,0,cifake
data/deepfake/image/real\cifake_real_02443.jpg,0,cifake
data/deepfake/image/real\cifake_real_02444.jpg,0,cifake
data/deepfake/image/real\cifake_real_02445.jpg,0,cifake
data/deepfake/image/real\cifake_real_02446.jpg,0,cifake
data/deepfake/image/real\cifake_real_02447.jpg,0,cifake
data/deepfake/image/real\cifake_real_02448.jpg,0,cifake
data/deepfake/image/real\cifake_real_02449.jpg,0,cifake
data/deepfake/image/real\cifake_real_02450.jpg,0,cifake
data/deepfake/image/real\cifake_real_02451.jpg,0,cifake
data/deepfake/image/real\cifake_real_02452.jpg,0,cifake
data/deepfake/image/real\cifake_real_02453.jpg,0,cifake
data/deepfake/image/real\cifake_real_02454.jpg,0,cifake
data/deepfake/image/real\cifake_real_02455.jpg,0,cifake
data/deepfake/image/real\cifake_real_02456.jpg,0,cifake
data/deepfake/image/real\cifake_real_02457.jpg,0,cifake
data/deepfake/image/real\cifake_real_02458.jpg,0,cifake
data/deepfake/image/real\cifake_real_02459.jpg,0,cifake
data/deepfake/image/real\cifake_real_02460.jpg,0,cifake
data/deepfake/image/real\cifake_real_02461.jpg,0,cifake
data/deepfake/image/real\cifake_real_02462.jpg,0,cifake
data/deepfake/image/real\cifake_real_02463.jpg,0,cifake
data/deepfake/image/real\cifake_real_02464.jpg,0,cifake
data/deepfake/image/real\cifake_real_02465.jpg,0,cifake
data/deepfake/image/real\cifake_real_02466.jpg,0,cifake
data/deepfake/image/real\cifake_real_02467.jpg,0,cifake
data/deepfake/image/real\cifake_real_02468.jpg,0,cifake
data/deepfake/image/real\cifake_real_02469.jpg,0,cifake
data/deepfake/image/real\cifake_real_02470.jpg,0,cifake
data/deepfake/image/real\cifake_real_02471.jpg,0,cifake
data/deepfake/image/real\cifake_real_02472.jpg,0,cifake
data/deepfake/image/real\cifake_real_02473.jpg,0,cifake
data/deepfake/image/real\cifake_real_02474.jpg,0,cifake
data/deepfake/image/real\cifake_real_02475.jpg,0,cifake
data/deepfake/image/real\cifake_real_02476.jpg,0,cifake
data/deepfake/image/real\cifake_real_02477.jpg,0,cifake
data/deepfake/image/real\cifake_real_02478.jpg,0,cifake
data/deepfake/image/real\cifake_real_02479.jpg,0,cifake
data/deepfake/image/real\cifake_real_02480.jpg,0,cifake
data/deepfake/image/real\cifake_real_02481.jpg,0,cifake
data/deepfake/image/real\cifake_real_02482.jpg,0,cifake
data/deepfake/image/real\cifake_real_02483.jpg,0,cifake
data/deepfake/image/real\cifake_real_02484.jpg,0,cifake
data/deepfake/image/real\cifake_real_02485.jpg,0,cifake
data/deepfake/image/real\cifake_real_02486.jpg,0,cifake
data/deepfake/image/real\cifake_real_02487.jpg,0,cifake
data/deepfake/image/real\cifake_real_02488.jpg,0,cifake
data/deepfake/image/real\cifake_real_02489.jpg,0,cifake
data/deepfake/image/real\cifake_real_02490.jpg,0,cifake
data/deepfake/image/real\cifake_real_02491.jpg,0,cifake
data/deepfake/image/real\cifake_real_02492.jpg,0,cifake
data/deepfake/image/real\cifake_real_02493.jpg,0,cifake
data/deepfake/image/real\cifake_real_02494.jpg,0,cifake
data/deepfake/image/real\cifake_real_02495.jpg,0,cifake
data/deepfake/image/real\cifake_real_02496.jpg,0,cifake
data/deepfake/image/real\cifake_real_02497.jpg,0,cifake
data/deepfake/image/real\cifake_real_02498.jpg,0,cifake
data/deepfake/image/real\cifake_real_02499.jpg,0,cifake
data/deepfake/image/real\cifake_real_02500.jpg,0,cifake
data/deepfake/image/real\cifake_real_02501.jpg,0,cifake
data/deepfake/image/real\cifake_real_02502.jpg,0,cifake
data/deepfake/image/real\cifake_real_02503.jpg,0,cifake
data/deepfake/image/real\cifake_real_02504.jpg,0,cifake
data/deepfake/image/real\cifake_real_02505.jpg,0,cifake
data/deepfake/image/real\cifake_real_02506.jpg,0,cifake
data/deepfake/image/real\cifake_real_02507.jpg,0,cifake
data/deepfake/image/real\cifake_real_02508.jpg,0,cifake
data/deepfake/image/real\cifake_real_02509.jpg,0,cifake
data/deepfake/image/real\cifake_real_02510.jpg,0,cifake
data/deepfake/image/real\cifake_real_02511.jpg,0,cifake
data/deepfake/image/real\cifake_real_02512.jpg,0,cifake
data/deepfake/image/real\cifake_real_02513.jpg,0,cifake
data/deepfake/image/real\cifake_real_02514.jpg,0,cifake
data/deepfake/image/real\cifake_real_02515.jpg,0,cifake
data/deepfake/image/real\cifake_real_02516.jpg,0,cifake
data/deepfake/image/real\cifake_real_02517.jpg,0,cifake
data/deepfake/image/real\cifake_real_02518.jpg,0,cifake
data/deepfake/image/real\cifake_real_02519.jpg,0,cifake
data/deepfake/image/real\cifake_real_02520.jpg,0,cifake
data/deepfake/image/real\cifake_real_02521.jpg,0,cifake
data/deepfake/image/real\cifake_real_02522.jpg,0,cifake
data/deepfake/image/real\cifake_real_02523.jpg,0,cifake
data/deepfake/image/real\cifake_real_02524.jpg,0,cifake
data/deepfake/image/real\cifake_real_02525.jpg,0,cifake
data/deepfake/image/real\cifake_real_02526.jpg,0,cifake
data/deepfake/image/real\cifake_real_02527.jpg,0,cifake
data/deepfake/image/real\cifake_real_02528.jpg,0,cifake
data/deepfake/image/real\cifake_real_02529.jpg,0,cifake
data/deepfake/image/real\cifake_real_02530.jpg,0,cifake
data/deepfake/image/real\cifake_real_02531.jpg,0,cifake
data/deepfake/image/real\cifake_real_02532.jpg,0,cifake
data/deepfake/image/real\cifake_real_02533.jpg,0,cifake
data/deepfake/image/real\cifake_real_02534.jpg,0,cifake
data/deepfake/image/real\cifake_real_02535.jpg,0,cifake
data/deepfake/image/real\cifake_real_02536.jpg,0,cifake
data/deepfake/image/real\cifake_real_02537.jpg,0,cifake
data/deepfake/image/real\cifake_real_02538.jpg,0,cifake
data/deepfake/image/real\cifake_real_02539.jpg,0,cifake
data/deepfake/image/real\cifake_real_02540.jpg,0,cifake
data/deepfake/image/real\cifake_real_02541.jpg,0,cifake
data/deepfake/image/real\cifake_real_02542.jpg,0,cifake
data/deepfake/image/real\cifake_real_02543.jpg,0,cifake
data/deepfake/image/real\cifake_real_02544.jpg,0,cifake
data/deepfake/image/real\cifake_real_02545.jpg,0,cifake
data/deepfake/image/real\cifake_real_02546.jpg,0,cifake
data/deepfake/image/real\cifake_real_02547.jpg,0,cifake
data/deepfake/image/real\cifake_real_02548.jpg,0,cifake
data/deepfake/image/real\cifake_real_02549.jpg,0,cifake
data/deepfake/image/real\cifake_real_02550.jpg,0,cifake
data/deepfake/image/real\cifake_real_02551.jpg,0,cifake
data/deepfake/image/real\cifake_real_02552.jpg,0,cifake
data/deepfake/image/real\cifake_real_02553.jpg,0,cifake
data/deepfake/image/real\cifake_real_02554.jpg,0,cifake
data/deepfake/image/real\cifake_real_02555.jpg,0,cifake
data/deepfake/image/real\cifake_real_02556.jpg,0,cifake
data/deepfake/image/real\cifake_real_02557.jpg,0,cifake
data/deepfake/image/real\cifake_real_02558.jpg,0,cifake
data/deepfake/image/real\cifake_real_02559.jpg,0,cifake
data/deepfake/image/real\cifake_real_02560.jpg,0,cifake
data/deepfake/image/real\cifake_real_02561.jpg,0,cifake
data/deepfake/image/real\cifake_real_02562.jpg,0,cifake
data/deepfake/image/real\cifake_real_02563.jpg,0,cifake
data/deepfake/image/real\cifake_real_02564.jpg,0,cifake
data/deepfake/image/real\cifake_real_02565.jpg,0,cifake
data/deepfake/image/real\cifake_real_02566.jpg,0,cifake
data/deepfake/image/real\cifake_real_02567.jpg,0,cifake
data/deepfake/image/real\cifake_real_02568.jpg,0,cifake
data/deepfake/image/real\cifake_real_02569.jpg,0,cifake
data/deepfake/image/real\cifake_real_02570.jpg,0,cifake
data/deepfake/image/real\cifake_real_02571.jpg,0,cifake
data/deepfake/image/real\cifake_real_02572.jpg,0,cifake
data/deepfake/image/real\cifake_real_02573.jpg,0,cifake
data/deepfake/image/real\cifake_real_02574.jpg,0,cifake
data/deepfake/image/real\cifake_real_02575.jpg,0,cifake
data/deepfake/image/real\cifake_real_02576.jpg,0,cifake
data/deepfake/image/real\cifake_real_02577.jpg,0,cifake
data/deepfake/image/real\cifake_real_02578.jpg,0,cifake
data/deepfake/image/real\cifake_real_02579.jpg,0,cifake
data/deepfake/image/real\cifake_real_02580.jpg,0,cifake
data/deepfake/image/real\cifake_real_02581.jpg,0,cifake
data/deepfake/image/real\cifake_real_02582.jpg,0,cifake
data/deepfake/image/real\cifake_real_02583.jpg,0,cifake
data/deepfake/image/real\cifake_real_02584.jpg,0,cifake
data/deepfake/image/real\cifake_real_02585.jpg,0,cifake
data/deepfake/image/real\cifake_real_02586.jpg,0,cifake
data/deepfake/image/real\cifake_real_02587.jpg,0,cifake
data/deepfake/image/real\cifake_real_02588.jpg,0,cifake
data/deepfake/image/real\cifake_real_02589.jpg,0,cifake
data/deepfake/image/real\cifake_real_02590.jpg,0,cifake
data/deepfake/image/real\cifake_real_02591.jpg,0,cifake
data/deepfake/image/real\cifake_real_02592.jpg,0,cifake
data/deepfake/image/real\cifake_real_02593.jpg,0,cifake
data/deepfake/image/real\cifake_real_02594.jpg,0,cifake
data/deepfake/image/real\cifake_real_02595.jpg,0,cifake
data/deepfake/image/real\cifake_real_02596.jpg,0,cifake
data/deepfake/image/real\cifake_real_02597.jpg,0,cifake
data/deepfake/image/real\cifake_real_02598.jpg,0,cifake
data/deepfake/image/real\cifake_real_02599.jpg,0,cifake
data/deepfake/image/real\cifake_real_02600.jpg,0,cifake
data/deepfake/image/real\cifake_real_02601.jpg,0,cifake
data/deepfake/image/real\cifake_real_02602.jpg,0,cifake
data/deepfake/image/real\cifake_real_02603.jpg,0,cifake
data/deepfake/image/real\cifake_real_02604.jpg,0,cifake
data/deepfake/image/real\cifake_real_02605.jpg,0,cifake
data/deepfake/image/real\cifake_real_02606.jpg,0,cifake
data/deepfake/image/real\cifake_real_02607.jpg,0,cifake
data/deepfake/image/real\cifake_real_02608.jpg,0,cifake
data/deepfake/image/real\cifake_real_02609.jpg,0,cifake
data/deepfake/image/real\cifake_real_02610.jpg,0,cifake
data/deepfake/image/real\cifake_real_02611.jpg,0,cifake
data/deepfake/image/real\cifake_real_02612.jpg,0,cifake
data/deepfake/image/real\cifake_real_02613.jpg,0,cifake
data/deepfake/image/real\cifake_real_02614.jpg,0,cifake
data/deepfake/image/real\cifake_real_02615.jpg,0,cifake
data/deepfake/image/real\cifake_real_02616.jpg,0,cifake
data/deepfake/image/real\cifake_real_02617.jpg,0,cifake
data/deepfake/image/real\cifake_real_02618.jpg,0,cifake
data/deepfake/image/real\cifake_real_02619.jpg,0,cifake
data/deepfake/image/real\cifake_real_02620.jpg,0,cifake
data/deepfake/image/real\cifake_real_02621.jpg,0,cifake
data/deepfake/image/real\cifake_real_02622.jpg,0,cifake
data/deepfake/image/real\cifake_real_02623.jpg,0,cifake
data/deepfake/image/real\cifake_real_02624.jpg,0,cifake
data/deepfake/image/real\cifake_real_02625.jpg,0,cifake
data/deepfake/image/real\cifake_real_02626.jpg,0,cifake
data/deepfake/image/real\cifake_real_02627.jpg,0,cifake
data/deepfake/image/real\cifake_real_02628.jpg,0,cifake
data/deepfake/image/real\cifake_real_02629.jpg,0,cifake
data/deepfake/image/real\cifake_real_02630.jpg,0,cifake
data/deepfake/image/real\cifake_real_02631.jpg,0,cifake
data/deepfake/image/real\cifake_real_02632.jpg,0,cifake
data/deepfake/image/real\cifake_real_02633.jpg,0,cifake
data/deepfake/image/real\cifake_real_02634.jpg,0,cifake
data/deepfake/image/real\cifake_real_02635.jpg,0,cifake
data/deepfake/image/real\cifake_real_02636.jpg,0,cifake
data/deepfake/image/real\cifake_real_02637.jpg,0,cifake
data/deepfake/image/real\cifake_real_02638.jpg,0,cifake
data/deepfake/image/real\cifake_real_02639.jpg,0,cifake
data/deepfake/image/real\cifake_real_02640.jpg,0,cifake
data/deepfake/image/real\cifake_real_02641.jpg,0,cifake
data/deepfake/image/real\cifake_real_02642.jpg,0,cifake
data/deepfake/image/real\cifake_real_02643.jpg,0,cifake
data/deepfake/image/real\cifake_real_02644.jpg,0,cifake
data/deepfake/image/real\cifake_real_02645.jpg,0,cifake
data/deepfake/image/real\cifake_real_02646.jpg,0,cifake
data/deepfake/image/real\cifake_real_02647.jpg,0,cifake
data/deepfake/image/real\cifake_real_02648.jpg,0,cifake
data/deepfake/image/real\cifake_real_02649.jpg,0,cifake
data/deepfake/image/real\cifake_real_02650.jpg,0,cifake
data/deepfake/image/real\cifake_real_02651.jpg,0,cifake
data/deepfake/image/real\cifake_real_02652.jpg,0,cifake
data/deepfake/image/real\cifake_real_02653.jpg,0,cifake
data/deepfake/image/real\cifake_real_02654.jpg,0,cifake
data/deepfake/image/real\cifake_real_02655.jpg,0,cifake
data/deepfake/image/real\cifake_real_02656.jpg,0,cifake
data/deepfake/image/real\cifake_real_02657.jpg,0,cifake
data/deepfake/image/real\cifake_real_02658.jpg,0,cifake
data/deepfake/image/real\cifake_real_02659.jpg,0,cifake
data/deepfake/image/real\cifake_real_02660.jpg,0,cifake
data/deepfake/image/real\cifake_real_02661.jpg,0,cifake
data/deepfake/image/real\cifake_real_02662.jpg,0,cifake
data/deepfake/image/real\cifake_real_02663.jpg,0,cifake
data/deepfake/image/real\cifake_real_02664.jpg,0,cifake
data/deepfake/image/real\cifake_real_02665.jpg,0,cifake
data/deepfake/image/real\cifake_real_02666.jpg,0,cifake
data/deepfake/image/real\cifake_real_02667.jpg,0,cifake
data/deepfake/image/real\cifake_real_02668.jpg,0,cifake
data/deepfake/image/real\cifake_real_02669.jpg,0,cifake
data/deepfake/image/real\cifake_real_02670.jpg,0,cifake
data/deepfake/image/real\cifake_real_02671.jpg,0,cifake
data/deepfake/image/real\cifake_real_02672.jpg,0,cifake
data/deepfake/image/real\cifake_real_02673.jpg,0,cifake
data/deepfake/image/real\cifake_real_02674.jpg,0,cifake
data/deepfake/image/real\cifake_real_02675.jpg,0,cifake
data/deepfake/image/real\cifake_real_02676.jpg,0,cifake
data/deepfake/image/real\cifake_real_02677.jpg,0,cifake
data/deepfake/image/real\cifake_real_02678.jpg,0,cifake
data/deepfake/image/real\cifake_real_02679.jpg,0,cifake
data/deepfake/image/real\cifake_real_02680.jpg,0,cifake
data/deepfake/image/real\cifake_real_02681.jpg,0,cifake
data/deepfake/image/real\cifake_real_02682.jpg,0,cifake
data/deepfake/image/real\cifake_real_02683.jpg,0,cifake
data/deepfake/image/real\cifake_real_02684.jpg,0,cifake
data/deepfake/image/real\cifake_real_02685.jpg,0,cifake
data/deepfake/image/real\cifake_real_02686.jpg,0,cifake
data/deepfake/image/real\cifake_real_02687.jpg,0,cifake
data/deepfake/image/real\cifake_real_02688.jpg,0,cifake
data/deepfake/image/real\cifake_real_02689.jpg,0,cifake
data/deepfake/image/real\cifake_real_02690.jpg,0,cifake
data/deepfake/image/real\cifake_real_02691.jpg,0,cifake
data/deepfake/image/real\cifake_real_02692.jpg,0,cifake
data/deepfake/image/real\cifake_real_02693.jpg,0,cifake
data/deepfake/image/real\cifake_real_02694.jpg,0,cifake
data/deepfake/image/real\cifake_real_02695.jpg,0,cifake
data/deepfake/image/real\cifake_real_02696.jpg,0,cifake
data/deepfake/image/real\cifake_real_02697.jpg,0,cifake
data/deepfake/image/real\cifake_real_02698.jpg,0,cifake
data/deepfake/image/real\cifake_real_02699.jpg,0,cifake
data/deepfake/image/real\cifake_real_02700.jpg,0,cifake
data/deepfake/image/real\cifake_real_02701.jpg,0,cifake
data/deepfake/image/real\cifake_real_02702.jpg,0,cifake
data/deepfake/image/real\cifake_real_02703.jpg,0,cifake
data/deepfake/image/real\cifake_real_02704.jpg,0,cifake
data/deepfake/image/real\cifake_real_02705.jpg,0,cifake
data/deepfake/image/real\cifake_real_02706.jpg,0,cifake
data/deepfake/image/real\cifake_real_02707.jpg,0,cifake
data/deepfake/image/real\cifake_real_02708.jpg,0,cifake
data/deepfake/image/real\cifake_real_02709.jpg,0,cifake
data/deepfake/image/real\cifake_real_02710.jpg,0,cifake
data/deepfake/image/real\cifake_real_02711.jpg,0,cifake
data/deepfake/image/real\cifake_real_02712.jpg,0,cifake
data/deepfake/image/real\cifake_real_02713.jpg,0,cifake
data/deepfake/image/real\cifake_real_02714.jpg,0,cifake
data/deepfake/image/real\cifake_real_02715.jpg,0,cifake
data/deepfake/image/real\cifake_real_02716.jpg,0,cifake
data/deepfake/image/real\cifake_real_02717.jpg,0,cifake
data/deepfake/image/real\cifake_real_02718.jpg,0,cifake
data/deepfake/image/real\cifake_real_02719.jpg,0,cifake
data/deepfake/image/real\cifake_real_02720.jpg,0,cifake
data/deepfake/image/real\cifake_real_02721.jpg,0,cifake
data/deepfake/image/real\cifake_real_02722.jpg,0,cifake
data/deepfake/image/real\cifake_real_02723.jpg,0,cifake
data/deepfake/image/real\cifake_real_02724.jpg,0,cifake
data/deepfake/image/real\cifake_real_02725.jpg,0,cifake
data/deepfake/image/real\cifake_real_02726.jpg,0,cifake
data/deepfake/image/real\cifake_real_02727.jpg,0,cifake
data/deepfake/image/real\cifake_real_02728.jpg,0,cifake
data/deepfake/image/real\cifake_real_02729.jpg,0,cifake
data/deepfake/image/real\cifake_real_02730.jpg,0,cifake
data/deepfake/image/real\cifake_real_02731.jpg,0,cifake
data/deepfake/image/real\cifake_real_02732.jpg,0,cifake
data/deepfake/image/real\cifake_real_02733.jpg,0,cifake
data/deepfake/image/real\cifake_real_02734.jpg,0,cifake
data/deepfake/image/real\cifake_real_02735.jpg,0,cifake
data/deepfake/image/real\cifake_real_02736.jpg,0,cifake
data/deepfake/image/real\cifake_real_02737.jpg,0,cifake
data/deepfake/image/real\cifake_real_02738.jpg,0,cifake
data/deepfake/image/real\cifake_real_02739.jpg,0,cifake
data/deepfake/image/real\cifake_real_02740.jpg,0,cifake
data/deepfake/image/real\cifake_real_02741.jpg,0,cifake
data/deepfake/image/real\cifake_real_02742.jpg,0,cifake
data/deepfake/image/real\cifake_real_02743.jpg,0,cifake
data/deepfake/image/real\cifake_real_02744.jpg,0,cifake
data/deepfake/image/real\cifake_real_02745.jpg,0,cifake
data/deepfake/image/real\cifake_real_02746.jpg,0,cifake
data/deepfake/image/real\cifake_real_02747.jpg,0,cifake
data/deepfake/image/real\cifake_real_02748.jpg,0,cifake
data/deepfake/image/real\cifake_real_02749.jpg,0,cifake
data/deepfake/image/real\cifake_real_02750.jpg,0,cifake
data/deepfake/image/real\cifake_real_02751.jpg,0,cifake
data/deepfake/image/real\cifake_real_02752.jpg,0,cifake
data/deepfake/image/real\cifake_real_02753.jpg,0,cifake
data/deepfake/image/real\cifake_real_02754.jpg,0,cifake
data/deepfake/image/real\cifake_real_02755.jpg,0,cifake
data/deepfake/image/real\cifake_real_02756.jpg,0,cifake
data/deepfake/image/real\cifake_real_02757.jpg,0,cifake
data/deepfake/image/real\cifake_real_02758.jpg,0,cifake
data/deepfake/image/real\cifake_real_02759.jpg,0,cifake
data/deepfake/image/real\cifake_real_02760.jpg,0,cifake
data/deepfake/image/real\cifake_real_02761.jpg,0,cifake
data/deepfake/image/real\cifake_real_02762.jpg,0,cifake
data/deepfake/image/real\cifake_real_02763.jpg,0,cifake
data/deepfake/image/real\cifake_real_02764.jpg,0,cifake
data/deepfake/image/real\cifake_real_02765.jpg,0,cifake
data/deepfake/image/real\cifake_real_02766.jpg,0,cifake
data/deepfake/image/real\cifake_real_02767.jpg,0,cifake
data/deepfake/image/real\cifake_real_02768.jpg,0,cifake
data/deepfake/image/real\cifake_real_02769.jpg,0,cifake
data/deepfake/image/real\cifake_real_02770.jpg,0,cifake
data/deepfake/image/real\cifake_real_02771.jpg,0,cifake
data/deepfake/image/real\cifake_real_02772.jpg,0,cifake
data/deepfake/image/real\cifake_real_02773.jpg,0,cifake
data/deepfake/image/real\cifake_real_02774.jpg,0,cifake
data/deepfake/image/real\cifake_real_02775.jpg,0,cifake
data/deepfake/image/real\cifake_real_02776.jpg,0,cifake
data/deepfake/image/real\cifake_real_02777.jpg,0,cifake
data/deepfake/image/real\cifake_real_02778.jpg,0,cifake
data/deepfake/image/real\cifake_real_02779.jpg,0,cifake
data/deepfake/image/real\cifake_real_02780.jpg,0,cifake
data/deepfake/image/real\cifake_real_02781.jpg,0,cifake
data/deepfake/image/real\cifake_real_02782.jpg,0,cifake
data/deepfake/image/real\cifake_real_02783.jpg,0,cifake
data/deepfake/image/real\cifake_real_02784.jpg,0,cifake
data/deepfake/image/real\cifake_real_02785.jpg,0,cifake
data/deepfake/image/real\cifake_real_02786.jpg,0,cifake
data/deepfake/image/real\cifake_real_02787.jpg,0,cifake
data/deepfake/image/real\cifake_real_02788.jpg,0,cifake
data/deepfake/image/real\cifake_real_02789.jpg,0,cifake
data/deepfake/image/real\cifake_real_02790.jpg,0,cifake
data/deepfake/image/real\cifake_real_02791.jpg,0,cifake
data/deepfake/image/real\cifake_real_02792.jpg,0,cifake
data/deepfake/image/real\cifake_real_02793.jpg,0,cifake
data/deepfake/image/real\cifake_real_02794.jpg,0,cifake
data/deepfake/image/real\cifake_real_02795.jpg,0,cifake
data/deepfake/image/real\cifake_real_02796.jpg,0,cifake
data/deepfake/image/real\cifake_real_02797.jpg,0,cifake
data/deepfake/image/real\cifake_real_02798.jpg,0,cifake
data/deepfake/image/real\cifake_real_02799.jpg,0,cifake
data/deepfake/image/real\cifake_real_02800.jpg,0,cifake
data/deepfake/image/real\cifake_real_02801.jpg,0,cifake
data/deepfake/image/real\cifake_real_02802.jpg,0,cifake
data/deepfake/image/real\cifake_real_02803.jpg,0,cifake
data/deepfake/image/real\cifake_real_02804.jpg,0,cifake
data/deepfake/image/real\cifake_real_02805.jpg,0,cifake
data/deepfake/image/real\cifake_real_02806.jpg,0,cifake
data/deepfake/image/real\cifake_real_02807.jpg,0,cifake
data/deepfake/image/real\cifake_real_02808.jpg,0,cifake
data/deepfake/image/real\cifake_real_02809.jpg,0,cifake
data/deepfake/image/real\cifake_real_02810.jpg,0,cifake
data/deepfake/image/real\cifake_real_02811.jpg,0,cifake
data/deepfake/image/real\cifake_real_02812.jpg,0,cifake
data/deepfake/image/real\cifake_real_02813.jpg,0,cifake
data/deepfake/image/real\cifake_real_02814.jpg,0,cifake
data/deepfake/image/real\cifake_real_02815.jpg,0,cifake
data/deepfake/image/real\cifake_real_02816.jpg,0,cifake
data/deepfake/image/real\cifake_real_02817.jpg,0,cifake
data/deepfake/image/real\cifake_real_02818.jpg,0,cifake
data/deepfake/image/real\cifake_real_02819.jpg,0,cifake
data/deepfake/image/real\cifake_real_02820.jpg,0,cifake
data/deepfake/image/real\cifake_real_02821.jpg,0,cifake
data/deepfake/image/real\cifake_real_02822.jpg,0,cifake
data/deepfake/image/real\cifake_real_02823.jpg,0,cifake
data/deepfake/image/real\cifake_real_02824.jpg,0,cifake
data/deepfake/image/real\cifake_real_02825.jpg,0,cifake
data/deepfake/image/real\cifake_real_02826.jpg,0,cifake
data/deepfake/image/real\cifake_real_02827.jpg,0,cifake
data/deepfake/image/real\cifake_real_02828.jpg,0,cifake
data/deepfake/image/real\cifake_real_02829.jpg,0,cifake
data/deepfake/image/real\cifake_real_02830.jpg,0,cifake
data/deepfake/image/real\cifake_real_02831.jpg,0,cifake
data/deepfake/image/real\cifake_real_02832.jpg,0,cifake
data/deepfake/image/real\cifake_real_02833.jpg,0,cifake
data/deepfake/image/real\cifake_real_02834.jpg,0,cifake
data/deepfake/image/real\cifake_real_02835.jpg,0,cifake
data/deepfake/image/real\cifake_real_02836.jpg,0,cifake
data/deepfake/image/real\cifake_real_02837.jpg,0,cifake
data/deepfake/image/real\cifake_real_02838.jpg,0,cifake
data/deepfake/image/real\cifake_real_02839.jpg,0,cifake
data/deepfake/image/real\cifake_real_02840.jpg,0,cifake
data/deepfake/image/real\cifake_real_02841.jpg,0,cifake
data/deepfake/image/real\cifake_real_02842.jpg,0,cifake
data/deepfake/image/real\cifake_real_02843.jpg,0,cifake
data/deepfake/image/real\cifake_real_02844.jpg,0,cifake
data/deepfake/image/real\cifake_real_02845.jpg,0,cifake
data/deepfake/image/real\cifake_real_02846.jpg,0,cifake
data/deepfake/image/real\cifake_real_02847.jpg,0,cifake
data/deepfake/image/real\cifake_real_02848.jpg,0,cifake
data/deepfake/image/real\cifake_real_02849.jpg,0,cifake
data/deepfake/image/real\cifake_real_02850.jpg,0,cifake
data/deepfake/image/real\cifake_real_02851.jpg,0,cifake
data/deepfake/image/real\cifake_real_02852.jpg,0,cifake
data/deepfake/image/real\cifake_real_02853.jpg,0,cifake
data/deepfake/image/real\cifake_real_02854.jpg,0,cifake
data/deepfake/image/real\cifake_real_02855.jpg,0,cifake
data/deepfake/image/real\cifake_real_02856.jpg,0,cifake
data/deepfake/image/real\cifake_real_02857.jpg,0,cifake
data/deepfake/image/real\cifake_real_02858.jpg,0,cifake
data/deepfake/image/real\cifake_real_02859.jpg,0,cifake
data/deepfake/image/real\cifake_real_02860.jpg,0,cifake
data/deepfake/image/real\cifake_real_02861.jpg,0,cifake
data/deepfake/image/real\cifake_real_02862.jpg,0,cifake
data/deepfake/image/real\cifake_real_02863.jpg,0,cifake
data/deepfake/image/real\cifake_real_02864.jpg,0,cifake
data/deepfake/image/real\cifake_real_02865.jpg,0,cifake
data/deepfake/image/real\cifake_real_02866.jpg,0,cifake
data/deepfake/image/real\cifake_real_02867.jpg,0,cifake
data/deepfake/image/real\cifake_real_02868.jpg,0,cifake
data/deepfake/image/real\cifake_real_02869.jpg,0,cifake
data/deepfake/image/real\cifake_real_02870.jpg,0,cifake
data/deepfake/image/real\cifake_real_02871.jpg,0,cifake
data/deepfake/image/real\cifake_real_02872.jpg,0,cifake
data/deepfake/image/real\cifake_real_02873.jpg,0,cifake
data/deepfake/image/real\cifake_real_02874.jpg,0,cifake
data/deepfake/image/real\cifake_real_02875.jpg,0,cifake
data/deepfake/image/real\cifake_real_02876.jpg,0,cifake
data/deepfake/image/real\cifake_real_02877.jpg,0,cifake
data/deepfake/image/real\cifake_real_02878.jpg,0,cifake
data/deepfake/image/real\cifake_real_02879.jpg,0,cifake
data/deepfake/image/real\cifake_real_02880.jpg,0,cifake
data/deepfake/image/real\cifake_real_02881.jpg,0,cifake
data/deepfake/image/real\cifake_real_02882.jpg,0,cifake
data/deepfake/image/real\cifake_real_02883.jpg,0,cifake
data/deepfake/image/real\cifake_real_02884.jpg,0,cifake
data/deepfake/image/real\cifake_real_02885.jpg,0,cifake
data/deepfake/image/real\cifake_real_02886.jpg,0,cifake
data/deepfake/image/real\cifake_real_02887.jpg,0,cifake
data/deepfake/image/real\cifake_real_02888.jpg,0,cifake
data/deepfake/image/real\cifake_real_02889.jpg,0,cifake
data/deepfake/image/real\cifake_real_02890.jpg,0,cifake
data/deepfake/image/real\cifake_real_02891.jpg,0,cifake
data/deepfake/image/real\cifake_real_02892.jpg,0,cifake
data/deepfake/image/real\cifake_real_02893.jpg,0,cifake
data/deepfake/image/real\cifake_real_02894.jpg,0,cifake
data/deepfake/image/real\cifake_real_02895.jpg,0,cifake
data/deepfake/image/real\cifake_real_02896.jpg,0,cifake
data/deepfake/image/real\cifake_real_02897.jpg,0,cifake
data/deepfake/image/real\cifake_real_02898.jpg,0,cifake
data/deepfake/image/real\cifake_real_02899.jpg,0,cifake
data/deepfake/image/real\cifake_real_02900.jpg,0,cifake
data/deepfake/image/real\cifake_real_02901.jpg,0,cifake
data/deepfake/image/real\cifake_real_02902.jpg,0,cifake
data/deepfake/image/real\cifake_real_02903.jpg,0,cifake
data/deepfake/image/real\cifake_real_02904.jpg,0,cifake
data/deepfake/image/real\cifake_real_02905.jpg,0,cifake
data/deepfake/image/real\cifake_real_02906.jpg,0,cifake
data/deepfake/image/real\cifake_real_02907.jpg,0,cifake
data/deepfake/image/real\cifake_real_02908.jpg,0,cifake
data/deepfake/image/real\cifake_real_02909.jpg,0,cifake
data/deepfake/image/real\cifake_real_02910.jpg,0,cifake
data/deepfake/image/real\cifake_real_02911.jpg,0,cifake
data/deepfake/image/real\cifake_real_02912.jpg,0,cifake
data/deepfake/image/real\cifake_real_02913.jpg,0,cifake
data/deepfake/image/real\cifake_real_02914.jpg,0,cifake
data/deepfake/image/real\cifake_real_02915.jpg,0,cifake
data/deepfake/image/real\cifake_real_02916.jpg,0,cifake
data/deepfake/image/real\cifake_real_02917.jpg,0,cifake
data/deepfake/image/real\cifake_real_02918.jpg,0,cifake
data/deepfake/image/real\cifake_real_02919.jpg,0,cifake
data/deepfake/image/real\cifake_real_02920.jpg,0,cifake
data/deepfake/image/real\cifake_real_02921.jpg,0,cifake
data/deepfake/image/real\cifake_real_02922.jpg,0,cifake
data/deepfake/image/real\cifake_real_02923.jpg,0,cifake
data/deepfake/image/real\cifake_real_02924.jpg,0,cifake
data/deepfake/image/real\cifake_real_02925.jpg,0,cifake
data/deepfake/image/real\cifake_real_02926.jpg,0,cifake
data/deepfake/image/real\cifake_real_02927.jpg,0,cifake
data/deepfake/image/real\cifake_real_02928.jpg,0,cifake
data/deepfake/image/real\cifake_real_02929.jpg,0,cifake
data/deepfake/image/real\cifake_real_02930.jpg,0,cifake
data/deepfake/image/real\cifake_real_02931.jpg,0,cifake
data/deepfake/image/real\cifake_real_02932.jpg,0,cifake
data/deepfake/image/real\cifake_real_02933.jpg,0,cifake
data/deepfake/image/real\cifake_real_02934.jpg,0,cifake
data/deepfake/image/real\cifake_real_02935.jpg,0,cifake
data/deepfake/image/real\cifake_real_02936.jpg,0,cifake
data/deepfake/image/real\cifake_real_02937.jpg,0,cifake
data/deepfake/image/real\cifake_real_02938.jpg,0,cifake
data/deepfake/image/real\cifake_real_02939.jpg,0,cifake
data/deepfake/image/real\cifake_real_02940.jpg,0,cifake
data/deepfake/image/real\cifake_real_02941.jpg,0,cifake
data/deepfake/image/real\cifake_real_02942.jpg,0,cifake
data/deepfake/image/real\cifake_real_02943.jpg,0,cifake
data/deepfake/image/real\cifake_real_02944.jpg,0,cifake
data/deepfake/image/real\cifake_real_02945.jpg,0,cifake
data/deepfake/image/real\cifake_real_02946.jpg,0,cifake
data/deepfake/image/real\cifake_real_02947.jpg,0,cifake
data/deepfake/image/real\cifake_real_02948.jpg,0,cifake
data/deepfake/image/real\cifake_real_02949.jpg,0,cifake
data/deepfake/image/real\cifake_real_02950.jpg,0,cifake
data/deepfake/image/real\cifake_real_02951.jpg,0,cifake
data/deepfake/image/real\cifake_real_02952.jpg,0,cifake
data/deepfake/image/real\cifake_real_02953.jpg,0,cifake
data/deepfake/image/real\cifake_real_02954.jpg,0,cifake
data/deepfake/image/real\cifake_real_02955.jpg,0,cifake
data/deepfake/image/real\cifake_real_02956.jpg,0,cifake
data/deepfake/image/real\cifake_real_02957.jpg,0,cifake
data/deepfake/image/real\cifake_real_02958.jpg,0,cifake
data/deepfake/image/real\cifake_real_02959.jpg,0,cifake
data/deepfake/image/real\cifake_real_02960.jpg,0,cifake
data/deepfake/image/real\cifake_real_02961.jpg,0,cifake
data/deepfake/image/real\cifake_real_02962.jpg,0,cifake
data/deepfake/image/real\cifake_real_02963.jpg,0,cifake
data/deepfake/image/real\cifake_real_02964.jpg,0,cifake
data/deepfake/image/real\cifake_real_02965.jpg,0,cifake
data/deepfake/image/real\cifake_real_02966.jpg,0,cifake
data/deepfake/image/real\cifake_real_02967.jpg,0,cifake
data/deepfake/image/real\cifake_real_02968.jpg,0,cifake
data/deepfake/image/real\cifake_real_02969.jpg,0,cifake
data/deepfake/image/real\cifake_real_02970.jpg,0,cifake
data/deepfake/image/real\cifake_real_02971.jpg,0,cifake
data/deepfake/image/real\cifake_real_02972.jpg,0,cifake
data/deepfake/image/real\cifake_real_02973.jpg,0,cifake
data/deepfake/image/real\cifake_real_02974.jpg,0,cifake
data/deepfake/image/real\cifake_real_02975.jpg,0,cifake
data/deepfake/image/real\cifake_real_02976.jpg,0,cifake
data/deepfake/image/real\cifake_real_02977.jpg,0,cifake
data/deepfake/image/real\cifake_real_02978.jpg,0,cifake
data/deepfake/image/real\cifake_real_02979.jpg,0,cifake
data/deepfake/image/real\cifake_real_02980.jpg,0,cifake
data/deepfake/image/real\cifake_real_02981.jpg,0,cifake
data/deepfake/image/real\cifake_real_02982.jpg,0,cifake
data/deepfake/image/real\cifake_real_02983.jpg,0,cifake
data/deepfake/image/real\cifake_real_02984.jpg,0,cifake
data/deepfake/image/real\cifake_real_02985.jpg,0,cifake
data/deepfake/image/real\cifake_real_02986.jpg,0,cifake
data/deepfake/image/real\cifake_real_02987.jpg,0,cifake
data/deepfake/image/real\cifake_real_02988.jpg,0,cifake
data/deepfake/image/real\cifake_real_02989.jpg,0,cifake
data/deepfake/image/real\cifake_real_02990.jpg,0,cifake
data/deepfake/image/real\cifake_real_02991.jpg,0,cifake
data/deepfake/image/real\cifake_real_02992.jpg,0,cifake
data/deepfake/image/real\cifake_real_02993.jpg,0,cifake
data/deepfake/image/real\cifake_real_02994.jpg,0,cifake
data/deepfake/image/real\cifake_real_02995.jpg,0,cifake
data/deepfake/image/real\cifake_real_02996.jpg,0,cifake
data/deepfake/image/real\cifake_real_02997.jpg,0,cifake
data/deepfake/image/real\cifake_real_02998.jpg,0,cifake
data/deepfake/image/real\cifake_real_02999.jpg,0,cifake
data/deepfake/image/real\cifake_real_03000.jpg,0,cifake
data/deepfake/image/real\cifake_real_03001.jpg,0,cifake
data/deepfake/image/real\cifake_real_03002.jpg,0,cifake
data/deepfake/image/real\cifake_real_03003.jpg,0,cifake
data/deepfake/image/real\cifake_real_03004.jpg,0,cifake
data/deepfake/image/real\cifake_real_03005.jpg,0,cifake
data/deepfake/image/real\cifake_real_03006.jpg,0,cifake
data/deepfake/image/real\cifake_real_03007.jpg,0,cifake
data/deepfake/image/real\cifake_real_03008.jpg,0,cifake
data/deepfake/image/real\cifake_real_03009.jpg,0,cifake
data/deepfake/image/real\cifake_real_03010.jpg,0,cifake
data/deepfake/image/real\cifake_real_03011.jpg,0,cifake
data/deepfake/image/real\cifake_real_03012.jpg,0,cifake
data/deepfake/image/real\cifake_real_03013.jpg,0,cifake
data/deepfake/image/real\cifake_real_03014.jpg,0,cifake
data/deepfake/image/real\cifake_real_03015.jpg,0,cifake
data/deepfake/image/real\cifake_real_03016.jpg,0,cifake
data/deepfake/image/real\cifake_real_03017.jpg,0,cifake
data/deepfake/image/real\cifake_real_03018.jpg,0,cifake
data/deepfake/image/real\cifake_real_03019.jpg,0,cifake
data/deepfake/image/real\cifake_real_03020.jpg,0,cifake
data/deepfake/image/real\cifake_real_03021.jpg,0,cifake
data/deepfake/image/real\cifake_real_03022.jpg,0,cifake
data/deepfake/image/real\cifake_real_03023.jpg,0,cifake
data/deepfake/image/real\cifake_real_03024.jpg,0,cifake
data/deepfake/image/real\cifake_real_03025.jpg,0,cifake
data/deepfake/image/real\cifake_real_03026.jpg,0,cifake
data/deepfake/image/real\cifake_real_03027.jpg,0,cifake
data/deepfake/image/real\cifake_real_03028.jpg,0,cifake
data/deepfake/image/real\cifake_real_03029.jpg,0,cifake
data/deepfake/image/real\cifake_real_03030.jpg,0,cifake
data/deepfake/image/real\cifake_real_03031.jpg,0,cifake
data/deepfake/image/real\cifake_real_03032.jpg,0,cifake
data/deepfake/image/real\cifake_real_03033.jpg,0,cifake
data/deepfake/image/real\cifake_real_03034.jpg,0,cifake
data/deepfake/image/real\cifake_real_03035.jpg,0,cifake
data/deepfake/image/real\cifake_real_03036.jpg,0,cifake
data/deepfake/image/real\cifake_real_03037.jpg,0,cifake
data/deepfake/image/real\cifake_real_03038.jpg,0,cifake
data/deepfake/image/real\cifake_real_03039.jpg,0,cifake
data/deepfake/image/real\cifake_real_03040.jpg,0,cifake
data/deepfake/image/real\cifake_real_03041.jpg,0,cifake
data/deepfake/image/real\cifake_real_03042.jpg,0,cifake
data/deepfake/image/real\cifake_real_03043.jpg,0,cifake
data/deepfake/image/real\cifake_real_03044.jpg,0,cifake
data/deepfake/image/real\cifake_real_03045.jpg,0,cifake
data/deepfake/image/real\cifake_real_03046.jpg,0,cifake
data/deepfake/image/real\cifake_real_03047.jpg,0,cifake
data/deepfake/image/real\cifake_real_03048.jpg,0,cifake
data/deepfake/image/real\cifake_real_03049.jpg,0,cifake
data/deepfake/image/real\cifake_real_03050.jpg,0,cifake
data/deepfake/image/real\cifake_real_03051.jpg,0,cifake
data/deepfake/image/real\cifake_real_03052.jpg,0,cifake
data/deepfake/image/real\cifake_real_03053.jpg,0,cifake
data/deepfake/image/real\cifake_real_03054.jpg,0,cifake
data/deepfake/image/real\cifake_real_03055.jpg,0,cifake
data/deepfake/image/real\cifake_real_03056.jpg,0,cifake
data/deepfake/image/real\cifake_real_03057.jpg,0,cifake
data/deepfake/image/real\cifake_real_03058.jpg,0,cifake
data/deepfake/image/real\cifake_real_03059.jpg,0,cifake
data/deepfake/image/real\cifake_real_03060.jpg,0,cifake
data/deepfake/image/real\cifake_real_03061.jpg,0,cifake
data/deepfake/image/real\cifake_real_03062.jpg,0,cifake
data/deepfake/image/real\cifake_real_03063.jpg,0,cifake
data/deepfake/image/real\cifake_real_03064.jpg,0,cifake
data/deepfake/image/real\cifake_real_03065.jpg,0,cifake
data/deepfake/image/real\cifake_real_03066.jpg,0,cifake
data/deepfake/image/real\cifake_real_03067.jpg,0,cifake
data/deepfake/image/real\cifake_real_03068.jpg,0,cifake
data/deepfake/image/real\cifake_real_03069.jpg,0,cifake
data/deepfake/image/real\cifake_real_03070.jpg,0,cifake
data/deepfake/image/real\cifake_real_03071.jpg,0,cifake
data/deepfake/image/real\cifake_real_03072.jpg,0,cifake
data/deepfake/image/real\cifake_real_03073.jpg,0,cifake
data/deepfake/image/real\cifake_real_03074.jpg,0,cifake
data/deepfake/image/real\cifake_real_03075.jpg,0,cifake
data/deepfake/image/real\cifake_real_03076.jpg,0,cifake
data/deepfake/image/real\cifake_real_03077.jpg,0,cifake
data/deepfake/image/real\cifake_real_03078.jpg,0,cifake
data/deepfake/image/real\cifake_real_03079.jpg,0,cifake
data/deepfake/image/real\cifake_real_03080.jpg,0,cifake
data/deepfake/image/real\cifake_real_03081.jpg,0,cifake
data/deepfake/image/real\cifake_real_03082.jpg,0,cifake
data/deepfake/image/real\cifake_real_03083.jpg,0,cifake
data/deepfake/image/real\cifake_real_03084.jpg,0,cifake
data/deepfake/image/real\cifake_real_03085.jpg,0,cifake
data/deepfake/image/real\cifake_real_03086.jpg,0,cifake
data/deepfake/image/real\cifake_real_03087.jpg,0,cifake
data/deepfake/image/real\cifake_real_03088.jpg,0,cifake
data/deepfake/image/real\cifake_real_03089.jpg,0,cifake
data/deepfake/image/real\cifake_real_03090.jpg,0,cifake
data/deepfake/image/real\cifake_real_03091.jpg,0,cifake
data/deepfake/image/real\cifake_real_03092.jpg,0,cifake
data/deepfake/image/real\cifake_real_03093.jpg,0,cifake
data/deepfake/image/real\cifake_real_03094.jpg,0,cifake
data/deepfake/image/real\cifake_real_03095.jpg,0,cifake
data/deepfake/image/real\cifake_real_03096.jpg,0,cifake
data/deepfake/image/real\cifake_real_03097.jpg,0,cifake
data/deepfake/image/real\cifake_real_03098.jpg,0,cifake
data/deepfake/image/real\cifake_real_03099.jpg,0,cifake
data/deepfake/image/real\cifake_real_03100.jpg,0,cifake
data/deepfake/image/real\cifake_real_03101.jpg,0,cifake
data/deepfake/image/real\cifake_real_03102.jpg,0,cifake
data/deepfake/image/real\cifake_real_03103.jpg,0,cifake
data/deepfake/image/real\cifake_real_03104.jpg,0,cifake
data/deepfake/image/real\cifake_real_03105.jpg,0,cifake
data/deepfake/image/real\cifake_real_03106.jpg,0,cifake
data/deepfake/image/real\cifake_real_03107.jpg,0,cifake
data/deepfake/image/real\cifake_real_03108.jpg,0,cifake
data/deepfake/image/real\cifake_real_03109.jpg,0,cifake
data/deepfake/image/real\cifake_real_03110.jpg,0,cifake
data/deepfake/image/real\cifake_real_03111.jpg,0,cifake
data/deepfake/image/real\cifake_real_03112.jpg,0,cifake
data/deepfake/image/real\cifake_real_03113.jpg,0,cifake
data/deepfake/image/real\cifake_real_03114.jpg,0,cifake
data/deepfake/image/real\cifake_real_03115.jpg,0,cifake
data/deepfake/image/real\cifake_real_03116.jpg,0,cifake
data/deepfake/image/real\cifake_real_03117.jpg,0,cifake
data/deepfake/image/real\cifake_real_03118.jpg,0,cifake
data/deepfake/image/real\cifake_real_03119.jpg,0,cifake
data/deepfake/image/real\cifake_real_03120.jpg,0,cifake
data/deepfake/image/real\cifake_real_03121.jpg,0,cifake
data/deepfake/image/real\cifake_real_03122.jpg,0,cifake
data/deepfake/image/real\cifake_real_03123.jpg,0,cifake
data/deepfake/image/real\cifake_real_03124.jpg,0,cifake
data/deepfake/image/real\cifake_real_03125.jpg,0,cifake
data/deepfake/image/real\cifake_real_03126.jpg,0,cifake
data/deepfake/image/real\cifake_real_03127.jpg,0,cifake
data/deepfake/image/real\cifake_real_03128.jpg,0,cifake
data/deepfake/image/real\cifake_real_03129.jpg,0,cifake
data/deepfake/image/real\cifake_real_03130.jpg,0,cifake
data/deepfake/image/real\cifake_real_03131.jpg,0,cifake
data/deepfake/image/real\cifake_real_03132.jpg,0,cifake
data/deepfake/image/real\cifake_real_03133.jpg,0,cifake
data/deepfake/image/real\cifake_real_03134.jpg,0,cifake
data/deepfake/image/real\cifake_real_03135.jpg,0,cifake
data/deepfake/image/real\cifake_real_03136.jpg,0,cifake
data/deepfake/image/real\cifake_real_03137.jpg,0,cifake
data/deepfake/image/real\cifake_real_03138.jpg,0,cifake
data/deepfake/image/real\cifake_real_03139.jpg,0,cifake
data/deepfake/image/real\cifake_real_03140.jpg,0,cifake
data/deepfake/image/real\cifake_real_03141.jpg,0,cifake
data/deepfake/image/real\cifake_real_03142.jpg,0,cifake
data/deepfake/image/real\cifake_real_03143.jpg,0,cifake
data/deepfake/image/real\cifake_real_03144.jpg,0,cifake
data/deepfake/image/real\cifake_real_03145.jpg,0,cifake
data/deepfake/image/real\cifake_real_03146.jpg,0,cifake
data/deepfake/image/real\cifake_real_03147.jpg,0,cifake
data/deepfake/image/real\cifake_real_03148.jpg,0,cifake
data/deepfake/image/real\cifake_real_03149.jpg,0,cifake
data/deepfake/image/real\cifake_real_03150.jpg,0,cifake
data/deepfake/image/real\cifake_real_03151.jpg,0,cifake
data/deepfake/image/real\cifake_real_03152.jpg,0,cifake
data/deepfake/image/real\cifake_real_03153.jpg,0,cifake
data/deepfake/image/real\cifake_real_03154.jpg,0,cifake
data/deepfake/image/real\cifake_real_03155.jpg,0,cifake
data/deepfake/image/real\cifake_real_03156.jpg,0,cifake
data/deepfake/image/real\cifake_real_03157.jpg,0,cifake
data/deepfake/image/real\cifake_real_03158.jpg,0,cifake
data/deepfake/image/real\cifake_real_03159.jpg,0,cifake
data/deepfake/image/real\cifake_real_03160.jpg,0,cifake
data/deepfake/image/real\cifake_real_03161.jpg,0,cifake
data/deepfake/image/real\cifake_real_03162.jpg,0,cifake
data/deepfake/image/real\cifake_real_03163.jpg,0,cifake
data/deepfake/image/real\cifake_real_03164.jpg,0,cifake
data/deepfake/image/real\cifake_real_03165.jpg,0,cifake
data/deepfake/image/real\cifake_real_03166.jpg,0,cifake
data/deepfake/image/real\cifake_real_03167.jpg,0,cifake
data/deepfake/image/real\cifake_real_03168.jpg,0,cifake
data/deepfake/image/real\cifake_real_03169.jpg,0,cifake
data/deepfake/image/real\cifake_real_03170.jpg,0,cifake
data/deepfake/image/real\cifake_real_03171.jpg,0,cifake
data/deepfake/image/real\cifake_real_03172.jpg,0,cifake
data/deepfake/image/real\cifake_real_03173.jpg,0,cifake
data/deepfake/image/real\cifake_real_03174.jpg,0,cifake
data/deepfake/image/real\cifake_real_03175.jpg,0,cifake
data/deepfake/image/real\cifake_real_03176.jpg,0,cifake
data/deepfake/image/real\cifake_real_03177.jpg,0,cifake
data/deepfake/image/real\cifake_real_03178.jpg,0,cifake
data/deepfake/image/real\cifake_real_03179.jpg,0,cifake
data/deepfake/image/real\cifake_real_03180.jpg,0,cifake
data/deepfake/image/real\cifake_real_03181.jpg,0,cifake
data/deepfake/image/real\cifake_real_03182.jpg,0,cifake
data/deepfake/image/real\cifake_real_03183.jpg,0,cifake
data/deepfake/image/real\cifake_real_03184.jpg,0,cifake
data/deepfake/image/real\cifake_real_03185.jpg,0,cifake
data/deepfake/image/real\cifake_real_03186.jpg,0,cifake
data/deepfake/image/real\cifake_real_03187.jpg,0,cifake
data/deepfake/image/real\cifake_real_03188.jpg,0,cifake
data/deepfake/image/real\cifake_real_03189.jpg,0,cifake
data/deepfake/image/real\cifake_real_03190.jpg,0,cifake
data/deepfake/image/real\cifake_real_03191.jpg,0,cifake
data/deepfake/image/real\cifake_real_03192.jpg,0,cifake
data/deepfake/image/real\cifake_real_03193.jpg,0,cifake
data/deepfake/image/real\cifake_real_03194.jpg,0,cifake
data/deepfake/image/real\cifake_real_03195.jpg,0,cifake
data/deepfake/image/real\cifake_real_03196.jpg,0,cifake
data/deepfake/image/real\cifake_real_03197.jpg,0,cifake
data/deepfake/image/real\cifake_real_03198.jpg,0,cifake
data/deepfake/image/real\cifake_real_03199.jpg,0,cifake
data/deepfake/image/real\cifake_real_03200.jpg,0,cifake
data/deepfake/image/real\cifake_real_03201.jpg,0,cifake
data/deepfake/image/real\cifake_real_03202.jpg,0,cifake
data/deepfake/image/real\cifake_real_03203.jpg,0,cifake
data/deepfake/image/real\cifake_real_03204.jpg,0,cifake
data/deepfake/image/real\cifake_real_03205.jpg,0,cifake
data/deepfake/image/real\cifake_real_03206.jpg,0,cifake
data/deepfake/image/real\cifake_real_03207.jpg,0,cifake
data/deepfake/image/real\cifake_real_03208.jpg,0,cifake
data/deepfake/image/real\cifake_real_03209.jpg,0,cifake
data/deepfake/image/real\cifake_real_03210.jpg,0,cifake
data/deepfake/image/real\cifake_real_03211.jpg,0,cifake
data/deepfake/image/real\cifake_real_03212.jpg,0,cifake
data/deepfake/image/real\cifake_real_03213.jpg,0,cifake
data/deepfake/image/real\cifake_real_03214.jpg,0,cifake
data/deepfake/image/real\cifake_real_03215.jpg,0,cifake
data/deepfake/image/real\cifake_real_03216.jpg,0,cifake
data/deepfake/image/real\cifake_real_03217.jpg,0,cifake
data/deepfake/image/real\cifake_real_03218.jpg,0,cifake
data/deepfake/image/real\cifake_real_03219.jpg,0,cifake
data/deepfake/image/real\cifake_real_03220.jpg,0,cifake
data/deepfake/image/real\cifake_real_03221.jpg,0,cifake
data/deepfake/image/real\cifake_real_03222.jpg,0,cifake
data/deepfake/image/real\cifake_real_03223.jpg,0,cifake
data/deepfake/image/real\cifake_real_03224.jpg,0,cifake
data/deepfake/image/real\cifake_real_03225.jpg,0,cifake
data/deepfake/image/real\cifake_real_03226.jpg,0,cifake
data/deepfake/image/real\cifake_real_03227.jpg,0,cifake
data/deepfake/image/real\cifake_real_03228.jpg,0,cifake
data/deepfake/image/real\cifake_real_03229.jpg,0,cifake
data/deepfake/image/real\cifake_real_03230.jpg,0,cifake
data/deepfake/image/real\cifake_real_03231.jpg,0,cifake
data/deepfake/image/real\cifake_real_03232.jpg,0,cifake
data/deepfake/image/real\cifake_real_03233.jpg,0,cifake
data/deepfake/image/real\cifake_real_03234.jpg,0,cifake
data/deepfake/image/real\cifake_real_03235.jpg,0,cifake
data/deepfake/image/real\cifake_real_03236.jpg,0,cifake
data/deepfake/image/real\cifake_real_03237.jpg,0,cifake
data/deepfake/image/real\cifake_real_03238.jpg,0,cifake
data/deepfake/image/real\cifake_real_03239.jpg,0,cifake
data/deepfake/image/real\cifake_real_03240.jpg,0,cifake
data/deepfake/image/real\cifake_real_03241.jpg,0,cifake
data/deepfake/image/real\cifake_real_03242.jpg,0,cifake
data/deepfake/image/real\cifake_real_03243.jpg,0,cifake
data/deepfake/image/real\cifake_real_03244.jpg,0,cifake
data/deepfake/image/real\cifake_real_03245.jpg,0,cifake
data/deepfake/image/real\cifake_real_03246.jpg,0,cifake
data/deepfake/image/real\cifake_real_03247.jpg,0,cifake
data/deepfake/image/real\cifake_real_03248.jpg,0,cifake
data/deepfake/image/real\cifake_real_03249.jpg,0,cifake
data/deepfake/image/real\cifake_real_03250.jpg,0,cifake
data/deepfake/image/real\cifake_real_03251.jpg,0,cifake
data/deepfake/image/real\cifake_real_03252.jpg,0,cifake
data/deepfake/image/real\cifake_real_03253.jpg,0,cifake
data/deepfake/image/real\cifake_real_03254.jpg,0,cifake
data/deepfake/image/real\cifake_real_03255.jpg,0,cifake
data/deepfake/image/real\cifake_real_03256.jpg,0,cifake
data/deepfake/image/real\cifake_real_03257.jpg,0,cifake
data/deepfake/image/real\cifake_real_03258.jpg,0,cifake
data/deepfake/image/real\cifake_real_03259.jpg,0,cifake
data/deepfake/image/real\cifake_real_03260.jpg,0,cifake
data/deepfake/image/real\cifake_real_03261.jpg,0,cifake
data/deepfake/image/real\cifake_real_03262.jpg,0,cifake
data/deepfake/image/real\cifake_real_03263.jpg,0,cifake
data/deepfake/image/real\cifake_real_03264.jpg,0,cifake
data/deepfake/image/real\cifake_real_03265.jpg,0,cifake
data/deepfake/image/real\cifake_real_03266.jpg,0,cifake
data/deepfake/image/real\cifake_real_03267.jpg,0,cifake
data/deepfake/image/real\cifake_real_03268.jpg,0,cifake
data/deepfake/image/real\cifake_real_03269.jpg,0,cifake
data/deepfake/image/real\cifake_real_03270.jpg,0,cifake
data/deepfake/image/real\cifake_real_03271.jpg,0,cifake
data/deepfake/image/real\cifake_real_03272.jpg,0,cifake
data/deepfake/image/real\cifake_real_03273.jpg,0,cifake
data/deepfake/image/real\cifake_real_03274.jpg,0,cifake
data/deepfake/image/real\cifake_real_03275.jpg,0,cifake
data/deepfake/image/real\cifake_real_03276.jpg,0,cifake
data/deepfake/image/real\cifake_real_03277.jpg,0,cifake
data/deepfake/image/real\cifake_real_03278.jpg,0,cifake
data/deepfake/image/real\cifake_real_03279.jpg,0,cifake
data/deepfake/image/real\cifake_real_03280.jpg,0,cifake
data/deepfake/image/real\cifake_real_03281.jpg,0,cifake
data/deepfake/image/real\cifake_real_03282.jpg,0,cifake
data/deepfake/image/real\cifake_real_03283.jpg,0,cifake
data/deepfake/image/real\cifake_real_03284.jpg,0,cifake
data/deepfake/image/real\cifake_real_03285.jpg,0,cifake
data/deepfake/image/real\cifake_real_03286.jpg,0,cifake
data/deepfake/image/real\cifake_real_03287.jpg,0,cifake
data/deepfake/image/real\cifake_real_03288.jpg,0,cifake
data/deepfake/image/real\cifake_real_03289.jpg,0,cifake
data/deepfake/image/real\cifake_real_03290.jpg,0,cifake
data/deepfake/image/real\cifake_real_03291.jpg,0,cifake
data/deepfake/image/real\cifake_real_03292.jpg,0,cifake
data/deepfake/image/real\cifake_real_03293.jpg,0,cifake
data/deepfake/image/real\cifake_real_03294.jpg,0,cifake
data/deepfake/image/real\cifake_real_03295.jpg,0,cifake
data/deepfake/image/real\cifake_real_03296.jpg,0,cifake
data/deepfake/image/real\cifake_real_03297.jpg,0,cifake
data/deepfake/image/real\cifake_real_03298.jpg,0,cifake
data/deepfake/image/real\cifake_real_03299.jpg,0,cifake
data/deepfake/image/real\cifake_real_03300.jpg,0,cifake
data/deepfake/image/real\cifake_real_03301.jpg,0,cifake
data/deepfake/image/real\cifake_real_03302.jpg,0,cifake
data/deepfake/image/real\cifake_real_03303.jpg,0,cifake
data/deepfake/image/real\cifake_real_03304.jpg,0,cifake
data/deepfake/image/real\cifake_real_03305.jpg,0,cifake
data/deepfake/image/real\cifake_real_03306.jpg,0,cifake
data/deepfake/image/real\cifake_real_03307.jpg,0,cifake
data/deepfake/image/real\cifake_real_03308.jpg,0,cifake
data/deepfake/image/real\cifake_real_03309.jpg,0,cifake
data/deepfake/image/real\cifake_real_03310.jpg,0,cifake
data/deepfake/image/real\cifake_real_03311.jpg,0,cifake
data/deepfake/image/real\cifake_real_03312.jpg,0,cifake
data/deepfake/image/real\cifake_real_03313.jpg,0,cifake
data/deepfake/image/real\cifake_real_03314.jpg,0,cifake
data/deepfake/image/real\cifake_real_03315.jpg,0,cifake
data/deepfake/image/real\cifake_real_03316.jpg,0,cifake
data/deepfake/image/real\cifake_real_03317.jpg,0,cifake
data/deepfake/image/real\cifake_real_03318.jpg,0,cifake
data/deepfake/image/real\cifake_real_03319.jpg,0,cifake
data/deepfake/image/real\cifake_real_03320.jpg,0,cifake
data/deepfake/image/real\cifake_real_03321.jpg,0,cifake
data/deepfake/image/real\cifake_real_03322.jpg,0,cifake
data/deepfake/image/real\cifake_real_03323.jpg,0,cifake
data/deepfake/image/real\cifake_real_03324.jpg,0,cifake
data/deepfake/image/real\cifake_real_03325.jpg,0,cifake
data/deepfake/image/real\cifake_real_03326.jpg,0,cifake
data/deepfake/image/real\cifake_real_03327.jpg,0,cifake
data/deepfake/image/real\cifake_real_03328.jpg,0,cifake
data/deepfake/image/real\cifake_real_03329.jpg,0,cifake
data/deepfake/image/real\cifake_real_03330.jpg,0,cifake
data/deepfake/image/real\cifake_real_03331.jpg,0,cifake
data/deepfake/image/real\cifake_real_03332.jpg,0,cifake
data/deepfake/image/real\cifake_real_03333.jpg,0,cifake
data/deepfake/image/real\cifake_real_03334.jpg,0,cifake
data/deepfake/image/real\cifake_real_03335.jpg,0,cifake
data/deepfake/image/real\cifake_real_03336.jpg,0,cifake
data/deepfake/image/real\cifake_real_03337.jpg,0,cifake
data/deepfake/image/real\cifake_real_03338.jpg,0,cifake
data/deepfake/image/real\cifake_real_03339.jpg,0,cifake
data/deepfake/image/real\cifake_real_03340.jpg,0,cifake
data/deepfake/image/real\cifake_real_03341.jpg,0,cifake
data/deepfake/image/real\cifake_real_03342.jpg,0,cifake
data/deepfake/image/real\cifake_real_03343.jpg,0,cifake
data/deepfake/image/real\cifake_real_03344.jpg,0,cifake
data/deepfake/image/real\cifake_real_03345.jpg,0,cifake
data/deepfake/image/real\cifake_real_03346.jpg,0,cifake
data/deepfake/image/real\cifake_real_03347.jpg,0,cifake
data/deepfake/image/real\cifake_real_03348.jpg,0,cifake
data/deepfake/image/real\cifake_real_03349.jpg,0,cifake
data/deepfake/image/real\cifake_real_03350.jpg,0,cifake
data/deepfake/image/real\cifake_real_03351.jpg,0,cifake
data/deepfake/image/real\cifake_real_03352.jpg,0,cifake
data/deepfake/image/real\cifake_real_03353.jpg,0,cifake
data/deepfake/image/real\cifake_real_03354.jpg,0,cifake
data/deepfake/image/real\cifake_real_03355.jpg,0,cifake
data/deepfake/image/real\cifake_real_03356.jpg,0,cifake
data/deepfake/image/real\cifake_real_03357.jpg,0,cifake
data/deepfake/image/real\cifake_real_03358.jpg,0,cifake
data/deepfake/image/real\cifake_real_03359.jpg,0,cifake
data/deepfake/image/real\cifake_real_03360.jpg,0,cifake
data/deepfake/image/real\cifake_real_03361.jpg,0,cifake
data/deepfake/image/real\cifake_real_03362.jpg,0,cifake
data/deepfake/image/real\cifake_real_03363.jpg,0,cifake
data/deepfake/image/real\cifake_real_03364.jpg,0,cifake
data/deepfake/image/real\cifake_real_03365.jpg,0,cifake
data/deepfake/image/real\cifake_real_03366.jpg,0,cifake
data/deepfake/image/real\cifake_real_03367.jpg,0,cifake
data/deepfake/image/real\cifake_real_03368.jpg,0,cifake
data/deepfake/image/real\cifake_real_03369.jpg,0,cifake
data/deepfake/image/real\cifake_real_03370.jpg,0,cifake
data/deepfake/image/real\cifake_real_03371.jpg,0,cifake
data/deepfake/image/real\cifake_real_03372.jpg,0,cifake
data/deepfake/image/real\cifake_real_03373.jpg,0,cifake
data/deepfake/image/real\cifake_real_03374.jpg,0,cifake
data/deepfake/image/real\cifake_real_03375.jpg,0,cifake
data/deepfake/image/real\cifake_real_03376.jpg,0,cifake
data/deepfake/image/real\cifake_real_03377.jpg,0,cifake
data/deepfake/image/real\cifake_real_03378.jpg,0,cifake
data/deepfake/image/real\cifake_real_03379.jpg,0,cifake
data/deepfake/image/real\cifake_real_03380.jpg,0,cifake
data/deepfake/image/real\cifake_real_03381.jpg,0,cifake
data/deepfake/image/real\cifake_real_03382.jpg,0,cifake
data/deepfake/image/real\cifake_real_03383.jpg,0,cifake
data/deepfake/image/real\cifake_real_03384.jpg,0,cifake
data/deepfake/image/real\cifake_real_03385.jpg,0,cifake
data/deepfake/image/real\cifake_real_03386.jpg,0,cifake
data/deepfake/image/real\cifake_real_03387.jpg,0,cifake
data/deepfake/image/real\cifake_real_03388.jpg,0,cifake
data/deepfake/image/real\cifake_real_03389.jpg,0,cifake
data/deepfake/image/real\cifake_real_03390.jpg,0,cifake
data/deepfake/image/real\cifake_real_03391.jpg,0,cifake
data/deepfake/image/real\cifake_real_03392.jpg,0,cifake
data/deepfake/image/real\cifake_real_03393.jpg,0,cifake
data/deepfake/image/real\cifake_real_03394.jpg,0,cifake
data/deepfake/image/real\cifake_real_03395.jpg,0,cifake
data/deepfake/image/real\cifake_real_03396.jpg,0,cifake
data/deepfake/image/real\cifake_real_03397.jpg,0,cifake
data/deepfake/image/real\cifake_real_03398.jpg,0,cifake
data/deepfake/image/real\cifake_real_03399.jpg,0,cifake
data/deepfake/image/real\cifake_real_03400.jpg,0,cifake
data/deepfake/image/real\cifake_real_03401.jpg,0,cifake
data/deepfake/image/real\cifake_real_03402.jpg,0,cifake
data/deepfake/image/real\cifake_real_03403.jpg,0,cifake
data/deepfake/image/real\cifake_real_03404.jpg,0,cifake
data/deepfake/image/real\cifake_real_03405.jpg,0,cifake
data/deepfake/image/real\cifake_real_03406.jpg,0,cifake
data/deepfake/image/real\cifake_real_03407.jpg,0,cifake
data/deepfake/image/real\cifake_real_03408.jpg,0,cifake
data/deepfake/image/real\cifake_real_03409.jpg,0,cifake
data/deepfake/image/real\cifake_real_03410.jpg,0,cifake
data/deepfake/image/real\cifake_real_03411.jpg,0,cifake
data/deepfake/image/real\cifake_real_03412.jpg,0,cifake
data/deepfake/image/real\cifake_real_03413.jpg,0,cifake
data/deepfake/image/real\cifake_real_03414.jpg,0,cifake
data/deepfake/image/real\cifake_real_03415.jpg,0,cifake
data/deepfake/image/real\cifake_real_03416.jpg,0,cifake
data/deepfake/image/real\cifake_real_03417.jpg,0,cifake
data/deepfake/image/real\cifake_real_03418.jpg,0,cifake
data/deepfake/image/real\cifake_real_03419.jpg,0,cifake
data/deepfake/image/real\cifake_real_03420.jpg,0,cifake
data/deepfake/image/real\cifake_real_03421.jpg,0,cifake
data/deepfake/image/real\cifake_real_03422.jpg,0,cifake
data/deepfake/image/real\cifake_real_03423.jpg,0,cifake
data/deepfake/image/real\cifake_real_03424.jpg,0,cifake
data/deepfake/image/real\cifake_real_03425.jpg,0,cifake
data/deepfake/image/real\cifake_real_03426.jpg,0,cifake
data/deepfake/image/real\cifake_real_03427.jpg,0,cifake
data/deepfake/image/real\cifake_real_03428.jpg,0,cifake
data/deepfake/image/real\cifake_real_03429.jpg,0,cifake
data/deepfake/image/real\cifake_real_03430.jpg,0,cifake
data/deepfake/image/real\cifake_real_03431.jpg,0,cifake
data/deepfake/image/real\cifake_real_03432.jpg,0,cifake
data/deepfake/image/real\cifake_real_03433.jpg,0,cifake
data/deepfake/image/real\cifake_real_03434.jpg,0,cifake
data/deepfake/image/real\cifake_real_03435.jpg,0,cifake
data/deepfake/image/real\cifake_real_03436.jpg,0,cifake
data/deepfake/image/real\cifake_real_03437.jpg,0,cifake
data/deepfake/image/real\cifake_real_03438.jpg,0,cifake
data/deepfake/image/real\cifake_real_03439.jpg,0,cifake
data/deepfake/image/real\cifake_real_03440.jpg,0,cifake
data/deepfake/image/real\cifake_real_03441.jpg,0,cifake
data/deepfake/image/real\cifake_real_03442.jpg,0,cifake
data/deepfake/image/real\cifake_real_03443.jpg,0,cifake
data/deepfake/image/real\cifake_real_03444.jpg,0,cifake
data/deepfake/image/real\cifake_real_03445.jpg,0,cifake
data/deepfake/image/real\cifake_real_03446.jpg,0,cifake
data/deepfake/image/real\cifake_real_03447.jpg,0,cifake
data/deepfake/image/real\cifake_real_03448.jpg,0,cifake
data/deepfake/image/real\cifake_real_03449.jpg,0,cifake
data/deepfake/image/real\cifake_real_03450.jpg,0,cifake
data/deepfake/image/real\cifake_real_03451.jpg,0,cifake
data/deepfake/image/real\cifake_real_03452.jpg,0,cifake
data/deepfake/image/real\cifake_real_03453.jpg,0,cifake
data/deepfake/image/real\cifake_real_03454.jpg,0,cifake
data/deepfake/image/real\cifake_real_03455.jpg,0,cifake
data/deepfake/image/real\cifake_real_03456.jpg,0,cifake
data/deepfake/image/real\cifake_real_03457.jpg,0,cifake
data/deepfake/image/real\cifake_real_03458.jpg,0,cifake
data/deepfake/image/real\cifake_real_03459.jpg,0,cifake
data/deepfake/image/real\cifake_real_03460.jpg,0,cifake
data/deepfake/image/real\cifake_real_03461.jpg,0,cifake
data/deepfake/image/real\cifake_real_03462.jpg,0,cifake
data/deepfake/image/real\cifake_real_03463.jpg,0,cifake
data/deepfake/image/real\cifake_real_03464.jpg,0,cifake
data/deepfake/image/real\cifake_real_03465.jpg,0,cifake
data/deepfake/image/real\cifake_real_03466.jpg,0,cifake
data/deepfake/image/real\cifake_real_03467.jpg,0,cifake
data/deepfake/image/real\cifake_real_03468.jpg,0,cifake
data/deepfake/image/real\cifake_real_03469.jpg,0,cifake
data/deepfake/image/real\cifake_real_03470.jpg,0,cifake
data/deepfake/image/real\cifake_real_03471.jpg,0,cifake
data/deepfake/image/real\cifake_real_03472.jpg,0,cifake
data/deepfake/image/real\cifake_real_03473.jpg,0,cifake
data/deepfake/image/real\cifake_real_03474.jpg,0,cifake
data/deepfake/image/real\cifake_real_03475.jpg,0,cifake
data/deepfake/image/real\cifake_real_03476.jpg,0,cifake
data/deepfake/image/real\cifake_real_03477.jpg,0,cifake
data/deepfake/image/real\cifake_real_03478.jpg,0,cifake
data/deepfake/image/real\cifake_real_03479.jpg,0,cifake
data/deepfake/image/real\cifake_real_03480.jpg,0,cifake
data/deepfake/image/real\cifake_real_03481.jpg,0,cifake
data/deepfake/image/real\cifake_real_03482.jpg,0,cifake
data/deepfake/image/real\cifake_real_03483.jpg,0,cifake
data/deepfake/image/real\cifake_real_03484.jpg,0,cifake
data/deepfake/image/real\cifake_real_03485.jpg,0,cifake
data/deepfake/image/real\cifake_real_03486.jpg,0,cifake
data/deepfake/image/real\cifake_real_03487.jpg,0,cifake
data/deepfake/image/real\cifake_real_03488.jpg,0,cifake
data/deepfake/image/real\cifake_real_03489.jpg,0,cifake
data/deepfake/image/real\cifake_real_03490.jpg,0,cifake
data/deepfake/image/real\cifake_real_03491.jpg,0,cifake
data/deepfake/image/real\cifake_real_03492.jpg,0,cifake
data/deepfake/image/real\cifake_real_03493.jpg,0,cifake
data/deepfake/image/real\cifake_real_03494.jpg,0,cifake
data/deepfake/image/real\cifake_real_03495.jpg,0,cifake
data/deepfake/image/real\cifake_real_03496.jpg,0,cifake
data/deepfake/image/real\cifake_real_03497.jpg,0,cifake
data/deepfake/image/real\cifake_real_03498.jpg,0,cifake
data/deepfake/image/real\cifake_real_03499.jpg,0,cifake
data/deepfake/image/real\cifake_real_03500.jpg,0,cifake
data/deepfake/image/real\cifake_real_03501.jpg,0,cifake
data/deepfake/image/real\cifake_real_03502.jpg,0,cifake
data/deepfake/image/real\cifake_real_03503.jpg,0,cifake
data/deepfake/image/real\cifake_real_03504.jpg,0,cifake
data/deepfake/image/real\cifake_real_03505.jpg,0,cifake
data/deepfake/image/real\cifake_real_03506.jpg,0,cifake
data/deepfake/image/real\cifake_real_03507.jpg,0,cifake
data/deepfake/image/real\cifake_real_03508.jpg,0,cifake
data/deepfake/image/real\cifake_real_03509.jpg,0,cifake
data/deepfake/image/real\cifake_real_03510.jpg,0,cifake
data/deepfake/image/real\cifake_real_03511.jpg,0,cifake
data/deepfake/image/real\cifake_real_03512.jpg,0,cifake
data/deepfake/image/real\cifake_real_03513.jpg,0,cifake
data/deepfake/image/real\cifake_real_03514.jpg,0,cifake
data/deepfake/image/real\cifake_real_03515.jpg,0,cifake
data/deepfake/image/real\cifake_real_03516.jpg,0,cifake
data/deepfake/image/real\cifake_real_03517.jpg,0,cifake
data/deepfake/image/real\cifake_real_03518.jpg,0,cifake
data/deepfake/image/real\cifake_real_03519.jpg,0,cifake
data/deepfake/image/real\cifake_real_03520.jpg,0,cifake
data/deepfake/image/real\cifake_real_03521.jpg,0,cifake
data/deepfake/image/real\cifake_real_03522.jpg,0,cifake
data/deepfake/image/real\cifake_real_03523.jpg,0,cifake
data/deepfake/image/real\cifake_real_03524.jpg,0,cifake
data/deepfake/image/real\cifake_real_03525.jpg,0,cifake
data/deepfake/image/real\cifake_real_03526.jpg,0,cifake
data/deepfake/image/real\cifake_real_03527.jpg,0,cifake
data/deepfake/image/real\cifake_real_03528.jpg,0,cifake
data/deepfake/image/real\cifake_real_03529.jpg,0,cifake
data/deepfake/image/real\cifake_real_03530.jpg,0,cifake
data/deepfake/image/real\cifake_real_03531.jpg,0,cifake
data/deepfake/image/real\cifake_real_03532.jpg,0,cifake
data/deepfake/image/real\cifake_real_03533.jpg,0,cifake
data/deepfake/image/real\cifake_real_03534.jpg,0,cifake
data/deepfake/image/real\cifake_real_03535.jpg,0,cifake
data/deepfake/image/real\cifake_real_03536.jpg,0,cifake
data/deepfake/image/real\cifake_real_03537.jpg,0,cifake
data/deepfake/image/real\cifake_real_03538.jpg,0,cifake
data/deepfake/image/real\cifake_real_03539.jpg,0,cifake
data/deepfake/image/real\cifake_real_03540.jpg,0,cifake
data/deepfake/image/real\cifake_real_03541.jpg,0,cifake
data/deepfake/image/real\cifake_real_03542.jpg,0,cifake
data/deepfake/image/real\cifake_real_03543.jpg,0,cifake
data/deepfake/image/real\cifake_real_03544.jpg,0,cifake
data/deepfake/image/real\cifake_real_03545.jpg,0,cifake
data/deepfake/image/real\cifake_real_03546.jpg,0,cifake
data/deepfake/image/real\cifake_real_03547.jpg,0,cifake
data/deepfake/image/real\cifake_real_03548.jpg,0,cifake
data/deepfake/image/real\cifake_real_03549.jpg,0,cifake
data/deepfake/image/real\cifake_real_03550.jpg,0,cifake
data/deepfake/image/real\cifake_real_03551.jpg,0,cifake
data/deepfake/image/real\cifake_real_03552.jpg,0,cifake
data/deepfake/image/real\cifake_real_03553.jpg,0,cifake
data/deepfake/image/real\cifake_real_03554.jpg,0,cifake
data/deepfake/image/real\cifake_real_03555.jpg,0,cifake
data/deepfake/image/real\cifake_real_03556.jpg,0,cifake
data/deepfake/image/real\cifake_real_03557.jpg,0,cifake
data/deepfake/image/real\cifake_real_03558.jpg,0,cifake
data/deepfake/image/real\cifake_real_03559.jpg,0,cifake
data/deepfake/image/real\cifake_real_03560.jpg,0,cifake
data/deepfake/image/real\cifake_real_03561.jpg,0,cifake
data/deepfake/image/real\cifake_real_03562.jpg,0,cifake
data/deepfake/image/real\cifake_real_03563.jpg,0,cifake
data/deepfake/image/real\cifake_real_03564.jpg,0,cifake
data/deepfake/image/real\cifake_real_03565.jpg,0,cifake
data/deepfake/image/real\cifake_real_03566.jpg,0,cifake
data/deepfake/image/real\cifake_real_03567.jpg,0,cifake
data/deepfake/image/real\cifake_real_03568.jpg,0,cifake
data/deepfake/image/real\cifake_real_03569.jpg,0,cifake
data/deepfake/image/real\cifake_real_03570.jpg,0,cifake
data/deepfake/image/real\cifake_real_03571.jpg,0,cifake
data/deepfake/image/real\cifake_real_03572.jpg,0,cifake
data/deepfake/image/real\cifake_real_03573.jpg,0,cifake
data/deepfake/image/real\cifake_real_03574.jpg,0,cifake
data/deepfake/image/real\cifake_real_03575.jpg,0,cifake
data/deepfake/image/real\cifake_real_03576.jpg,0,cifake
data/deepfake/image/real\cifake_real_03577.jpg,0,cifake
data/deepfake/image/real\cifake_real_03578.jpg,0,cifake
data/deepfake/image/real\cifake_real_03579.jpg,0,cifake
data/deepfake/image/real\cifake_real_03580.jpg,0,cifake
data/deepfake/image/real\cifake_real_03581.jpg,0,cifake
data/deepfake/image/real\cifake_real_03582.jpg,0,cifake
data/deepfake/image/real\cifake_real_03583.jpg,0,cifake
data/deepfake/image/real\cifake_real_03584.jpg,0,cifake
data/deepfake/image/real\cifake_real_03585.jpg,0,cifake
data/deepfake/image/real\cifake_real_03586.jpg,0,cifake
data/deepfake/image/real\cifake_real_03587.jpg,0,cifake
data/deepfake/image/real\cifake_real_03588.jpg,0,cifake
data/deepfake/image/real\cifake_real_03589.jpg,0,cifake
data/deepfake/image/real\cifake_real_03590.jpg,0,cifake
data/deepfake/image/real\cifake_real_03591.jpg,0,cifake
data/deepfake/image/real\cifake_real_03592.jpg,0,cifake
data/deepfake/image/real\cifake_real_03593.jpg,0,cifake
data/deepfake/image/real\cifake_real_03594.jpg,0,cifake
data/deepfake/image/real\cifake_real_03595.jpg,0,cifake
data/deepfake/image/real\cifake_real_03596.jpg,0,cifake
data/deepfake/image/real\cifake_real_03597.jpg,0,cifake
data/deepfake/image/real\cifake_real_03598.jpg,0,cifake
data/deepfake/image/real\cifake_real_03599.jpg,0,cifake
data/deepfake/image/real\cifake_real_03600.jpg,0,cifake
data/deepfake/image/real\cifake_real_03601.jpg,0,cifake
data/deepfake/image/real\cifake_real_03602.jpg,0,cifake
data/deepfake/image/real\cifake_real_03603.jpg,0,cifake
data/deepfake/image/real\cifake_real_03604.jpg,0,cifake
data/deepfake/image/real\cifake_real_03605.jpg,0,cifake
data/deepfake/image/real\cifake_real_03606.jpg,0,cifake
data/deepfake/image/real\cifake_real_03607.jpg,0,cifake
data/deepfake/image/real\cifake_real_03608.jpg,0,cifake
data/deepfake/image/real\cifake_real_03609.jpg,0,cifake
data/deepfake/image/real\cifake_real_03610.jpg,0,cifake
data/deepfake/image/real\cifake_real_03611.jpg,0,cifake
data/deepfake/image/real\cifake_real_03612.jpg,0,cifake
data/deepfake/image/real\cifake_real_03613.jpg,0,cifake
data/deepfake/image/real\cifake_real_03614.jpg,0,cifake
data/deepfake/image/real\cifake_real_03615.jpg,0,cifake
data/deepfake/image/real\cifake_real_03616.jpg,0,cifake
data/deepfake/image/real\cifake_real_03617.jpg,0,cifake
data/deepfake/image/real\cifake_real_03618.jpg,0,cifake
data/deepfake/image/real\cifake_real_03619.jpg,0,cifake
data/deepfake/image/real\cifake_real_03620.jpg,0,cifake
data/deepfake/image/real\cifake_real_03621.jpg,0,cifake
data/deepfake/image/real\cifake_real_03622.jpg,0,cifake
data/deepfake/image/real\cifake_real_03623.jpg,0,cifake
data/deepfake/image/real\cifake_real_03624.jpg,0,cifake
data/deepfake/image/real\cifake_real_03625.jpg,0,cifake
data/deepfake/image/real\cifake_real_03626.jpg,0,cifake
data/deepfake/image/real\cifake_real_03627.jpg,0,cifake
data/deepfake/image/real\cifake_real_03628.jpg,0,cifake
data/deepfake/image/real\cifake_real_03629.jpg,0,cifake
data/deepfake/image/real\cifake_real_03630.jpg,0,cifake
data/deepfake/image/real\cifake_real_03631.jpg,0,cifake
data/deepfake/image/real\cifake_real_03632.jpg,0,cifake
data/deepfake/image/real\cifake_real_03633.jpg,0,cifake
data/deepfake/image/real\cifake_real_03634.jpg,0,cifake
data/deepfake/image/real\cifake_real_03635.jpg,0,cifake
data/deepfake/image/real\cifake_real_03636.jpg,0,cifake
data/deepfake/image/real\cifake_real_03637.jpg,0,cifake
data/deepfake/image/real\cifake_real_03638.jpg,0,cifake
data/deepfake/image/real\cifake_real_03639.jpg,0,cifake
data/deepfake/image/real\cifake_real_03640.jpg,0,cifake
data/deepfake/image/real\cifake_real_03641.jpg,0,cifake
data/deepfake/image/real\cifake_real_03642.jpg,0,cifake
data/deepfake/image/real\cifake_real_03643.jpg,0,cifake
data/deepfake/image/real\cifake_real_03644.jpg,0,cifake
data/deepfake/image/real\cifake_real_03645.jpg,0,cifake
data/deepfake/image/real\cifake_real_03646.jpg,0,cifake
data/deepfake/image/real\cifake_real_03647.jpg,0,cifake
data/deepfake/image/real\cifake_real_03648.jpg,0,cifake
data/deepfake/image/real\cifake_real_03649.jpg,0,cifake
data/deepfake/image/real\cifake_real_03650.jpg,0,cifake
data/deepfake/image/real\cifake_real_03651.jpg,0,cifake
data/deepfake/image/real\cifake_real_03652.jpg,0,cifake
data/deepfake/image/real\cifake_real_03653.jpg,0,cifake
data/deepfake/image/real\cifake_real_03654.jpg,0,cifake
data/deepfake/image/real\cifake_real_03655.jpg,0,cifake
data/deepfake/image/real\cifake_real_03656.jpg,0,cifake
data/deepfake/image/real\cifake_real_03657.jpg,0,cifake
data/deepfake/image/real\cifake_real_03658.jpg,0,cifake
data/deepfake/image/real\cifake_real_03659.jpg,0,cifake
data/deepfake/image/real\cifake_real_03660.jpg,0,cifake
data/deepfake/image/real\cifake_real_03661.jpg,0,cifake
data/deepfake/image/real\cifake_real_03662.jpg,0,cifake
data/deepfake/image/real\cifake_real_03663.jpg,0,cifake
data/deepfake/image/real\cifake_real_03664.jpg,0,cifake
data/deepfake/image/real\cifake_real_03665.jpg,0,cifake
data/deepfake/image/real\cifake_real_03666.jpg,0,cifake
data/deepfake/image/real\cifake_real_03667.jpg,0,cifake
data/deepfake/image/real\cifake_real_03668.jpg,0,cifake
data/deepfake/image/real\cifake_real_03669.jpg,0,cifake
data/deepfake/image/real\cifake_real_03670.jpg,0,cifake
data/deepfake/image/real\cifake_real_03671.jpg,0,cifake
data/deepfake/image/real\cifake_real_03672.jpg,0,cifake
data/deepfake/image/real\cifake_real_03673.jpg,0,cifake
data/deepfake/image/real\cifake_real_03674.jpg,0,cifake
data/deepfake/image/real\cifake_real_03675.jpg,0,cifake
data/deepfake/image/real\cifake_real_03676.jpg,0,cifake
data/deepfake/image/real\cifake_real_03677.jpg,0,cifake
data/deepfake/image/real\cifake_real_03678.jpg,0,cifake
data/deepfake/image/real\cifake_real_03679.jpg,0,cifake
data/deepfake/image/real\cifake_real_03680.jpg,0,cifake
data/deepfake/image/real\cifake_real_03681.jpg,0,cifake
data/deepfake/image/real\cifake_real_03682.jpg,0,cifake
data/deepfake/image/real\cifake_real_03683.jpg,0,cifake
data/deepfake/image/real\cifake_real_03684.jpg,0,cifake
data/deepfake/image/real\cifake_real_03685.jpg,0,cifake
data/deepfake/image/real\cifake_real_03686.jpg,0,cifake
data/deepfake/image/real\cifake_real_03687.jpg,0,cifake
data/deepfake/image/real\cifake_real_03688.jpg,0,cifake
data/deepfake/image/real\cifake_real_03689.jpg,0,cifake
data/deepfake/image/real\cifake_real_03690.jpg,0,cifake
data/deepfake/image/real\cifake_real_03691.jpg,0,cifake
data/deepfake/image/real\cifake_real_03692.jpg,0,cifake
data/deepfake/image/real\cifake_real_03693.jpg,0,cifake
data/deepfake/image/real\cifake_real_03694.jpg,0,cifake
data/deepfake/image/real\cifake_real_03695.jpg,0,cifake
data/deepfake/image/real\cifake_real_03696.jpg,0,cifake
data/deepfake/image/real\cifake_real_03697.jpg,0,cifake
data/deepfake/image/real\cifake_real_03698.jpg,0,cifake
data/deepfake/image/real\cifake_real_03699.jpg,0,cifake
data/deepfake/image/real\cifake_real_03700.jpg,0,cifake
data/deepfake/image/real\cifake_real_03701.jpg,0,cifake
data/deepfake/image/real\cifake_real_03702.jpg,0,cifake
data/deepfake/image/real\cifake_real_03703.jpg,0,cifake
data/deepfake/image/real\cifake_real_03704.jpg,0,cifake
data/deepfake/image/real\cifake_real_03705.jpg,0,cifake
data/deepfake/image/real\cifake_real_03706.jpg,0,cifake
data/deepfake/image/real\cifake_real_03707.jpg,0,cifake
data/deepfake/image/real\cifake_real_03708.jpg,0,cifake
data/deepfake/image/real\cifake_real_03709.jpg,0,cifake
data/deepfake/image/real\cifake_real_03710.jpg,0,cifake
data/deepfake/image/real\cifake_real_03711.jpg,0,cifake
data/deepfake/image/real\cifake_real_03712.jpg,0,cifake
data/deepfake/image/real\cifake_real_03713.jpg,0,cifake
data/deepfake/image/real\cifake_real_03714.jpg,0,cifake
data/deepfake/image/real\cifake_real_03715.jpg,0,cifake
data/deepfake/image/real\cifake_real_03716.jpg,0,cifake
data/deepfake/image/real\cifake_real_03717.jpg,0,cifake
data/deepfake/image/real\cifake_real_03718.jpg,0,cifake
data/deepfake/image/real\cifake_real_03719.jpg,0,cifake
data/deepfake/image/real\cifake_real_03720.jpg,0,cifake
data/deepfake/image/real\cifake_real_03721.jpg,0,cifake
data/deepfake/image/real\cifake_real_03722.jpg,0,cifake
data/deepfake/image/real\cifake_real_03723.jpg,0,cifake
data/deepfake/image/real\cifake_real_03724.jpg,0,cifake
data/deepfake/image/real\cifake_real_03725.jpg,0,cifake
data/deepfake/image/real\cifake_real_03726.jpg,0,cifake
data/deepfake/image/real\cifake_real_03727.jpg,0,cifake
data/deepfake/image/real\cifake_real_03728.jpg,0,cifake
data/deepfake/image/real\cifake_real_03729.jpg,0,cifake
data/deepfake/image/real\cifake_real_03730.jpg,0,cifake
data/deepfake/image/real\cifake_real_03731.jpg,0,cifake
data/deepfake/image/real\cifake_real_03732.jpg,0,cifake
data/deepfake/image/real\cifake_real_03733.jpg,0,cifake
data/deepfake/image/real\cifake_real_03734.jpg,0,cifake
data/deepfake/image/real\cifake_real_03735.jpg,0,cifake
data/deepfake/image/real\cifake_real_03736.jpg,0,cifake
data/deepfake/image/real\cifake_real_03737.jpg,0,cifake
data/deepfake/image/real\cifake_real_03738.jpg,0,cifake
data/deepfake/image/real\cifake_real_03739.jpg,0,cifake
data/deepfake/image/real\cifake_real_03740.jpg,0,cifake
data/deepfake/image/real\cifake_real_03741.jpg,0,cifake
data/deepfake/image/real\cifake_real_03742.jpg,0,cifake
data/deepfake/image/real\cifake_real_03743.jpg,0,cifake
data/deepfake/image/real\cifake_real_03744.jpg,0,cifake
data/deepfake/image/real\cifake_real_03745.jpg,0,cifake
data/deepfake/image/real\cifake_real_03746.jpg,0,cifake
data/deepfake/image/real\cifake_real_03747.jpg,0,cifake
data/deepfake/image/real\cifake_real_03748.jpg,0,cifake
data/deepfake/image/real\cifake_real_03749.jpg,0,cifake
data/deepfake/image/real\cifake_real_03750.jpg,0,cifake
data/deepfake/image/real\cifake_real_03751.jpg,0,cifake
data/deepfake/image/real\cifake_real_03752.jpg,0,cifake
data/deepfake/image/real\cifake_real_03753.jpg,0,cifake
data/deepfake/image/real\cifake_real_03754.jpg,0,cifake
data/deepfake/image/real\cifake_real_03755.jpg,0,cifake
data/deepfake/image/real\cifake_real_03756.jpg,0,cifake
data/deepfake/image/real\cifake_real_03757.jpg,0,cifake
data/deepfake/image/real\cifake_real_03758.jpg,0,cifake
data/deepfake/image/real\cifake_real_03759.jpg,0,cifake
data/deepfake/image/real\cifake_real_03760.jpg,0,cifake
data/deepfake/image/real\cifake_real_03761.jpg,0,cifake
data/deepfake/image/real\cifake_real_03762.jpg,0,cifake
data/deepfake/image/real\cifake_real_03763.jpg,0,cifake
data/deepfake/image/real\cifake_real_03764.jpg,0,cifake
data/deepfake/image/real\cifake_real_03765.jpg,0,cifake
data/deepfake/image/real\cifake_real_03766.jpg,0,cifake
data/deepfake/image/real\cifake_real_03767.jpg,0,cifake
data/deepfake/image/real\cifake_real_03768.jpg,0,cifake
data/deepfake/image/real\cifake_real_03769.jpg,0,cifake
data/deepfake/image/real\cifake_real_03770.jpg,0,cifake
data/deepfake/image/real\cifake_real_03771.jpg,0,cifake
data/deepfake/image/real\cifake_real_03772.jpg,0,cifake
data/deepfake/image/real\cifake_real_03773.jpg,0,cifake
data/deepfake/image/real\cifake_real_03774.jpg,0,cifake
data/deepfake/image/real\cifake_real_03775.jpg,0,cifake
data/deepfake/image/real\cifake_real_03776.jpg,0,cifake
data/deepfake/image/real\cifake_real_03777.jpg,0,cifake
data/deepfake/image/real\cifake_real_03778.jpg,0,cifake
data/deepfake/image/real\cifake_real_03779.jpg,0,cifake
data/deepfake/image/real\cifake_real_03780.jpg,0,cifake
data/deepfake/image/real\cifake_real_03781.jpg,0,cifake
data/deepfake/image/real\cifake_real_03782.jpg,0,cifake
data/deepfake/image/real\cifake_real_03783.jpg,0,cifake
data/deepfake/image/real\cifake_real_03784.jpg,0,cifake
data/deepfake/image/real\cifake_real_03785.jpg,0,cifake
data/deepfake/image/real\cifake_real_03786.jpg,0,cifake
data/deepfake/image/real\cifake_real_03787.jpg,0,cifake
data/deepfake/image/real\cifake_real_03788.jpg,0,cifake
data/deepfake/image/real\cifake_real_03789.jpg,0,cifake
data/deepfake/image/real\cifake_real_03790.jpg,0,cifake
data/deepfake/image/real\cifake_real_03791.jpg,0,cifake
data/deepfake/image/real\cifake_real_03792.jpg,0,cifake
data/deepfake/image/real\cifake_real_03793.jpg,0,cifake
data/deepfake/image/real\cifake_real_03794.jpg,0,cifake
data/deepfake/image/real\cifake_real_03795.jpg,0,cifake
data/deepfake/image/real\cifake_real_03796.jpg,0,cifake
data/deepfake/image/real\cifake_real_03797.jpg,0,cifake
data/deepfake/image/real\cifake_real_03798.jpg,0,cifake
data/deepfake/image/real\cifake_real_03799.jpg,0,cifake
data/deepfake/image/real\cifake_real_03800.jpg,0,cifake
data/deepfake/image/real\cifake_real_03801.jpg,0,cifake
data/deepfake/image/real\cifake_real_03802.jpg,0,cifake
data/deepfake/image/real\cifake_real_03803.jpg,0,cifake
data/deepfake/image/real\cifake_real_03804.jpg,0,cifake
data/deepfake/image/real\cifake_real_03805.jpg,0,cifake
data/deepfake/image/real\cifake_real_03806.jpg,0,cifake
data/deepfake/image/real\cifake_real_03807.jpg,0,cifake
data/deepfake/image/real\cifake_real_03808.jpg,0,cifake
data/deepfake/image/real\cifake_real_03809.jpg,0,cifake
data/deepfake/image/real\cifake_real_03810.jpg,0,cifake
data/deepfake/image/real\cifake_real_03811.jpg,0,cifake
data/deepfake/image/real\cifake_real_03812.jpg,0,cifake
data/deepfake/image/real\cifake_real_03813.jpg,0,cifake
data/deepfake/image/real\cifake_real_03814.jpg,0,cifake
data/deepfake/image/real\cifake_real_03815.jpg,0,cifake
data/deepfake/image/real\cifake_real_03816.jpg,0,cifake
data/deepfake/image/real\cifake_real_03817.jpg,0,cifake
data/deepfake/image/real\cifake_real_03818.jpg,0,cifake
data/deepfake/image/real\cifake_real_03819.jpg,0,cifake
data/deepfake/image/real\cifake_real_03820.jpg,0,cifake
data/deepfake/image/real\cifake_real_03821.jpg,0,cifake
data/deepfake/image/real\cifake_real_03822.jpg,0,cifake
data/deepfake/image/real\cifake_real_03823.jpg,0,cifake
data/deepfake/image/real\cifake_real_03824.jpg,0,cifake
data/deepfake/image/real\cifake_real_03825.jpg,0,cifake
data/deepfake/image/real\cifake_real_03826.jpg,0,cifake
data/deepfake/image/real\cifake_real_03827.jpg,0,cifake
data/deepfake/image/real\cifake_real_03828.jpg,0,cifake
data/deepfake/image/real\cifake_real_03829.jpg,0,cifake
data/deepfake/image/real\cifake_real_03830.jpg,0,cifake
data/deepfake/image/real\cifake_real_03831.jpg,0,cifake
data/deepfake/image/real\cifake_real_03832.jpg,0,cifake
data/deepfake/image/real\cifake_real_03833.jpg,0,cifake
data/deepfake/image/real\cifake_real_03834.jpg,0,cifake
data/deepfake/image/real\cifake_real_03835.jpg,0,cifake
data/deepfake/image/real\cifake_real_03836.jpg,0,cifake
data/deepfake/image/real\cifake_real_03837.jpg,0,cifake
data/deepfake/image/real\cifake_real_03838.jpg,0,cifake
data/deepfake/image/real\cifake_real_03839.jpg,0,cifake
data/deepfake/image/real\cifake_real_03840.jpg,0,cifake
data/deepfake/image/real\cifake_real_03841.jpg,0,cifake
data/deepfake/image/real\cifake_real_03842.jpg,0,cifake
data/deepfake/image/real\cifake_real_03843.jpg,0,cifake
data/deepfake/image/real\cifake_real_03844.jpg,0,cifake
data/deepfake/image/real\cifake_real_03845.jpg,0,cifake
data/deepfake/image/real\cifake_real_03846.jpg,0,cifake
data/deepfake/image/real\cifake_real_03847.jpg,0,cifake
data/deepfake/image/real\cifake_real_03848.jpg,0,cifake
data/deepfake/image/real\cifake_real_03849.jpg,0,cifake
data/deepfake/image/real\cifake_real_03850.jpg,0,cifake
data/deepfake/image/real\cifake_real_03851.jpg,0,cifake
data/deepfake/image/real\cifake_real_03852.jpg,0,cifake
data/deepfake/image/real\cifake_real_03853.jpg,0,cifake
data/deepfake/image/real\cifake_real_03854.jpg,0,cifake
data/deepfake/image/real\cifake_real_03855.jpg,0,cifake
data/deepfake/image/real\cifake_real_03856.jpg,0,cifake
data/deepfake/image/real\cifake_real_03857.jpg,0,cifake
data/deepfake/image/real\cifake_real_03858.jpg,0,cifake
data/deepfake/image/real\cifake_real_03859.jpg,0,cifake
data/deepfake/image/real\cifake_real_03860.jpg,0,cifake
data/deepfake/image/real\cifake_real_03861.jpg,0,cifake
data/deepfake/image/real\cifake_real_03862.jpg,0,cifake
data/deepfake/image/real\cifake_real_03863.jpg,0,cifake
data/deepfake/image/real\cifake_real_03864.jpg,0,cifake
data/deepfake/image/real\cifake_real_03865.jpg,0,cifake
data/deepfake/image/real\cifake_real_03866.jpg,0,cifake
data/deepfake/image/real\cifake_real_03867.jpg,0,cifake
data/deepfake/image/real\cifake_real_03868.jpg,0,cifake
data/deepfake/image/real\cifake_real_03869.jpg,0,cifake
data/deepfake/image/real\cifake_real_03870.jpg,0,cifake
data/deepfake/image/real\cifake_real_03871.jpg,0,cifake
data/deepfake/image/real\cifake_real_03872.jpg,0,cifake
data/deepfake/image/real\cifake_real_03873.jpg,0,cifake
data/deepfake/image/real\cifake_real_03874.jpg,0,cifake
data/deepfake/image/real\cifake_real_03875.jpg,0,cifake
data/deepfake/image/real\cifake_real_03876.jpg,0,cifake
data/deepfake/image/real\cifake_real_03877.jpg,0,cifake
data/deepfake/image/real\cifake_real_03878.jpg,0,cifake
data/deepfake/image/real\cifake_real_03879.jpg,0,cifake
data/deepfake/image/real\cifake_real_03880.jpg,0,cifake
data/deepfake/image/real\cifake_real_03881.jpg,0,cifake
data/deepfake/image/real\cifake_real_03882.jpg,0,cifake
data/deepfake/image/real\cifake_real_03883.jpg,0,cifake
data/deepfake/image/real\cifake_real_03884.jpg,0,cifake
data/deepfake/image/real\cifake_real_03885.jpg,0,cifake
data/deepfake/image/real\cifake_real_03886.jpg,0,cifake
data/deepfake/image/real\cifake_real_03887.jpg,0,cifake
data/deepfake/image/real\cifake_real_03888.jpg,0,cifake
data/deepfake/image/real\cifake_real_03889.jpg,0,cifake
data/deepfake/image/real\cifake_real_03890.jpg,0,cifake
data/deepfake/image/real\cifake_real_03891.jpg,0,cifake
data/deepfake/image/real\cifake_real_03892.jpg,0,cifake
data/deepfake/image/real\cifake_real_03893.jpg,0,cifake
data/deepfake/image/real\cifake_real_03894.jpg,0,cifake
data/deepfake/image/real\cifake_real_03895.jpg,0,cifake
data/deepfake/image/real\cifake_real_03896.jpg,0,cifake
data/deepfake/image/real\cifake_real_03897.jpg,0,cifake
data/deepfake/image/real\cifake_real_03898.jpg,0,cifake
data/deepfake/image/real\cifake_real_03899.jpg,0,cifake
data/deepfake/image/real\cifake_real_03900.jpg,0,cifake
data/deepfake/image/real\cifake_real_03901.jpg,0,cifake
data/deepfake/image/real\cifake_real_03902.jpg,0,cifake
data/deepfake/image/real\cifake_real_03903.jpg,0,cifake
data/deepfake/image/real\cifake_real_03904.jpg,0,cifake
data/deepfake/image/real\cifake_real_03905.jpg,0,cifake
data/deepfake/image/real\cifake_real_03906.jpg,0,cifake
data/deepfake/image/real\cifake_real_03907.jpg,0,cifake
data/deepfake/image/real\cifake_real_03908.jpg,0,cifake
data/deepfake/image/real\cifake_real_03909.jpg,0,cifake
data/deepfake/image/real\cifake_real_03910.jpg,0,cifake
data/deepfake/image/real\cifake_real_03911.jpg,0,cifake
data/deepfake/image/real\cifake_real_03912.jpg,0,cifake
data/deepfake/image/real\cifake_real_03913.jpg,0,cifake
data/deepfake/image/real\cifake_real_03914.jpg,0,cifake
data/deepfake/image/real\cifake_real_03915.jpg,0,cifake
data/deepfake/image/real\cifake_real_03916.jpg,0,cifake
data/deepfake/image/real\cifake_real_03917.jpg,0,cifake
data/deepfake/image/real\cifake_real_03918.jpg,0,cifake
data/deepfake/image/real\cifake_real_03919.jpg,0,cifake
data/deepfake/image/real\cifake_real_03920.jpg,0,cifake
data/deepfake/image/real\cifake_real_03921.jpg,0,cifake
data/deepfake/image/real\cifake_real_03922.jpg,0,cifake
data/deepfake/image/real\cifake_real_03923.jpg,0,cifake
data/deepfake/image/real\cifake_real_03924.jpg,0,cifake
data/deepfake/image/real\cifake_real_03925.jpg,0,cifake
data/deepfake/image/real\cifake_real_03926.jpg,0,cifake
data/deepfake/image/real\cifake_real_03927.jpg,0,cifake
data/deepfake/image/real\cifake_real_03928.jpg,0,cifake
data/deepfake/image/real\cifake_real_03929.jpg,0,cifake
data/deepfake/image/real\cifake_real_03930.jpg,0,cifake
data/deepfake/image/real\cifake_real_03931.jpg,0,cifake
data/deepfake/image/real\cifake_real_03932.jpg,0,cifake
data/deepfake/image/real\cifake_real_03933.jpg,0,cifake
data/deepfake/image/real\cifake_real_03934.jpg,0,cifake
data/deepfake/image/real\cifake_real_03935.jpg,0,cifake
data/deepfake/image/real\cifake_real_03936.jpg,0,cifake
data/deepfake/image/real\cifake_real_03937.jpg,0,cifake
data/deepfake/image/real\cifake_real_03938.jpg,0,cifake
data/deepfake/image/real\cifake_real_03939.jpg,0,cifake
data/deepfake/image/real\cifake_real_03940.jpg,0,cifake
data/deepfake/image/real\cifake_real_03941.jpg,0,cifake
data/deepfake/image/real\cifake_real_03942.jpg,0,cifake
data/deepfake/image/real\cifake_real_03943.jpg,0,cifake
data/deepfake/image/real\cifake_real_03944.jpg,0,cifake
data/deepfake/image/real\cifake_real_03945.jpg,0,cifake
data/deepfake/image/real\cifake_real_03946.jpg,0,cifake
data/deepfake/image/real\cifake_real_03947.jpg,0,cifake
data/deepfake/image/real\cifake_real_03948.jpg,0,cifake
data/deepfake/image/real\cifake_real_03949.jpg,0,cifake
data/deepfake/image/real\cifake_real_03950.jpg,0,cifake
data/deepfake/image/real\cifake_real_03951.jpg,0,cifake
data/deepfake/image/real\cifake_real_03952.jpg,0,cifake
data/deepfake/image/real\cifake_real_03953.jpg,0,cifake
data/deepfake/image/real\cifake_real_03954.jpg,0,cifake
data/deepfake/image/real\cifake_real_03955.jpg,0,cifake
data/deepfake/image/real\cifake_real_03956.jpg,0,cifake
data/deepfake/image/real\cifake_real_03957.jpg,0,cifake
data/deepfake/image/real\cifake_real_03958.jpg,0,cifake
data/deepfake/image/real\cifake_real_03959.jpg,0,cifake
data/deepfake/image/real\cifake_real_03960.jpg,0,cifake
data/deepfake/image/real\cifake_real_03961.jpg,0,cifake
data/deepfake/image/real\cifake_real_03962.jpg,0,cifake
data/deepfake/image/real\cifake_real_03963.jpg,0,cifake
data/deepfake/image/real\cifake_real_03964.jpg,0,cifake
data/deepfake/image/real\cifake_real_03965.jpg,0,cifake
data/deepfake/image/real\cifake_real_03966.jpg,0,cifake
data/deepfake/image/real\cifake_real_03967.jpg,0,cifake
data/deepfake/image/real\cifake_real_03968.jpg,0,cifake
data/deepfake/image/real\cifake_real_03969.jpg,0,cifake
data/deepfake/image/real\cifake_real_03970.jpg,0,cifake
data/deepfake/image/real\cifake_real_03971.jpg,0,cifake
data/deepfake/image/real\cifake_real_03972.jpg,0,cifake
data/deepfake/image/real\cifake_real_03973.jpg,0,cifake
data/deepfake/image/real\cifake_real_03974.jpg,0,cifake
data/deepfake/image/real\cifake_real_03975.jpg,0,cifake
data/deepfake/image/real\cifake_real_03976.jpg,0,cifake
data/deepfake/image/real\cifake_real_03977.jpg,0,cifake
data/deepfake/image/real\cifake_real_03978.jpg,0,cifake
data/deepfake/image/real\cifake_real_03979.jpg,0,cifake
data/deepfake/image/real\cifake_real_03980.jpg,0,cifake
data/deepfake/image/real\cifake_real_03981.jpg,0,cifake
data/deepfake/image/real\cifake_real_03982.jpg,0,cifake
data/deepfake/image/real\cifake_real_03983.jpg,0,cifake
data/deepfake/image/real\cifake_real_03984.jpg,0,cifake
data/deepfake/image/real\cifake_real_03985.jpg,0,cifake
data/deepfake/image/real\cifake_real_03986.jpg,0,cifake
data/deepfake/image/real\cifake_real_03987.jpg,0,cifake
data/deepfake/image/real\cifake_real_03988.jpg,0,cifake
data/deepfake/image/real\cifake_real_03989.jpg,0,cifake
data/deepfake/image/real\cifake_real_03990.jpg,0,cifake
data/deepfake/image/real\cifake_real_03991.jpg,0,cifake
data/deepfake/image/real\cifake_real_03992.jpg,0,cifake
data/deepfake/image/real\cifake_real_03993.jpg,0,cifake
data/deepfake/image/real\cifake_real_03994.jpg,0,cifake
data/deepfake/image/real\cifake_real_03995.jpg,0,cifake
data/deepfake/image/real\cifake_real_03996.jpg,0,cifake
data/deepfake/image/real\cifake_real_03997.jpg,0,cifake
data/deepfake/image/real\cifake_real_03998.jpg,0,cifake
data/deepfake/image/real\cifake_real_03999.jpg,0,cifake
data/deepfake/image/real\cifake_real_04000.jpg,0,cifake
data/deepfake/image/real\cifake_real_04001.jpg,0,cifake
data/deepfake/image/real\cifake_real_04002.jpg,0,cifake
data/deepfake/image/real\cifake_real_04003.jpg,0,cifake
data/deepfake/image/real\cifake_real_04004.jpg,0,cifake
data/deepfake/image/real\cifake_real_04005.jpg,0,cifake
data/deepfake/image/real\cifake_real_04006.jpg,0,cifake
data/deepfake/image/real\cifake_real_04007.jpg,0,cifake
data/deepfake/image/real\cifake_real_04008.jpg,0,cifake
data/deepfake/image/real\cifake_real_04009.jpg,0,cifake
data/deepfake/image/real\cifake_real_04010.jpg,0,cifake
data/deepfake/image/real\cifake_real_04011.jpg,0,cifake
data/deepfake/image/real\cifake_real_04012.jpg,0,cifake
data/deepfake/image/real\cifake_real_04013.jpg,0,cifake
data/deepfake/image/real\cifake_real_04014.jpg,0,cifake
data/deepfake/image/real\cifake_real_04015.jpg,0,cifake
data/deepfake/image/real\cifake_real_04016.jpg,0,cifake
data/deepfake/image/real\cifake_real_04017.jpg,0,cifake
data/deepfake/image/real\cifake_real_04018.jpg,0,cifake
data/deepfake/image/real\cifake_real_04019.jpg,0,cifake
data/deepfake/image/real\cifake_real_04020.jpg,0,cifake
data/deepfake/image/real\cifake_real_04021.jpg,0,cifake
data/deepfake/image/real\cifake_real_04022.jpg,0,cifake
data/deepfake/image/real\cifake_real_04023.jpg,0,cifake
data/deepfake/image/real\cifake_real_04024.jpg,0,cifake
data/deepfake/image/real\cifake_real_04025.jpg,0,cifake
data/deepfake/image/real\cifake_real_04026.jpg,0,cifake
data/deepfake/image/real\cifake_real_04027.jpg,0,cifake
data/deepfake/image/real\cifake_real_04028.jpg,0,cifake
data/deepfake/image/real\cifake_real_04029.jpg,0,cifake
data/deepfake/image/real\cifake_real_04030.jpg,0,cifake
data/deepfake/image/real\cifake_real_04031.jpg,0,cifake
data/deepfake/image/real\cifake_real_04032.jpg,0,cifake
data/deepfake/image/real\cifake_real_04033.jpg,0,cifake
data/deepfake/image/real\cifake_real_04034.jpg,0,cifake
data/deepfake/image/real\cifake_real_04035.jpg,0,cifake
data/deepfake/image/real\cifake_real_04036.jpg,0,cifake
data/deepfake/image/real\cifake_real_04037.jpg,0,cifake
data/deepfake/image/real\cifake_real_04038.jpg,0,cifake
data/deepfake/image/real\cifake_real_04039.jpg,0,cifake
data/deepfake/image/real\cifake_real_04040.jpg,0,cifake
data/deepfake/image/real\cifake_real_04041.jpg,0,cifake
data/deepfake/image/real\cifake_real_04042.jpg,0,cifake
data/deepfake/image/real\cifake_real_04043.jpg,0,cifake
data/deepfake/image/real\cifake_real_04044.jpg,0,cifake
data/deepfake/image/real\cifake_real_04045.jpg,0,cifake
data/deepfake/image/real\cifake_real_04046.jpg,0,cifake
data/deepfake/image/real\cifake_real_04047.jpg,0,cifake
data/deepfake/image/real\cifake_real_04048.jpg,0,cifake
data/deepfake/image/real\cifake_real_04049.jpg,0,cifake
data/deepfake/image/real\cifake_real_04050.jpg,0,cifake
data/deepfake/image/real\cifake_real_04051.jpg,0,cifake
data/deepfake/image/real\cifake_real_04052.jpg,0,cifake
data/deepfake/image/real\cifake_real_04053.jpg,0,cifake
data/deepfake/image/real\cifake_real_04054.jpg,0,cifake
data/deepfake/image/real\cifake_real_04055.jpg,0,cifake
data/deepfake/image/real\cifake_real_04056.jpg,0,cifake
data/deepfake/image/real\cifake_real_04057.jpg,0,cifake
data/deepfake/image/real\cifake_real_04058.jpg,0,cifake
data/deepfake/image/real\cifake_real_04059.jpg,0,cifake
data/deepfake/image/real\cifake_real_04060.jpg,0,cifake
data/deepfake/image/real\cifake_real_04061.jpg,0,cifake
data/deepfake/image/real\cifake_real_04062.jpg,0,cifake
data/deepfake/image/real\cifake_real_04063.jpg,0,cifake
data/deepfake/image/real\cifake_real_04064.jpg,0,cifake
data/deepfake/image/real\cifake_real_04065.jpg,0,cifake
data/deepfake/image/real\cifake_real_04066.jpg,0,cifake
data/deepfake/image/real\cifake_real_04067.jpg,0,cifake
data/deepfake/image/real\cifake_real_04068.jpg,0,cifake
data/deepfake/image/real\cifake_real_04069.jpg,0,cifake
data/deepfake/image/real\cifake_real_04070.jpg,0,cifake
data/deepfake/image/real\cifake_real_04071.jpg,0,cifake
data/deepfake/image/real\cifake_real_04072.jpg,0,cifake
data/deepfake/image/real\cifake_real_04073.jpg,0,cifake
data/deepfake/image/real\cifake_real_04074.jpg,0,cifake
data/deepfake/image/real\cifake_real_04075.jpg,0,cifake
data/deepfake/image/real\cifake_real_04076.jpg,0,cifake
data/deepfake/image/real\cifake_real_04077.jpg,0,cifake
data/deepfake/image/real\cifake_real_04078.jpg,0,cifake
data/deepfake/image/real\cifake_real_04079.jpg,0,cifake
data/deepfake/image/real\cifake_real_04080.jpg,0,cifake
data/deepfake/image/real\cifake_real_04081.jpg,0,cifake
data/deepfake/image/real\cifake_real_04082.jpg,0,cifake
data/deepfake/image/real\cifake_real_04083.jpg,0,cifake
data/deepfake/image/real\cifake_real_04084.jpg,0,cifake
data/deepfake/image/real\cifake_real_04085.jpg,0,cifake
data/deepfake/image/real\cifake_real_04086.jpg,0,cifake
data/deepfake/image/real\cifake_real_04087.jpg,0,cifake
data/deepfake/image/real\cifake_real_04088.jpg,0,cifake
data/deepfake/image/real\cifake_real_04089.jpg,0,cifake
data/deepfake/image/real\cifake_real_04090.jpg,0,cifake
data/deepfake/image/real\cifake_real_04091.jpg,0,cifake
data/deepfake/image/real\cifake_real_04092.jpg,0,cifake
data/deepfake/image/real\cifake_real_04093.jpg,0,cifake
data/deepfake/image/real\cifake_real_04094.jpg,0,cifake
data/deepfake/image/real\cifake_real_04095.jpg,0,cifake
data/deepfake/image/real\cifake_real_04096.jpg,0,cifake
data/deepfake/image/real\cifake_real_04097.jpg,0,cifake
data/deepfake/image/real\cifake_real_04098.jpg,0,cifake
data/deepfake/image/real\cifake_real_04099.jpg,0,cifake
data/deepfake/image/real\cifake_real_04100.jpg,0,cifake
data/deepfake/image/real\cifake_real_04101.jpg,0,cifake
data/deepfake/image/real\cifake_real_04102.jpg,0,cifake
data/deepfake/image/real\cifake_real_04103.jpg,0,cifake
data/deepfake/image/real\cifake_real_04104.jpg,0,cifake
data/deepfake/image/real\cifake_real_04105.jpg,0,cifake
data/deepfake/image/real\cifake_real_04106.jpg,0,cifake
data/deepfake/image/real\cifake_real_04107.jpg,0,cifake
data/deepfake/image/real\cifake_real_04108.jpg,0,cifake
data/deepfake/image/real\cifake_real_04109.jpg,0,cifake
data/deepfake/image/real\cifake_real_04110.jpg,0,cifake
data/deepfake/image/real\cifake_real_04111.jpg,0,cifake
data/deepfake/image/real\cifake_real_04112.jpg,0,cifake
data/deepfake/image/real\cifake_real_04113.jpg,0,cifake
data/deepfake/image/real\cifake_real_04114.jpg,0,cifake
data/deepfake/image/real\cifake_real_04115.jpg,0,cifake
data/deepfake/image/real\cifake_real_04116.jpg,0,cifake
data/deepfake/image/real\cifake_real_04117.jpg,0,cifake
data/deepfake/image/real\cifake_real_04118.jpg,0,cifake
data/deepfake/image/real\cifake_real_04119.jpg,0,cifake
data/deepfake/image/real\cifake_real_04120.jpg,0,cifake
data/deepfake/image/real\cifake_real_04121.jpg,0,cifake
data/deepfake/image/real\cifake_real_04122.jpg,0,cifake
data/deepfake/image/real\cifake_real_04123.jpg,0,cifake
data/deepfake/image/real\cifake_real_04124.jpg,0,cifake
data/deepfake/image/real\cifake_real_04125.jpg,0,cifake
data/deepfake/image/real\cifake_real_04126.jpg,0,cifake
data/deepfake/image/real\cifake_real_04127.jpg,0,cifake
data/deepfake/image/real\cifake_real_04128.jpg,0,cifake
data/deepfake/image/real\cifake_real_04129.jpg,0,cifake
data/deepfake/image/real\cifake_real_04130.jpg,0,cifake
data/deepfake/image/real\cifake_real_04131.jpg,0,cifake
data/deepfake/image/real\cifake_real_04132.jpg,0,cifake
data/deepfake/image/real\cifake_real_04133.jpg,0,cifake
data/deepfake/image/real\cifake_real_04134.jpg,0,cifake
data/deepfake/image/real\cifake_real_04135.jpg,0,cifake
data/deepfake/image/real\cifake_real_04136.jpg,0,cifake
data/deepfake/image/real\cifake_real_04137.jpg,0,cifake
data/deepfake/image/real\cifake_real_04138.jpg,0,cifake
data/deepfake/image/real\cifake_real_04139.jpg,0,cifake
data/deepfake/image/real\cifake_real_04140.jpg,0,cifake
data/deepfake/image/real\cifake_real_04141.jpg,0,cifake
data/deepfake/image/real\cifake_real_04142.jpg,0,cifake
data/deepfake/image/real\cifake_real_04143.jpg,0,cifake
data/deepfake/image/real\cifake_real_04144.jpg,0,cifake
data/deepfake/image/real\cifake_real_04145.jpg,0,cifake
data/deepfake/image/real\cifake_real_04146.jpg,0,cifake
data/deepfake/image/real\cifake_real_04147.jpg,0,cifake
data/deepfake/image/real\cifake_real_04148.jpg,0,cifake
data/deepfake/image/real\cifake_real_04149.jpg,0,cifake
data/deepfake/image/real\cifake_real_04150.jpg,0,cifake
data/deepfake/image/real\cifake_real_04151.jpg,0,cifake
data/deepfake/image/real\cifake_real_04152.jpg,0,cifake
data/deepfake/image/real\cifake_real_04153.jpg,0,cifake
data/deepfake/image/real\cifake_real_04154.jpg,0,cifake
data/deepfake/image/real\cifake_real_04155.jpg,0,cifake
data/deepfake/image/real\cifake_real_04156.jpg,0,cifake
data/deepfake/image/real\cifake_real_04157.jpg,0,cifake
data/deepfake/image/real\cifake_real_04158.jpg,0,cifake
data/deepfake/image/real\cifake_real_04159.jpg,0,cifake
data/deepfake/image/real\cifake_real_04160.jpg,0,cifake
data/deepfake/image/real\cifake_real_04161.jpg,0,cifake
data/deepfake/image/real\cifake_real_04162.jpg,0,cifake
data/deepfake/image/real\cifake_real_04163.jpg,0,cifake
data/deepfake/image/real\cifake_real_04164.jpg,0,cifake
data/deepfake/image/real\cifake_real_04165.jpg,0,cifake
data/deepfake/image/real\cifake_real_04166.jpg,0,cifake
data/deepfake/image/real\cifake_real_04167.jpg,0,cifake
data/deepfake/image/real\cifake_real_04168.jpg,0,cifake
data/deepfake/image/real\cifake_real_04169.jpg,0,cifake
data/deepfake/image/real\cifake_real_04170.jpg,0,cifake
data/deepfake/image/real\cifake_real_04171.jpg,0,cifake
data/deepfake/image/real\cifake_real_04172.jpg,0,cifake
data/deepfake/image/real\cifake_real_04173.jpg,0,cifake
data/deepfake/image/real\cifake_real_04174.jpg,0,cifake
data/deepfake/image/real\cifake_real_04175.jpg,0,cifake
data/deepfake/image/real\cifake_real_04176.jpg,0,cifake
data/deepfake/image/real\cifake_real_04177.jpg,0,cifake
data/deepfake/image/real\cifake_real_04178.jpg,0,cifake
data/deepfake/image/real\cifake_real_04179.jpg,0,cifake
data/deepfake/image/real\cifake_real_04180.jpg,0,cifake
data/deepfake/image/real\cifake_real_04181.jpg,0,cifake
data/deepfake/image/real\cifake_real_04182.jpg,0,cifake
data/deepfake/image/real\cifake_real_04183.jpg,0,cifake
data/deepfake/image/real\cifake_real_04184.jpg,0,cifake
data/deepfake/image/real\cifake_real_04185.jpg,0,cifake
data/deepfake/image/real\cifake_real_04186.jpg,0,cifake
data/deepfake/image/real\cifake_real_04187.jpg,0,cifake
data/deepfake/image/real\cifake_real_04188.jpg,0,cifake
data/deepfake/image/real\cifake_real_04189.jpg,0,cifake
data/deepfake/image/real\cifake_real_04190.jpg,0,cifake
data/deepfake/image/real\cifake_real_04191.jpg,0,cifake
data/deepfake/image/real\cifake_real_04192.jpg,0,cifake
data/deepfake/image/real\cifake_real_04193.jpg,0,cifake
data/deepfake/image/real\cifake_real_04194.jpg,0,cifake
data/deepfake/image/real\cifake_real_04195.jpg,0,cifake
data/deepfake/image/real\cifake_real_04196.jpg,0,cifake
data/deepfake/image/real\cifake_real_04197.jpg,0,cifake
data/deepfake/image/real\cifake_real_04198.jpg,0,cifake
data/deepfake/image/real\cifake_real_04199.jpg,0,cifake
data/deepfake/image/real\cifake_real_04200.jpg,0,cifake
data/deepfake/image/real\cifake_real_04201.jpg,0,cifake
data/deepfake/image/real\cifake_real_04202.jpg,0,cifake
data/deepfake/image/real\cifake_real_04203.jpg,0,cifake
data/deepfake/image/real\cifake_real_04204.jpg,0,cifake
data/deepfake/image/real\cifake_real_04205.jpg,0,cifake
data/deepfake/image/real\cifake_real_04206.jpg,0,cifake
data/deepfake/image/real\cifake_real_04207.jpg,0,cifake
data/deepfake/image/real\cifake_real_04208.jpg,0,cifake
data/deepfake/image/real\cifake_real_04209.jpg,0,cifake
data/deepfake/image/real\cifake_real_04210.jpg,0,cifake
data/deepfake/image/real\cifake_real_04211.jpg,0,cifake
data/deepfake/image/real\cifake_real_04212.jpg,0,cifake
data/deepfake/image/real\cifake_real_04213.jpg,0,cifake
data/deepfake/image/real\cifake_real_04214.jpg,0,cifake
data/deepfake/image/real\cifake_real_04215.jpg,0,cifake
data/deepfake/image/real\cifake_real_04216.jpg,0,cifake
data/deepfake/image/real\cifake_real_04217.jpg,0,cifake
data/deepfake/image/real\cifake_real_04218.jpg,0,cifake
data/deepfake/image/real\cifake_real_04219.jpg,0,cifake
data/deepfake/image/real\cifake_real_04220.jpg,0,cifake
data/deepfake/image/real\cifake_real_04221.jpg,0,cifake
data/deepfake/image/real\cifake_real_04222.jpg,0,cifake
data/deepfake/image/real\cifake_real_04223.jpg,0,cifake
data/deepfake/image/real\cifake_real_04224.jpg,0,cifake
data/deepfake/image/real\cifake_real_04225.jpg,0,cifake
data/deepfake/image/real\cifake_real_04226.jpg,0,cifake
data/deepfake/image/real\cifake_real_04227.jpg,0,cifake
data/deepfake/image/real\cifake_real_04228.jpg,0,cifake
data/deepfake/image/real\cifake_real_04229.jpg,0,cifake
data/deepfake/image/real\cifake_real_04230.jpg,0,cifake
data/deepfake/image/real\cifake_real_04231.jpg,0,cifake
data/deepfake/image/real\cifake_real_04232.jpg,0,cifake
data/deepfake/image/real\cifake_real_04233.jpg,0,cifake
data/deepfake/image/real\cifake_real_04234.jpg,0,cifake
data/deepfake/image/real\cifake_real_04235.jpg,0,cifake
data/deepfake/image/real\cifake_real_04236.jpg,0,cifake
data/deepfake/image/real\cifake_real_04237.jpg,0,cifake
data/deepfake/image/real\cifake_real_04238.jpg,0,cifake
data/deepfake/image/real\cifake_real_04239.jpg,0,cifake
data/deepfake/image/real\cifake_real_04240.jpg,0,cifake
data/deepfake/image/real\cifake_real_04241.jpg,0,cifake
data/deepfake/image/real\cifake_real_04242.jpg,0,cifake
data/deepfake/image/real\cifake_real_04243.jpg,0,cifake
data/deepfake/image/real\cifake_real_04244.jpg,0,cifake
data/deepfake/image/real\cifake_real_04245.jpg,0,cifake
data/deepfake/image/real\cifake_real_04246.jpg,0,cifake
data/deepfake/image/real\cifake_real_04247.jpg,0,cifake
data/deepfake/image/real\cifake_real_04248.jpg,0,cifake
data/deepfake/image/real\cifake_real_04249.jpg,0,cifake
data/deepfake/image/real\cifake_real_04250.jpg,0,cifake
data/deepfake/image/real\cifake_real_04251.jpg,0,cifake
data/deepfake/image/real\cifake_real_04252.jpg,0,cifake
data/deepfake/image/real\cifake_real_04253.jpg,0,cifake
data/deepfake/image/real\cifake_real_04254.jpg,0,cifake
data/deepfake/image/real\cifake_real_04255.jpg,0,cifake
data/deepfake/image/real\cifake_real_04256.jpg,0,cifake
data/deepfake/image/real\cifake_real_04257.jpg,0,cifake
data/deepfake/image/real\cifake_real_04258.jpg,0,cifake
data/deepfake/image/real\cifake_real_04259.jpg,0,cifake
data/deepfake/image/real\cifake_real_04260.jpg,0,cifake
data/deepfake/image/real\cifake_real_04261.jpg,0,cifake
data/deepfake/image/real\cifake_real_04262.jpg,0,cifake
data/deepfake/image/real\cifake_real_04263.jpg,0,cifake
data/deepfake/image/real\cifake_real_04264.jpg,0,cifake
data/deepfake/image/real\cifake_real_04265.jpg,0,cifake
data/deepfake/image/real\cifake_real_04266.jpg,0,cifake
data/deepfake/image/real\cifake_real_04267.jpg,0,cifake
data/deepfake/image/real\cifake_real_04268.jpg,0,cifake
data/deepfake/image/real\cifake_real_04269.jpg,0,cifake
data/deepfake/image/real\cifake_real_04270.jpg,0,cifake
data/deepfake/image/real\cifake_real_04271.jpg,0,cifake
data/deepfake/image/real\cifake_real_04272.jpg,0,cifake
data/deepfake/image/real\cifake_real_04273.jpg,0,cifake
data/deepfake/image/real\cifake_real_04274.jpg,0,cifake
data/deepfake/image/real\cifake_real_04275.jpg,0,cifake
data/deepfake/image/real\cifake_real_04276.jpg,0,cifake
data/deepfake/image/real\cifake_real_04277.jpg,0,cifake
data/deepfake/image/real\cifake_real_04278.jpg,0,cifake
data/deepfake/image/real\cifake_real_04279.jpg,0,cifake
data/deepfake/image/real\cifake_real_04280.jpg,0,cifake
data/deepfake/image/real\cifake_real_04281.jpg,0,cifake
data/deepfake/image/real\cifake_real_04282.jpg,0,cifake
data/deepfake/image/real\cifake_real_04283.jpg,0,cifake
data/deepfake/image/real\cifake_real_04284.jpg,0,cifake
data/deepfake/image/real\cifake_real_04285.jpg,0,cifake
data/deepfake/image/real\cifake_real_04286.jpg,0,cifake
data/deepfake/image/real\cifake_real_04287.jpg,0,cifake
data/deepfake/image/real\cifake_real_04288.jpg,0,cifake
data/deepfake/image/real\cifake_real_04289.jpg,0,cifake
data/deepfake/image/real\cifake_real_04290.jpg,0,cifake
data/deepfake/image/real\cifake_real_04291.jpg,0,cifake
data/deepfake/image/real\cifake_real_04292.jpg,0,cifake
data/deepfake/image/real\cifake_real_04293.jpg,0,cifake
data/deepfake/image/real\cifake_real_04294.jpg,0,cifake
data/deepfake/image/real\cifake_real_04295.jpg,0,cifake
data/deepfake/image/real\cifake_real_04296.jpg,0,cifake
data/deepfake/image/real\cifake_real_04297.jpg,0,cifake
data/deepfake/image/real\cifake_real_04298.jpg,0,cifake
data/deepfake/image/real\cifake_real_04299.jpg,0,cifake
data/deepfake/image/real\cifake_real_04300.jpg,0,cifake
data/deepfake/image/real\cifake_real_04301.jpg,0,cifake
data/deepfake/image/real\cifake_real_04302.jpg,0,cifake
data/deepfake/image/real\cifake_real_04303.jpg,0,cifake
data/deepfake/image/real\cifake_real_04304.jpg,0,cifake
data/deepfake/image/real\cifake_real_04305.jpg,0,cifake
data/deepfake/image/real\cifake_real_04306.jpg,0,cifake
data/deepfake/image/real\cifake_real_04307.jpg,0,cifake
data/deepfake/image/real\cifake_real_04308.jpg,0,cifake
data/deepfake/image/real\cifake_real_04309.jpg,0,cifake
data/deepfake/image/real\cifake_real_04310.jpg,0,cifake
data/deepfake/image/real\cifake_real_04311.jpg,0,cifake
data/deepfake/image/real\cifake_real_04312.jpg,0,cifake
data/deepfake/image/real\cifake_real_04313.jpg,0,cifake
data/deepfake/image/real\cifake_real_04314.jpg,0,cifake
data/deepfake/image/real\cifake_real_04315.jpg,0,cifake
data/deepfake/image/real\cifake_real_04316.jpg,0,cifake
data/deepfake/image/real\cifake_real_04317.jpg,0,cifake
data/deepfake/image/real\cifake_real_04318.jpg,0,cifake
data/deepfake/image/real\cifake_real_04319.jpg,0,cifake
data/deepfake/image/real\cifake_real_04320.jpg,0,cifake
data/deepfake/image/real\cifake_real_04321.jpg,0,cifake
data/deepfake/image/real\cifake_real_04322.jpg,0,cifake
data/deepfake/image/real\cifake_real_04323.jpg,0,cifake
data/deepfake/image/real\cifake_real_04324.jpg,0,cifake
data/deepfake/image/real\cifake_real_04325.jpg,0,cifake
data/deepfake/image/real\cifake_real_04326.jpg,0,cifake
data/deepfake/image/real\cifake_real_04327.jpg,0,cifake
data/deepfake/image/real\cifake_real_04328.jpg,0,cifake
data/deepfake/image/real\cifake_real_04329.jpg,0,cifake
data/deepfake/image/real\cifake_real_04330.jpg,0,cifake
data/deepfake/image/real\cifake_real_04331.jpg,0,cifake
data/deepfake/image/real\cifake_real_04332.jpg,0,cifake
data/deepfake/image/real\cifake_real_04333.jpg,0,cifake
data/deepfake/image/real\cifake_real_04334.jpg,0,cifake
data/deepfake/image/real\cifake_real_04335.jpg,0,cifake
data/deepfake/image/real\cifake_real_04336.jpg,0,cifake
data/deepfake/image/real\cifake_real_04337.jpg,0,cifake
data/deepfake/image/real\cifake_real_04338.jpg,0,cifake
data/deepfake/image/real\cifake_real_04339.jpg,0,cifake
data/deepfake/image/real\cifake_real_04340.jpg,0,cifake
data/deepfake/image/real\cifake_real_04341.jpg,0,cifake
data/deepfake/image/real\cifake_real_04342.jpg,0,cifake
data/deepfake/image/real\cifake_real_04343.jpg,0,cifake
data/deepfake/image/real\cifake_real_04344.jpg,0,cifake
data/deepfake/image/real\cifake_real_04345.jpg,0,cifake
data/deepfake/image/real\cifake_real_04346.jpg,0,cifake
data/deepfake/image/real\cifake_real_04347.jpg,0,cifake
data/deepfake/image/real\cifake_real_04348.jpg,0,cifake
data/deepfake/image/real\cifake_real_04349.jpg,0,cifake
data/deepfake/image/real\cifake_real_04350.jpg,0,cifake
data/deepfake/image/real\cifake_real_04351.jpg,0,cifake
data/deepfake/image/real\cifake_real_04352.jpg,0,cifake
data/deepfake/image/real\cifake_real_04353.jpg,0,cifake
data/deepfake/image/real\cifake_real_04354.jpg,0,cifake
data/deepfake/image/real\cifake_real_04355.jpg,0,cifake
data/deepfake/image/real\cifake_real_04356.jpg,0,cifake
data/deepfake/image/real\cifake_real_04357.jpg,0,cifake
data/deepfake/image/real\cifake_real_04358.jpg,0,cifake
data/deepfake/image/real\cifake_real_04359.jpg,0,cifake
data/deepfake/image/real\cifake_real_04360.jpg,0,cifake
data/deepfake/image/real\cifake_real_04361.jpg,0,cifake
data/deepfake/image/real\cifake_real_04362.jpg,0,cifake
data/deepfake/image/real\cifake_real_04363.jpg,0,cifake
data/deepfake/image/real\cifake_real_04364.jpg,0,cifake
data/deepfake/image/real\cifake_real_04365.jpg,0,cifake
data/deepfake/image/real\cifake_real_04366.jpg,0,cifake
data/deepfake/image/real\cifake_real_04367.jpg,0,cifake
data/deepfake/image/real\cifake_real_04368.jpg,0,cifake
data/deepfake/image/real\cifake_real_04369.jpg,0,cifake
data/deepfake/image/real\cifake_real_04370.jpg,0,cifake
data/deepfake/image/real\cifake_real_04371.jpg,0,cifake
data/deepfake/image/real\cifake_real_04372.jpg,0,cifake
data/deepfake/image/real\cifake_real_04373.jpg,0,cifake
data/deepfake/image/real\cifake_real_04374.jpg,0,cifake
data/deepfake/image/real\cifake_real_04375.jpg,0,cifake
data/deepfake/image/real\cifake_real_04376.jpg,0,cifake
data/deepfake/image/real\cifake_real_04377.jpg,0,cifake
data/deepfake/image/real\cifake_real_04378.jpg,0,cifake
data/deepfake/image/real\cifake_real_04379.jpg,0,cifake
data/deepfake/image/real\cifake_real_04380.jpg,0,cifake
data/deepfake/image/real\cifake_real_04381.jpg,0,cifake
data/deepfake/image/real\cifake_real_04382.jpg,0,cifake
data/deepfake/image/real\cifake_real_04383.jpg,0,cifake
data/deepfake/image/real\cifake_real_04384.jpg,0,cifake
data/deepfake/image/real\cifake_real_04385.jpg,0,cifake
data/deepfake/image/real\cifake_real_04386.jpg,0,cifake
data/deepfake/image/real\cifake_real_04387.jpg,0,cifake
data/deepfake/image/real\cifake_real_04388.jpg,0,cifake
data/deepfake/image/real\cifake_real_04389.jpg,0,cifake
data/deepfake/image/real\cifake_real_04390.jpg,0,cifake
data/deepfake/image/real\cifake_real_04391.jpg,0,cifake
data/deepfake/image/real\cifake_real_04392.jpg,0,cifake
data/deepfake/image/real\cifake_real_04393.jpg,0,cifake
data/deepfake/image/real\cifake_real_04394.jpg,0,cifake
data/deepfake/image/real\cifake_real_04395.jpg,0,cifake
data/deepfake/image/real\cifake_real_04396.jpg,0,cifake
data/deepfake/image/real\cifake_real_04397.jpg,0,cifake
data/deepfake/image/real\cifake_real_04398.jpg,0,cifake
data/deepfake/image/real\cifake_real_04399.jpg,0,cifake
data/deepfake/image/real\cifake_real_04400.jpg,0,cifake
data/deepfake/image/real\cifake_real_04401.jpg,0,cifake
data/deepfake/image/real\cifake_real_04402.jpg,0,cifake
data/deepfake/image/real\cifake_real_04403.jpg,0,cifake
data/deepfake/image/real\cifake_real_04404.jpg,0,cifake
data/deepfake/image/real\cifake_real_04405.jpg,0,cifake
data/deepfake/image/real\cifake_real_04406.jpg,0,cifake
data/deepfake/image/real\cifake_real_04407.jpg,0,cifake
data/deepfake/image/real\cifake_real_04408.jpg,0,cifake
data/deepfake/image/real\cifake_real_04409.jpg,0,cifake
data/deepfake/image/real\cifake_real_04410.jpg,0,cifake
data/deepfake/image/real\cifake_real_04411.jpg,0,cifake
data/deepfake/image/real\cifake_real_04412.jpg,0,cifake
data/deepfake/image/real\cifake_real_04413.jpg,0,cifake
data/deepfake/image/real\cifake_real_04414.jpg,0,cifake
data/deepfake/image/real\cifake_real_04415.jpg,0,cifake
data/deepfake/image/real\cifake_real_04416.jpg,0,cifake
data/deepfake/image/real\cifake_real_04417.jpg,0,cifake
data/deepfake/image/real\cifake_real_04418.jpg,0,cifake
data/deepfake/image/real\cifake_real_04419.jpg,0,cifake
data/deepfake/image/real\cifake_real_04420.jpg,0,cifake
data/deepfake/image/real\cifake_real_04421.jpg,0,cifake
data/deepfake/image/real\cifake_real_04422.jpg,0,cifake
data/deepfake/image/real\cifake_real_04423.jpg,0,cifake
data/deepfake/image/real\cifake_real_04424.jpg,0,cifake
data/deepfake/image/real\cifake_real_04425.jpg,0,cifake
data/deepfake/image/real\cifake_real_04426.jpg,0,cifake
data/deepfake/image/real\cifake_real_04427.jpg,0,cifake
data/deepfake/image/real\cifake_real_04428.jpg,0,cifake
data/deepfake/image/real\cifake_real_04429.jpg,0,cifake
data/deepfake/image/real\cifake_real_04430.jpg,0,cifake
data/deepfake/image/real\cifake_real_04431.jpg,0,cifake
data/deepfake/image/real\cifake_real_04432.jpg,0,cifake
data/deepfake/image/real\cifake_real_04433.jpg,0,cifake
data/deepfake/image/real\cifake_real_04434.jpg,0,cifake
data/deepfake/image/real\cifake_real_04435.jpg,0,cifake
data/deepfake/image/real\cifake_real_04436.jpg,0,cifake
data/deepfake/image/real\cifake_real_04437.jpg,0,cifake
data/deepfake/image/real\cifake_real_04438.jpg,0,cifake
data/deepfake/image/real\cifake_real_04439.jpg,0,cifake
data/deepfake/image/real\cifake_real_04440.jpg,0,cifake
data/deepfake/image/real\cifake_real_04441.jpg,0,cifake
data/deepfake/image/real\cifake_real_04442.jpg,0,cifake
data/deepfake/image/real\cifake_real_04443.jpg,0,cifake
data/deepfake/image/real\cifake_real_04444.jpg,0,cifake
data/deepfake/image/real\cifake_real_04445.jpg,0,cifake
data/deepfake/image/real\cifake_real_04446.jpg,0,cifake
data/deepfake/image/real\cifake_real_04447.jpg,0,cifake
data/deepfake/image/real\cifake_real_04448.jpg,0,cifake
data/deepfake/image/real\cifake_real_04449.jpg,0,cifake
data/deepfake/image/real\cifake_real_04450.jpg,0,cifake
data/deepfake/image/real\cifake_real_04451.jpg,0,cifake
data/deepfake/image/real\cifake_real_04452.jpg,0,cifake
data/deepfake/image/real\cifake_real_04453.jpg,0,cifake
data/deepfake/image/real\cifake_real_04454.jpg,0,cifake
data/deepfake/image/real\cifake_real_04455.jpg,0,cifake
data/deepfake/image/real\cifake_real_04456.jpg,0,cifake
data/deepfake/image/real\cifake_real_04457.jpg,0,cifake
data/deepfake/image/real\cifake_real_04458.jpg,0,cifake
data/deepfake/image/real\cifake_real_04459.jpg,0,cifake
data/deepfake/image/real\cifake_real_04460.jpg,0,cifake
data/deepfake/image/real\cifake_real_04461.jpg,0,cifake
data/deepfake/image/real\cifake_real_04462.jpg,0,cifake
data/deepfake/image/real\cifake_real_04463.jpg,0,cifake
data/deepfake/image/real\cifake_real_04464.jpg,0,cifake
data/deepfake/image/real\cifake_real_04465.jpg,0,cifake
data/deepfake/image/real\cifake_real_04466.jpg,0,cifake
data/deepfake/image/real\cifake_real_04467.jpg,0,cifake
data/deepfake/image/real\cifake_real_04468.jpg,0,cifake
data/deepfake/image/real\cifake_real_04469.jpg,0,cifake
data/deepfake/image/real\cifake_real_04470.jpg,0,cifake
data/deepfake/image/real\cifake_real_04471.jpg,0,cifake
data/deepfake/image/real\cifake_real_04472.jpg,0,cifake
data/deepfake/image/real\cifake_real_04473.jpg,0,cifake
data/deepfake/image/real\cifake_real_04474.jpg,0,cifake
data/deepfake/image/real\cifake_real_04475.jpg,0,cifake
data/deepfake/image/real\cifake_real_04476.jpg,0,cifake
data/deepfake/image/real\cifake_real_04477.jpg,0,cifake
data/deepfake/image/real\cifake_real_04478.jpg,0,cifake
data/deepfake/image/real\cifake_real_04479.jpg,0,cifake
data/deepfake/image/real\cifake_real_04480.jpg,0,cifake
data/deepfake/image/real\cifake_real_04481.jpg,0,cifake
data/deepfake/image/real\cifake_real_04482.jpg,0,cifake
data/deepfake/image/real\cifake_real_04483.jpg,0,cifake
data/deepfake/image/real\cifake_real_04484.jpg,0,cifake
data/deepfake/image/real\cifake_real_04485.jpg,0,cifake
data/deepfake/image/real\cifake_real_04486.jpg,0,cifake
data/deepfake/image/real\cifake_real_04487.jpg,0,cifake
data/deepfake/image/real\cifake_real_04488.jpg,0,cifake
data/deepfake/image/real\cifake_real_04489.jpg,0,cifake
data/deepfake/image/real\cifake_real_04490.jpg,0,cifake
data/deepfake/image/real\cifake_real_04491.jpg,0,cifake
data/deepfake/image/real\cifake_real_04492.jpg,0,cifake
data/deepfake/image/real\cifake_real_04493.jpg,0,cifake
data/deepfake/image/real\cifake_real_04494.jpg,0,cifake
data/deepfake/image/real\cifake_real_04495.jpg,0,cifake
data/deepfake/image/real\cifake_real_04496.jpg,0,cifake
data/deepfake/image/real\cifake_real_04497.jpg,0,cifake
data/deepfake/image/real\cifake_real_04498.jpg,0,cifake
data/deepfake/image/real\cifake_real_04499.jpg,0,cifake
data/deepfake/image/real\cifake_real_04500.jpg,0,cifake
data/deepfake/image/real\cifake_real_04501.jpg,0,cifake
data/deepfake/image/real\cifake_real_04502.jpg,0,cifake
data/deepfake/image/real\cifake_real_04503.jpg,0,cifake
data/deepfake/image/real\cifake_real_04504.jpg,0,cifake
data/deepfake/image/real\cifake_real_04505.jpg,0,cifake
data/deepfake/image/real\cifake_real_04506.jpg,0,cifake
data/deepfake/image/real\cifake_real_04507.jpg,0,cifake
data/deepfake/image/real\cifake_real_04508.jpg,0,cifake
data/deepfake/image/real\cifake_real_04509.jpg,0,cifake
data/deepfake/image/real\cifake_real_04510.jpg,0,cifake
data/deepfake/image/real\cifake_real_04511.jpg,0,cifake
data/deepfake/image/real\cifake_real_04512.jpg,0,cifake
data/deepfake/image/real\cifake_real_04513.jpg,0,cifake
data/deepfake/image/real\cifake_real_04514.jpg,0,cifake
data/deepfake/image/real\cifake_real_04515.jpg,0,cifake
data/deepfake/image/real\cifake_real_04516.jpg,0,cifake
data/deepfake/image/real\cifake_real_04517.jpg,0,cifake
data/deepfake/image/real\cifake_real_04518.jpg,0,cifake
data/deepfake/image/real\cifake_real_04519.jpg,0,cifake
data/deepfake/image/real\cifake_real_04520.jpg,0,cifake
data/deepfake/image/real\cifake_real_04521.jpg,0,cifake
data/deepfake/image/real\cifake_real_04522.jpg,0,cifake
data/deepfake/image/real\cifake_real_04523.jpg,0,cifake
data/deepfake/image/real\cifake_real_04524.jpg,0,cifake
data/deepfake/image/real\cifake_real_04525.jpg,0,cifake
data/deepfake/image/real\cifake_real_04526.jpg,0,cifake
data/deepfake/image/real\cifake_real_04527.jpg,0,cifake
data/deepfake/image/real\cifake_real_04528.jpg,0,cifake
data/deepfake/image/real\cifake_real_04529.jpg,0,cifake
data/deepfake/image/real\cifake_real_04530.jpg,0,cifake
data/deepfake/image/real\cifake_real_04531.jpg,0,cifake
data/deepfake/image/real\cifake_real_04532.jpg,0,cifake
data/deepfake/image/real\cifake_real_04533.jpg,0,cifake
data/deepfake/image/real\cifake_real_04534.jpg,0,cifake
data/deepfake/image/real\cifake_real_04535.jpg,0,cifake
data/deepfake/image/real\cifake_real_04536.jpg,0,cifake
data/deepfake/image/real\cifake_real_04537.jpg,0,cifake
data/deepfake/image/real\cifake_real_04538.jpg,0,cifake
data/deepfake/image/real\cifake_real_04539.jpg,0,cifake
data/deepfake/image/real\cifake_real_04540.jpg,0,cifake
data/deepfake/image/real\cifake_real_04541.jpg,0,cifake
data/deepfake/image/real\cifake_real_04542.jpg,0,cifake
data/deepfake/image/real\cifake_real_04543.jpg,0,cifake
data/deepfake/image/real\cifake_real_04544.jpg,0,cifake
data/deepfake/image/real\cifake_real_04545.jpg,0,cifake
data/deepfake/image/real\cifake_real_04546.jpg,0,cifake
data/deepfake/image/real\cifake_real_04547.jpg,0,cifake
data/deepfake/image/real\cifake_real_04548.jpg,0,cifake
data/deepfake/image/real\cifake_real_04549.jpg,0,cifake
data/deepfake/image/real\cifake_real_04550.jpg,0,cifake
data/deepfake/image/real\cifake_real_04551.jpg,0,cifake
data/deepfake/image/real\cifake_real_04552.jpg,0,cifake
data/deepfake/image/real\cifake_real_04553.jpg,0,cifake
data/deepfake/image/real\cifake_real_04554.jpg,0,cifake
data/deepfake/image/real\cifake_real_04555.jpg,0,cifake
data/deepfake/image/real\cifake_real_04556.jpg,0,cifake
data/deepfake/image/real\cifake_real_04557.jpg,0,cifake
data/deepfake/image/real\cifake_real_04558.jpg,0,cifake
data/deepfake/image/real\cifake_real_04559.jpg,0,cifake
data/deepfake/image/real\cifake_real_04560.jpg,0,cifake
data/deepfake/image/real\cifake_real_04561.jpg,0,cifake
data/deepfake/image/real\cifake_real_04562.jpg,0,cifake
data/deepfake/image/real\cifake_real_04563.jpg,0,cifake
data/deepfake/image/real\cifake_real_04564.jpg,0,cifake
data/deepfake/image/real\cifake_real_04565.jpg,0,cifake
data/deepfake/image/real\cifake_real_04566.jpg,0,cifake
data/deepfake/image/real\cifake_real_04567.jpg,0,cifake
data/deepfake/image/real\cifake_real_04568.jpg,0,cifake
data/deepfake/image/real\cifake_real_04569.jpg,0,cifake
data/deepfake/image/real\cifake_real_04570.jpg,0,cifake
data/deepfake/image/real\cifake_real_04571.jpg,0,cifake
data/deepfake/image/real\cifake_real_04572.jpg,0,cifake
data/deepfake/image/real\cifake_real_04573.jpg,0,cifake
data/deepfake/image/real\cifake_real_04574.jpg,0,cifake
data/deepfake/image/real\cifake_real_04575.jpg,0,cifake
data/deepfake/image/real\cifake_real_04576.jpg,0,cifake
data/deepfake/image/real\cifake_real_04577.jpg,0,cifake
data/deepfake/image/real\cifake_real_04578.jpg,0,cifake
data/deepfake/image/real\cifake_real_04579.jpg,0,cifake
data/deepfake/image/real\cifake_real_04580.jpg,0,cifake
data/deepfake/image/real\cifake_real_04581.jpg,0,cifake
data/deepfake/image/real\cifake_real_04582.jpg,0,cifake
data/deepfake/image/real\cifake_real_04583.jpg,0,cifake
data/deepfake/image/real\cifake_real_04584.jpg,0,cifake
data/deepfake/image/real\cifake_real_04585.jpg,0,cifake
data/deepfake/image/real\cifake_real_04586.jpg,0,cifake
data/deepfake/image/real\cifake_real_04587.jpg,0,cifake
data/deepfake/image/real\cifake_real_04588.jpg,0,cifake
data/deepfake/image/real\cifake_real_04589.jpg,0,cifake
data/deepfake/image/real\cifake_real_04590.jpg,0,cifake
data/deepfake/image/real\cifake_real_04591.jpg,0,cifake
data/deepfake/image/real\cifake_real_04592.jpg,0,cifake
data/deepfake/image/real\cifake_real_04593.jpg,0,cifake
data/deepfake/image/real\cifake_real_04594.jpg,0,cifake
data/deepfake/image/real\cifake_real_04595.jpg,0,cifake
data/deepfake/image/real\cifake_real_04596.jpg,0,cifake
data/deepfake/image/real\cifake_real_04597.jpg,0,cifake
data/deepfake/image/real\cifake_real_04598.jpg,0,cifake
data/deepfake/image/real\cifake_real_04599.jpg,0,cifake
data/deepfake/image/real\cifake_real_04600.jpg,0,cifake
data/deepfake/image/real\cifake_real_04601.jpg,0,cifake
data/deepfake/image/real\cifake_real_04602.jpg,0,cifake
data/deepfake/image/real\cifake_real_04603.jpg,0,cifake
data/deepfake/image/real\cifake_real_04604.jpg,0,cifake
data/deepfake/image/real\cifake_real_04605.jpg,0,cifake
data/deepfake/image/real\cifake_real_04606.jpg,0,cifake
data/deepfake/image/real\cifake_real_04607.jpg,0,cifake
data/deepfake/image/real\cifake_real_04608.jpg,0,cifake
data/deepfake/image/real\cifake_real_04609.jpg,0,cifake
data/deepfake/image/real\cifake_real_04610.jpg,0,cifake
data/deepfake/image/real\cifake_real_04611.jpg,0,cifake
data/deepfake/image/real\cifake_real_04612.jpg,0,cifake
data/deepfake/image/real\cifake_real_04613.jpg,0,cifake
data/deepfake/image/real\cifake_real_04614.jpg,0,cifake
data/deepfake/image/real\cifake_real_04615.jpg,0,cifake
data/deepfake/image/real\cifake_real_04616.jpg,0,cifake
data/deepfake/image/real\cifake_real_04617.jpg,0,cifake
data/deepfake/image/real\cifake_real_04618.jpg,0,cifake
data/deepfake/image/real\cifake_real_04619.jpg,0,cifake
data/deepfake/image/real\cifake_real_04620.jpg,0,cifake
data/deepfake/image/real\cifake_real_04621.jpg,0,cifake
data/deepfake/image/real\cifake_real_04622.jpg,0,cifake
data/deepfake/image/real\cifake_real_04623.jpg,0,cifake
data/deepfake/image/real\cifake_real_04624.jpg,0,cifake
data/deepfake/image/real\cifake_real_04625.jpg,0,cifake
data/deepfake/image/real\cifake_real_04626.jpg,0,cifake
data/deepfake/image/real\cifake_real_04627.jpg,0,cifake
data/deepfake/image/real\cifake_real_04628.jpg,0,cifake
data/deepfake/image/real\cifake_real_04629.jpg,0,cifake
data/deepfake/image/real\cifake_real_04630.jpg,0,cifake
data/deepfake/image/real\cifake_real_04631.jpg,0,cifake
data/deepfake/image/real\cifake_real_04632.jpg,0,cifake
data/deepfake/image/real\cifake_real_04633.jpg,0,cifake
data/deepfake/image/real\cifake_real_04634.jpg,0,cifake
data/deepfake/image/real\cifake_real_04635.jpg,0,cifake
data/deepfake/image/real\cifake_real_04636.jpg,0,cifake
data/deepfake/image/real\cifake_real_04637.jpg,0,cifake
data/deepfake/image/real\cifake_real_04638.jpg,0,cifake
data/deepfake/image/real\cifake_real_04639.jpg,0,cifake
data/deepfake/image/real\cifake_real_04640.jpg,0,cifake
data/deepfake/image/real\cifake_real_04641.jpg,0,cifake
data/deepfake/image/real\cifake_real_04642.jpg,0,cifake
data/deepfake/image/real\cifake_real_04643.jpg,0,cifake
data/deepfake/image/real\cifake_real_04644.jpg,0,cifake
data/deepfake/image/real\cifake_real_04645.jpg,0,cifake
data/deepfake/image/real\cifake_real_04646.jpg,0,cifake
data/deepfake/image/real\cifake_real_04647.jpg,0,cifake
data/deepfake/image/real\cifake_real_04648.jpg,0,cifake
data/deepfake/image/real\cifake_real_04649.jpg,0,cifake
data/deepfake/image/real\cifake_real_04650.jpg,0,cifake
data/deepfake/image/real\cifake_real_04651.jpg,0,cifake
data/deepfake/image/real\cifake_real_04652.jpg,0,cifake
data/deepfake/image/real\cifake_real_04653.jpg,0,cifake
data/deepfake/image/real\cifake_real_04654.jpg,0,cifake
data/deepfake/image/real\cifake_real_04655.jpg,0,cifake
data/deepfake/image/real\cifake_real_04656.jpg,0,cifake
data/deepfake/image/real\cifake_real_04657.jpg,0,cifake
data/deepfake/image/real\cifake_real_04658.jpg,0,cifake
data/deepfake/image/real\cifake_real_04659.jpg,0,cifake
data/deepfake/image/real\cifake_real_04660.jpg,0,cifake
data/deepfake/image/real\cifake_real_04661.jpg,0,cifake
data/deepfake/image/real\cifake_real_04662.jpg,0,cifake
data/deepfake/image/real\cifake_real_04663.jpg,0,cifake
data/deepfake/image/real\cifake_real_04664.jpg,0,cifake
data/deepfake/image/real\cifake_real_04665.jpg,0,cifake
data/deepfake/image/real\cifake_real_04666.jpg,0,cifake
data/deepfake/image/real\cifake_real_04667.jpg,0,cifake
data/deepfake/image/real\cifake_real_04668.jpg,0,cifake
data/deepfake/image/real\cifake_real_04669.jpg,0,cifake
data/deepfake/image/real\cifake_real_04670.jpg,0,cifake
data/deepfake/image/real\cifake_real_04671.jpg,0,cifake
data/deepfake/image/real\cifake_real_04672.jpg,0,cifake
data/deepfake/image/real\cifake_real_04673.jpg,0,cifake
data/deepfake/image/real\cifake_real_04674.jpg,0,cifake
data/deepfake/image/real\cifake_real_04675.jpg,0,cifake
data/deepfake/image/real\cifake_real_04676.jpg,0,cifake
data/deepfake/image/real\cifake_real_04677.jpg,0,cifake
data/deepfake/image/real\cifake_real_04678.jpg,0,cifake
data/deepfake/image/real\cifake_real_04679.jpg,0,cifake
data/deepfake/image/real\cifake_real_04680.jpg,0,cifake
data/deepfake/image/real\cifake_real_04681.jpg,0,cifake
data/deepfake/image/real\cifake_real_04682.jpg,0,cifake
data/deepfake/image/real\cifake_real_04683.jpg,0,cifake
data/deepfake/image/real\cifake_real_04684.jpg,0,cifake
data/deepfake/image/real\cifake_real_04685.jpg,0,cifake
data/deepfake/image/real\cifake_real_04686.jpg,0,cifake
data/deepfake/image/real\cifake_real_04687.jpg,0,cifake
data/deepfake/image/real\cifake_real_04688.jpg,0,cifake
data/deepfake/image/real\cifake_real_04689.jpg,0,cifake
data/deepfake/image/real\cifake_real_04690.jpg,0,cifake
data/deepfake/image/real\cifake_real_04691.jpg,0,cifake
data/deepfake/image/real\cifake_real_04692.jpg,0,cifake
data/deepfake/image/real\cifake_real_04693.jpg,0,cifake
data/deepfake/image/real\cifake_real_04694.jpg,0,cifake
data/deepfake/image/real\cifake_real_04695.jpg,0,cifake
data/deepfake/image/real\cifake_real_04696.jpg,0,cifake
data/deepfake/image/real\cifake_real_04697.jpg,0,cifake
data/deepfake/image/real\cifake_real_04698.jpg,0,cifake
data/deepfake/image/real\cifake_real_04699.jpg,0,cifake
data/deepfake/image/real\cifake_real_04700.jpg,0,cifake
data/deepfake/image/real\cifake_real_04701.jpg,0,cifake
data/deepfake/image/real\cifake_real_04702.jpg,0,cifake
data/deepfake/image/real\cifake_real_04703.jpg,0,cifake
data/deepfake/image/real\cifake_real_04704.jpg,0,cifake
data/deepfake/image/real\cifake_real_04705.jpg,0,cifake
data/deepfake/image/real\cifake_real_04706.jpg,0,cifake
data/deepfake/image/real\cifake_real_04707.jpg,0,cifake
data/deepfake/image/real\cifake_real_04708.jpg,0,cifake
data/deepfake/image/real\cifake_real_04709.jpg,0,cifake
data/deepfake/image/real\cifake_real_04710.jpg,0,cifake
data/deepfake/image/real\cifake_real_04711.jpg,0,cifake
data/deepfake/image/real\cifake_real_04712.jpg,0,cifake
data/deepfake/image/real\cifake_real_04713.jpg,0,cifake
data/deepfake/image/real\cifake_real_04714.jpg,0,cifake
data/deepfake/image/real\cifake_real_04715.jpg,0,cifake
data/deepfake/image/real\cifake_real_04716.jpg,0,cifake
data/deepfake/image/real\cifake_real_04717.jpg,0,cifake
data/deepfake/image/real\cifake_real_04718.jpg,0,cifake
data/deepfake/image/real\cifake_real_04719.jpg,0,cifake
data/deepfake/image/real\cifake_real_04720.jpg,0,cifake
data/deepfake/image/real\cifake_real_04721.jpg,0,cifake
data/deepfake/image/real\cifake_real_04722.jpg,0,cifake
data/deepfake/image/real\cifake_real_04723.jpg,0,cifake
data/deepfake/image/real\cifake_real_04724.jpg,0,cifake
data/deepfake/image/real\cifake_real_04725.jpg,0,cifake
data/deepfake/image/real\cifake_real_04726.jpg,0,cifake
data/deepfake/image/real\cifake_real_04727.jpg,0,cifake
data/deepfake/image/real\cifake_real_04728.jpg,0,cifake
data/deepfake/image/real\cifake_real_04729.jpg,0,cifake
data/deepfake/image/real\cifake_real_04730.jpg,0,cifake
data/deepfake/image/real\cifake_real_04731.jpg,0,cifake
data/deepfake/image/real\cifake_real_04732.jpg,0,cifake
data/deepfake/image/real\cifake_real_04733.jpg,0,cifake
data/deepfake/image/real\cifake_real_04734.jpg,0,cifake
data/deepfake/image/real\cifake_real_04735.jpg,0,cifake
data/deepfake/image/real\cifake_real_04736.jpg,0,cifake
data/deepfake/image/real\cifake_real_04737.jpg,0,cifake
data/deepfake/image/real\cifake_real_04738.jpg,0,cifake
data/deepfake/image/real\cifake_real_04739.jpg,0,cifake
data/deepfake/image/real\cifake_real_04740.jpg,0,cifake
data/deepfake/image/real\cifake_real_04741.jpg,0,cifake
data/deepfake/image/real\cifake_real_04742.jpg,0,cifake
data/deepfake/image/real\cifake_real_04743.jpg,0,cifake
data/deepfake/image/real\cifake_real_04744.jpg,0,cifake
data/deepfake/image/real\cifake_real_04745.jpg,0,cifake
data/deepfake/image/real\cifake_real_04746.jpg,0,cifake
data/deepfake/image/real\cifake_real_04747.jpg,0,cifake
data/deepfake/image/real\cifake_real_04748.jpg,0,cifake
data/deepfake/image/real\cifake_real_04749.jpg,0,cifake
data/deepfake/image/real\cifake_real_04750.jpg,0,cifake
data/deepfake/image/real\cifake_real_04751.jpg,0,cifake
data/deepfake/image/real\cifake_real_04752.jpg,0,cifake
data/deepfake/image/real\cifake_real_04753.jpg,0,cifake
data/deepfake/image/real\cifake_real_04754.jpg,0,cifake
data/deepfake/image/real\cifake_real_04755.jpg,0,cifake
data/deepfake/image/real\cifake_real_04756.jpg,0,cifake
data/deepfake/image/real\cifake_real_04757.jpg,0,cifake
data/deepfake/image/real\cifake_real_04758.jpg,0,cifake
data/deepfake/image/real\cifake_real_04759.jpg,0,cifake
data/deepfake/image/real\cifake_real_04760.jpg,0,cifake
data/deepfake/image/real\cifake_real_04761.jpg,0,cifake
data/deepfake/image/real\cifake_real_04762.jpg,0,cifake
data/deepfake/image/real\cifake_real_04763.jpg,0,cifake
data/deepfake/image/real\cifake_real_04764.jpg,0,cifake
data/deepfake/image/real\cifake_real_04765.jpg,0,cifake
data/deepfake/image/real\cifake_real_04766.jpg,0,cifake
data/deepfake/image/real\cifake_real_04767.jpg,0,cifake
data/deepfake/image/real\cifake_real_04768.jpg,0,cifake
data/deepfake/image/real\cifake_real_04769.jpg,0,cifake
data/deepfake/image/real\cifake_real_04770.jpg,0,cifake
data/deepfake/image/real\cifake_real_04771.jpg,0,cifake
data/deepfake/image/real\cifake_real_04772.jpg,0,cifake
data/deepfake/image/real\cifake_real_04773.jpg,0,cifake
data/deepfake/image/real\cifake_real_04774.jpg,0,cifake
data/deepfake/image/real\cifake_real_04775.jpg,0,cifake
data/deepfake/image/real\cifake_real_04776.jpg,0,cifake
data/deepfake/image/real\cifake_real_04777.jpg,0,cifake
data/deepfake/image/real\cifake_real_04778.jpg,0,cifake
data/deepfake/image/real\cifake_real_04779.jpg,0,cifake
data/deepfake/image/real\cifake_real_04780.jpg,0,cifake
data/deepfake/image/real\cifake_real_04781.jpg,0,cifake
data/deepfake/image/real\cifake_real_04782.jpg,0,cifake
data/deepfake/image/real\cifake_real_04783.jpg,0,cifake
data/deepfake/image/real\cifake_real_04784.jpg,0,cifake
data/deepfake/image/real\cifake_real_04785.jpg,0,cifake
data/deepfake/image/real\cifake_real_04786.jpg,0,cifake
data/deepfake/image/real\cifake_real_04787.jpg,0,cifake
data/deepfake/image/real\cifake_real_04788.jpg,0,cifake
data/deepfake/image/real\cifake_real_04789.jpg,0,cifake
data/deepfake/image/real\cifake_real_04790.jpg,0,cifake
data/deepfake/image/real\cifake_real_04791.jpg,0,cifake
data/deepfake/image/real\cifake_real_04792.jpg,0,cifake
data/deepfake/image/real\cifake_real_04793.jpg,0,cifake
data/deepfake/image/real\cifake_real_04794.jpg,0,cifake
data/deepfake/image/real\cifake_real_04795.jpg,0,cifake
data/deepfake/image/real\cifake_real_04796.jpg,0,cifake
data/deepfake/image/real\cifake_real_04797.jpg,0,cifake
data/deepfake/image/real\cifake_real_04798.jpg,0,cifake
data/deepfake/image/real\cifake_real_04799.jpg,0,cifake
data/deepfake/image/real\cifake_real_04800.jpg,0,cifake
data/deepfake/image/real\cifake_real_04801.jpg,0,cifake
data/deepfake/image/real\cifake_real_04802.jpg,0,cifake
data/deepfake/image/real\cifake_real_04803.jpg,0,cifake
data/deepfake/image/real\cifake_real_04804.jpg,0,cifake
data/deepfake/image/real\cifake_real_04805.jpg,0,cifake
data/deepfake/image/real\cifake_real_04806.jpg,0,cifake
data/deepfake/image/real\cifake_real_04807.jpg,0,cifake
data/deepfake/image/real\cifake_real_04808.jpg,0,cifake
data/deepfake/image/real\cifake_real_04809.jpg,0,cifake
data/deepfake/image/real\cifake_real_04810.jpg,0,cifake
data/deepfake/image/real\cifake_real_04811.jpg,0,cifake
data/deepfake/image/real\cifake_real_04812.jpg,0,cifake
data/deepfake/image/real\cifake_real_04813.jpg,0,cifake
data/deepfake/image/real\cifake_real_04814.jpg,0,cifake
data/deepfake/image/real\cifake_real_04815.jpg,0,cifake
data/deepfake/image/real\cifake_real_04816.jpg,0,cifake
data/deepfake/image/real\cifake_real_04817.jpg,0,cifake
data/deepfake/image/real\cifake_real_04818.jpg,0,cifake
data/deepfake/image/real\cifake_real_04819.jpg,0,cifake
data/deepfake/image/real\cifake_real_04820.jpg,0,cifake
data/deepfake/image/real\cifake_real_04821.jpg,0,cifake
data/deepfake/image/real\cifake_real_04822.jpg,0,cifake
data/deepfake/image/real\cifake_real_04823.jpg,0,cifake
data/deepfake/image/real\cifake_real_04824.jpg,0,cifake
data/deepfake/image/real\cifake_real_04825.jpg,0,cifake
data/deepfake/image/real\cifake_real_04826.jpg,0,cifake
data/deepfake/image/real\cifake_real_04827.jpg,0,cifake
data/deepfake/image/real\cifake_real_04828.jpg,0,cifake
data/deepfake/image/real\cifake_real_04829.jpg,0,cifake
data/deepfake/image/real\cifake_real_04830.jpg,0,cifake
data/deepfake/image/real\cifake_real_04831.jpg,0,cifake
data/deepfake/image/real\cifake_real_04832.jpg,0,cifake
data/deepfake/image/real\cifake_real_04833.jpg,0,cifake
data/deepfake/image/real\cifake_real_04834.jpg,0,cifake
data/deepfake/image/real\cifake_real_04835.jpg,0,cifake
data/deepfake/image/real\cifake_real_04836.jpg,0,cifake
data/deepfake/image/real\cifake_real_04837.jpg,0,cifake
data/deepfake/image/real\cifake_real_04838.jpg,0,cifake
data/deepfake/image/real\cifake_real_04839.jpg,0,cifake
data/deepfake/image/real\cifake_real_04840.jpg,0,cifake
data/deepfake/image/real\cifake_real_04841.jpg,0,cifake
data/deepfake/image/real\cifake_real_04842.jpg,0,cifake
data/deepfake/image/real\cifake_real_04843.jpg,0,cifake
data/deepfake/image/real\cifake_real_04844.jpg,0,cifake
data/deepfake/image/real\cifake_real_04845.jpg,0,cifake
data/deepfake/image/real\cifake_real_04846.jpg,0,cifake
data/deepfake/image/real\cifake_real_04847.jpg,0,cifake
data/deepfake/image/real\cifake_real_04848.jpg,0,cifake
data/deepfake/image/real\cifake_real_04849.jpg,0,cifake
data/deepfake/image/real\cifake_real_04850.jpg,0,cifake
data/deepfake/image/real\cifake_real_04851.jpg,0,cifake
data/deepfake/image/real\cifake_real_04852.jpg,0,cifake
data/deepfake/image/real\cifake_real_04853.jpg,0,cifake
data/deepfake/image/real\cifake_real_04854.jpg,0,cifake
data/deepfake/image/real\cifake_real_04855.jpg,0,cifake
data/deepfake/image/real\cifake_real_04856.jpg,0,cifake
data/deepfake/image/real\cifake_real_04857.jpg,0,cifake
data/deepfake/image/real\cifake_real_04858.jpg,0,cifake
data/deepfake/image/real\cifake_real_04859.jpg,0,cifake
data/deepfake/image/real\cifake_real_04860.jpg,0,cifake
data/deepfake/image/real\cifake_real_04861.jpg,0,cifake
data/deepfake/image/real\cifake_real_04862.jpg,0,cifake
data/deepfake/image/real\cifake_real_04863.jpg,0,cifake
data/deepfake/image/real\cifake_real_04864.jpg,0,cifake
data/deepfake/image/real\cifake_real_04865.jpg,0,cifake
data/deepfake/image/real\cifake_real_04866.jpg,0,cifake
data/deepfake/image/real\cifake_real_04867.jpg,0,cifake
data/deepfake/image/real\cifake_real_04868.jpg,0,cifake
data/deepfake/image/real\cifake_real_04869.jpg,0,cifake
data/deepfake/image/real\cifake_real_04870.jpg,0,cifake
data/deepfake/image/real\cifake_real_04871.jpg,0,cifake
data/deepfake/image/real\cifake_real_04872.jpg,0,cifake
data/deepfake/image/real\cifake_real_04873.jpg,0,cifake
data/deepfake/image/real\cifake_real_04874.jpg,0,cifake
data/deepfake/image/real\cifake_real_04875.jpg,0,cifake
data/deepfake/image/real\cifake_real_04876.jpg,0,cifake
data/deepfake/image/real\cifake_real_04877.jpg,0,cifake
data/deepfake/image/real\cifake_real_04878.jpg,0,cifake
data/deepfake/image/real\cifake_real_04879.jpg,0,cifake
data/deepfake/image/real\cifake_real_04880.jpg,0,cifake
data/deepfake/image/real\cifake_real_04881.jpg,0,cifake
data/deepfake/image/real\cifake_real_04882.jpg,0,cifake
data/deepfake/image/real\cifake_real_04883.jpg,0,cifake
data/deepfake/image/real\cifake_real_04884.jpg,0,cifake
data/deepfake/image/real\cifake_real_04885.jpg,0,cifake
data/deepfake/image/real\cifake_real_04886.jpg,0,cifake
data/deepfake/image/real\cifake_real_04887.jpg,0,cifake
data/deepfake/image/real\cifake_real_04888.jpg,0,cifake
data/deepfake/image/real\cifake_real_04889.jpg,0,cifake
data/deepfake/image/real\cifake_real_04890.jpg,0,cifake
data/deepfake/image/real\cifake_real_04891.jpg,0,cifake
data/deepfake/image/real\cifake_real_04892.jpg,0,cifake
data/deepfake/image/real\cifake_real_04893.jpg,0,cifake
data/deepfake/image/real\cifake_real_04894.jpg,0,cifake
data/deepfake/image/real\cifake_real_04895.jpg,0,cifake
data/deepfake/image/real\cifake_real_04896.jpg,0,cifake
data/deepfake/image/real\cifake_real_04897.jpg,0,cifake
data/deepfake/image/real\cifake_real_04898.jpg,0,cifake
data/deepfake/image/real\cifake_real_04899.jpg,0,cifake
data/deepfake/image/real\cifake_real_04900.jpg,0,cifake
data/deepfake/image/real\cifake_real_04901.jpg,0,cifake
data/deepfake/image/real\cifake_real_04902.jpg,0,cifake
data/deepfake/image/real\cifake_real_04903.jpg,0,cifake
data/deepfake/image/real\cifake_real_04904.jpg,0,cifake
data/deepfake/image/real\cifake_real_04905.jpg,0,cifake
data/deepfake/image/real\cifake_real_04906.jpg,0,cifake
data/deepfake/image/real\cifake_real_04907.jpg,0,cifake
data/deepfake/image/real\cifake_real_04908.jpg,0,cifake
data/deepfake/image/real\cifake_real_04909.jpg,0,cifake
data/deepfake/image/real\cifake_real_04910.jpg,0,cifake
data/deepfake/image/real\cifake_real_04911.jpg,0,cifake
data/deepfake/image/real\cifake_real_04912.jpg,0,cifake
data/deepfake/image/real\cifake_real_04913.jpg,0,cifake
data/deepfake/image/real\cifake_real_04914.jpg,0,cifake
data/deepfake/image/real\cifake_real_04915.jpg,0,cifake
data/deepfake/image/real\cifake_real_04916.jpg,0,cifake
data/deepfake/image/real\cifake_real_04917.jpg,0,cifake
data/deepfake/image/real\cifake_real_04918.jpg,0,cifake
data/deepfake/image/real\cifake_real_04919.jpg,0,cifake
data/deepfake/image/real\cifake_real_04920.jpg,0,cifake
data/deepfake/image/real\cifake_real_04921.jpg,0,cifake
data/deepfake/image/real\cifake_real_04922.jpg,0,cifake
data/deepfake/image/real\cifake_real_04923.jpg,0,cifake
data/deepfake/image/real\cifake_real_04924.jpg,0,cifake
data/deepfake/image/real\cifake_real_04925.jpg,0,cifake
data/deepfake/image/real\cifake_real_04926.jpg,0,cifake
data/deepfake/image/real\cifake_real_04927.jpg,0,cifake
data/deepfake/image/real\cifake_real_04928.jpg,0,cifake
data/deepfake/image/real\cifake_real_04929.jpg,0,cifake
data/deepfake/image/real\cifake_real_04930.jpg,0,cifake
data/deepfake/image/real\cifake_real_04931.jpg,0,cifake
data/deepfake/image/real\cifake_real_04932.jpg,0,cifake
data/deepfake/image/real\cifake_real_04933.jpg,0,cifake
data/deepfake/image/real\cifake_real_04934.jpg,0,cifake
data/deepfake/image/real\cifake_real_04935.jpg,0,cifake
data/deepfake/image/real\cifake_real_04936.jpg,0,cifake
data/deepfake/image/real\cifake_real_04937.jpg,0,cifake
data/deepfake/image/real\cifake_real_04938.jpg,0,cifake
data/deepfake/image/real\cifake_real_04939.jpg,0,cifake
data/deepfake/image/real\cifake_real_04940.jpg,0,cifake
data/deepfake/image/real\cifake_real_04941.jpg,0,cifake
data/deepfake/image/real\cifake_real_04942.jpg,0,cifake
data/deepfake/image/real\cifake_real_04943.jpg,0,cifake
data/deepfake/image/real\cifake_real_04944.jpg,0,cifake
data/deepfake/image/real\cifake_real_04945.jpg,0,cifake
data/deepfake/image/real\cifake_real_04946.jpg,0,cifake
data/deepfake/image/real\cifake_real_04947.jpg,0,cifake
data/deepfake/image/real\cifake_real_04948.jpg,0,cifake
data/deepfake/image/real\cifake_real_04949.jpg,0,cifake
data/deepfake/image/real\cifake_real_04950.jpg,0,cifake
data/deepfake/image/real\cifake_real_04951.jpg,0,cifake
data/deepfake/image/real\cifake_real_04952.jpg,0,cifake
data/deepfake/image/real\cifake_real_04953.jpg,0,cifake
data/deepfake/image/real\cifake_real_04954.jpg,0,cifake
data/deepfake/image/real\cifake_real_04955.jpg,0,cifake
data/deepfake/image/real\cifake_real_04956.jpg,0,cifake
data/deepfake/image/real\cifake_real_04957.jpg,0,cifake
data/deepfake/image/real\cifake_real_04958.jpg,0,cifake
data/deepfake/image/real\cifake_real_04959.jpg,0,cifake
data/deepfake/image/real\cifake_real_04960.jpg,0,cifake
data/deepfake/image/real\cifake_real_04961.jpg,0,cifake
data/deepfake/image/real\cifake_real_04962.jpg,0,cifake
data/deepfake/image/real\cifake_real_04963.jpg,0,cifake
data/deepfake/image/real\cifake_real_04964.jpg,0,cifake
data/deepfake/image/real\cifake_real_04965.jpg,0,cifake
data/deepfake/image/real\cifake_real_04966.jpg,0,cifake
data/deepfake/image/real\cifake_real_04967.jpg,0,cifake
data/deepfake/image/real\cifake_real_04968.jpg,0,cifake
data/deepfake/image/real\cifake_real_04969.jpg,0,cifake
data/deepfake/image/real\cifake_real_04970.jpg,0,cifake
data/deepfake/image/real\cifake_real_04971.jpg,0,cifake
data/deepfake/image/real\cifake_real_04972.jpg,0,cifake
data/deepfake/image/real\cifake_real_04973.jpg,0,cifake
data/deepfake/image/real\cifake_real_04974.jpg,0,cifake
data/deepfake/image/real\cifake_real_04975.jpg,0,cifake
data/deepfake/image/real\cifake_real_04976.jpg,0,cifake
data/deepfake/image/real\cifake_real_04977.jpg,0,cifake
data/deepfake/image/real\cifake_real_04978.jpg,0,cifake
data/deepfake/image/real\cifake_real_04979.jpg,0,cifake
data/deepfake/image/real\cifake_real_04980.jpg,0,cifake
data/deepfake/image/real\cifake_real_04981.jpg,0,cifake
data/deepfake/image/real\cifake_real_04982.jpg,0,cifake
data/deepfake/image/real\cifake_real_04983.jpg,0,cifake
data/deepfake/image/real\cifake_real_04984.jpg,0,cifake
data/deepfake/image/real\cifake_real_04985.jpg,0,cifake
data/deepfake/image/real\cifake_real_04986.jpg,0,cifake
data/deepfake/image/real\cifake_real_04987.jpg,0,cifake
data/deepfake/image/real\cifake_real_04988.jpg,0,cifake
data/deepfake/image/real\cifake_real_04989.jpg,0,cifake
data/deepfake/image/real\cifake_real_04990.jpg,0,cifake
data/deepfake/image/real\cifake_real_04991.jpg,0,cifake
data/deepfake/image/real\cifake_real_04992.jpg,0,cifake
data/deepfake/image/real\cifake_real_04993.jpg,0,cifake
data/deepfake/image/real\cifake_real_04994.jpg,0,cifake
data/deepfake/image/real\cifake_real_04995.jpg,0,cifake
data/deepfake/image/real\cifake_real_04996.jpg,0,cifake
data/deepfake/image/real\cifake_real_04997.jpg,0,cifake
data/deepfake/image/real\cifake_real_04998.jpg,0,cifake
data/deepfake/image/real\cifake_real_04999.jpg,0,cifake
data/deepfake/image/fake\cifake_fake_00000.jpg,1,cifake
data/deepfake/image/fake\cifake_fake_00001.jpg,1,cifake
data/deepfake/image/fake\cifake_fake_00002.jpg,1,cifake
data/deepfake/image/fake\cifake_fake_00003.jpg,1,cifake
data/deepfake/image/fake\cifake_fake_00004.jpg,1,cifake
data/deepfake/image/fake\cifake_fake_00005.jpg,1,cifake
data/deepfake/image/fake\cifake_fake_00006.jpg,1,cifake
data/deepfake/image/fake\cifake_fake_00007.jpg,1,cifake
data/deepfake/image/fake\cifake_fake_00008.jpg,1,cifake
data/deepfake/image/fake\cifake_fake_00009.jpg,1,cifake
data/deepfake/image/fake\cifake_fake_00010.jpg,1,cifake
data/deepfake/image/fake\cifake_fake_00011.jpg,1,cifake
data/deepfake/image/fake\cifake_fake_00012.jpg,1,cifake
data/deepfake/image/fake\cifake_fake_00013.jpg,1,cifake
data/deepfake/image/fake\cifake_fake_00014.jpg,1,cifake
data/deepfake/image/fake\cifake_fake_00015.jpg,1,cifake
data/deepfake/image/fake\cifake_fake_00016.jpg,1,cifake
data/deepfake/image/fake\cifake_fake_00017.jpg,1,cifake
data/deepfake/image/fake\cifake_fake_00018.jpg,1,cifake
data/deepfake/image/fake\cifake_fake_00019.jpg,1,cifake
data/deepfake/image/fake\cifake_fake_00020.jpg,1,cifake
data/deepfake/image/fake\cifake_fake_00021.jpg,1,cifake
data/deepfake/image/fake\cifake_fake_00022.jpg,1,cifake
data/deepfake/image/fake\cifake_fake_00023.jpg,1,cifake
data/deepfake/image/fake\cifake_fake_00024.jpg,1,cifake
data/deepfake/image/fake\cifake_fake_00025.jpg,1,cifake
data/deepfake/image/fake\cifake_fake_00026.jpg,1,cifake
data/deepfake/image/fake\cifake_fake_00027.jpg,1,cifake
data/deepfake/image/fake\cifake_fake_00028.jpg,1,cifake
data/deepfake/image/fake\cifake_fake_00029.jpg,1,cifake
data/deepfake/image/fake\cifake_fake_00030.jpg,1,cifake
data/deepfake/image/fake\cifake_fake_00031.jpg,1,cifake
data/deepfake/image/fake\cifake_fake_00032.jpg,1,cifake
data/deepfake/image/fake\cifake_fake_00033.jpg,1,cifake
data/deepfake/image/fake\cifake_fake_00034.jpg,1,cifake
data/deepfake/image/fake\cifake_fake_00035.jpg,1,cifake
data/deepfake/image/fake\cifake_fake_00036.jpg,1,cifake
data/deepfake/image/fake\cifake_fake_00037.jpg,1,cifake
data/deepfake/image/fake\cifake_fake_00038.jpg,1,cifake
data/deepfake/image/fake\cifake_fake_00039.jpg,1,cifake
data/deepfake/image/fake\cifake_fake_00040.jpg,1,cifake
data/deepfake/image/fake\cifake_fake_00041.jpg,1,cifake
data/deepfake/image/fake\cifake_fake_00042.jpg,1,cifake
data/deepfake/image/fake\cifake_fake_00043.jpg,1,cifake
data/deepfake/image/fake\cifake_fake_00044.jpg,1,cifake
data/deepfake/image/fake\cifake_fake_00045.jpg,1,cifake
data/deepfake/image/fake\cifake_fake_00046.jpg,1,cifake
data/deepfake/image/fake\cifake_fake_00047.jpg,1,cifake
data/deepfake/image/fake\cifake_fake_00048.jpg,1,cifake
data/deepfake/image/fake\cifake_fake_00049.jpg,1,cifake
data/deepfake/image/fake\cifake_fake_00050.jpg,1,cifake
data/deepfake/image/fake\cifake_fake_00051.jpg,1,cifake
data/deepfake/image/fake\cifake_fake_00052.jpg,1,cifake
data/deepfake/image/fake\cifake_fake_00053.jpg,1,cifake
data/deepfake/image/fake\cifake_fake_00054.jpg,1,cifake
data/deepfake/image/fake\cifake_fake_00055.jpg,1,cifake
data/deepfake/image/fake\cifake_fake_00056.jpg,1,cifake
data/deepfake/image/fake\cifake_fake_00057.jpg,1,cifake
data/deepfake/image/fake\cifake_fake_00058.jpg,1,cifake
data/deepfake/image/fake\cifake_fake_00059.jpg,1,cifake
data/deepfake/image/fake\cifake_fake_00060.jpg,1,cifake
data/deepfake/image/fake\cifake_fake_00061.jpg,1,cifake
data/deepfake/image/fake\cifake_fake_00062.jpg,1,cifake
data/deepfake/image/fake\cifake_fake_00063.jpg,1,cifake
data/deepfake/image/fake\cifake_fake_00064.jpg,1,cifake
data/deepfake/image/fake\cifake_fake_00065.jpg,1,cifake
data/deepfake/image/fake\cifake_fake_00066.jpg,1,cifake
data/deepfake/image/fake\cifake_fake_00067.jpg,1,cifake
data/deepfake/image/fake\cifake_fake_00068.jpg,1,cifake
data/deepfake/image/fake\cifake_fake_00069.jpg,1,cifake
data/deepfake/image/fake\cifake_fake_00070.jpg,1,cifake
data/deepfake/image/fake\cifake_fake_00071.jpg,1,cifake
data/deepfake/image/fake\cifake_fake_00072.jpg,1,cifake
data/deepfake/image/fake\cifake_fake_00073.jpg,1,cifake
data/deepfake/image/fake\cifake_fake_00074.jpg,1,cifake
data/deepfake/image/fake\cifake_fake_00075.jpg,1,cifake
data/deepfake/image/fake\cifake_fake_00076.jpg,1,cifake
data/deepfake/image/fake\cifake_fake_00077.jpg,1,cifake
data/deepfake/image/fake\cifake_fake_00078.jpg,1,cifake
data/deepfake/image/fake\cifake_fake_00079.jpg,1,cifake
data/deepfake/image/fake\cifake_fake_00080.jpg,1,cifake
data/deepfake/image/fake\cifake_fake_00081.jpg,1,cifake
data/deepfake/image/fake\cifake_fake_00082.jpg,1,cifake
data/deepfake/image/fake\cifake_fake_00083.jpg,1,cifake
data/deepfake/image/fake\cifake_fake_00084.jpg,1,cifake
data/deepfake/image/fake\cifake_fake_00085.jpg,1,cifake
data/deepfake/image/fake\cifake_fake_00086.jpg,1,cifake
data/deepfake/image/fake\cifake_fake_00087.jpg,1,cifake
data/deepfake/image/fake\cifake_fake_00088.jpg,1,cifake
data/deepfake/image/fake\cifake_fake_00089.jpg,1,cifake
data/deepfake/image/fake\cifake_fake_00090.jpg,1,cifake
data/deepfake/image/fake\cifake_fake_00091.jpg,1,cifake
data/deepfake/image/fake\cifake_fake_00092.jpg,1,cifake
data/deepfake/image/fake\cifake_fake_00093.jpg,1,cifake
data/deepfake/image/fake\cifake_fake_00094.jpg,1,cifake
data/deepfake/image/fake\cifake_fake_00095.jpg,1,cifake
data/deepfake/image/fake\cifake_fake_00096.jpg,1,cifake
data/deepfake/image/fake\cifake_fake_00097.jpg,1,cifake
data/deepfake/image/fake\cifake_fake_00098.jpg,1,cifake
data/deepfake/image/fake\cifake_fake_00099.jpg,1,cifake
data/deepfake/image/fake\cifake_fake_00100.jpg,1,cifake
data/deepfake/image/fake\cifake_fake_00101.jpg,1,cifake
data/deepfake/image/fake\cifake_fake_00102.jpg,1,cifake
data/deepfake/image/fake\cifake_fake_00103.jpg,1,cifake
data/deepfake/image/fake\cifake_fake_00104.jpg,1,cifake
data/deepfake/image/fake\cifake_fake_00105.jpg,1,cifake
data/deepfake/image/fake\cifake_fake_00106.jpg,1,cifake
data/deepfake/image/fake\cifake_fake_00107.jpg,1,cifake
data/deepfake/image/fake\cifake_fake_00108.jpg,1,cifake
data/deepfake/image/fake\cifake_fake_00109.jpg,1,cifake
data/deepfake/image/fake\cifake_fake_00110.jpg,1,cifake
data/deepfake/image/fake\cifake_fake_00111.jpg,1,cifake
data/deepfake/image/fake\cifake_fake_00112.jpg,1,cifake
data/deepfake/image/fake\cifake_fake_00113.jpg,1,cifake
data/deepfake/image/fake\cifake_fake_00114.jpg,1,cifake
data/deepfake/image/fake\cifake_fake_00115.jpg,1,cifake
data/deepfake/image/fake\cifake_fake_00116.jpg,1,cifake
data/deepfake/image/fake\cifake_fake_00117.jpg,1,cifake
data/deepfake/image/fake\cifake_fake_00118.jpg,1,cifake
data/deepfake/image/fake\cifake_fake_00119.jpg,1,cifake
data/deepfake/image/fake\cifake_fake_00120.jpg,1,cifake
data/deepfake/image/fake\cifake_fake_00121.jpg,1,cifake
data/deepfake/image/fake\cifake_fake_00122.jpg,1,cifake
data/deepfake/image/fake\cifake_fake_00123.jpg,1,cifake
data/deepfake/image/fake\cifake_fake_00124.jpg,1,cifake
data/deepfake/image/fake\cifake_fake_00125.jpg,1,cifake
data/deepfake/image/fake\cifake_fake_00126.jpg,1,cifake
data/deepfake/image/fake\cifake_fake_00127.jpg,1,cifake
data/deepfake/image/fake\cifake_fake_00128.jpg,1,cifake
data/deepfake/image/fake\cifake_fake_00129.jpg,1,cifake
data/deepfake/image/fake\cifake_fake_00130.jpg,1,cifake
data/deepfake/image/fake\cifake_fake_00131.jpg,1,cifake
data/deepfake/image/fake\cifake_fake_00132.jpg,1,cifake
data/deepfake/image/fake\cifake_fake_00133.jpg,1,cifake
data/deepfake/image/fake\cifake_fake_00134.jpg,1,cifake
data/deepfake/image/fake\cifake_fake_00135.jpg,1,cifake
data/deepfake/image/fake\cifake_fake_00136.jpg,1,cifake
data/deepfake/image/fake\cifake_fake_00137.jpg,1,cifake
data/deepfake/image/fake\cifake_fake_00138.jpg,1,cifake
data/deepfake/image/fake\cifake_fake_00139.jpg,1,cifake
data/deepfake/image/fake\cifake_fake_00140.jpg,1,cifake
data/deepfake/image/fake\cifake_fake_00141.jpg,1,cifake
data/deepfake/image/fake\cifake_fake_00142.jpg,1,cifake
data/deepfake/image/fake\cifake_fake_00143.jpg,1,cifake
data/deepfake/image/fake\cifake_fake_00144.jpg,1,cifake
data/deepfake/image/fake\cifake_fake_00145.jpg,1,cifake
data/deepfake/image/fake\cifake_fake_00146.jpg,1,cifake
data/deepfake/image/fake\cifake_fake_00147.jpg,1,cifake
data/deepfake/image/fake\cifake_fake_00148.jpg,1,cifake
data/deepfake/image/fake\cifake_fake_00149.jpg,1,cifake
data/deepfake/image/fake\cifake_fake_00150.jpg,1,cifake
data/deepfake/image/fake\cifake_fake_00151.jpg,1,cifake
data/deepfake/image/fake\cifake_fake_00152.jpg,1,cifake
data/deepfake/image/fake\cifake_fake_00153.jpg,1,cifake
data/deepfake/image/fake\cifake_fake_00154.jpg,1,cifake
data/deepfake/image/fake\cifake_fake_00155.jpg,1,cifake
data/deepfake/image/fake\cifake_fake_00156.jpg,1,cifake
data/deepfake/image/fake\cifake_fake_00157.jpg,1,cifake
data/deepfake/image/fake\cifake_fake_00158.jpg,1,cifake
data/deepfake/image/fake\cifake_fake_00159.jpg,1,cifake
data/deepfake/image/fake\cifake_fake_00160.jpg,1,cifake
data/deepfake/image/fake\cifake_fake_00161.jpg,1,cifake
data/deepfake/image/fake\cifake_fake_00162.jpg,1,cifake
data/deepfake/image/fake\cifake_fake_00163.jpg,1,cifake
data/deepfake/image/fake\cifake_fake_00164.jpg,1,cifake
data/deepfake/image/fake\cifake_fake_00165.jpg,1,cifake
data/deepfake/image/fake\cifake_fake_00166.jpg,1,cifake
data/deepfake/image/fake\cifake_fake_00167.jpg,1,cifake
data/deepfake/image/fake\cifake_fake_00168.jpg,1,cifake
data/deepfake/image/fake\cifake_fake_00169.jpg,1,cifake
data/deepfake/image/fake\cifake_fake_00170.jpg,1,cifake
data/deepfake/image/fake\cifake_fake_00171.jpg,1,cifake
data/deepfake/image/fake\cifake_fake_00172.jpg,1,cifake
data/deepfake/image/fake\cifake_fake_00173.jpg,1,cifake
data/deepfake/image/fake\cifake_fake_00174.jpg,1,cifake
data/deepfake/image/fake\cifake_fake_00175.jpg,1,cifake
data/deepfake/image/fake\cifake_fake_00176.jpg,1,cifake
data/deepfake/image/fake\cifake_fake_00177.jpg,1,cifake
data/deepfake/image/fake\cifake_fake_00178.jpg,1,cifake
data/deepfake/image/fake\cifake_fake_00179.jpg,1,cifake
data/deepfake/image/fake\cifake_fake_00180.jpg,1,cifake
data/deepfake/image/fake\cifake_fake_00181.jpg,1,cifake
data/deepfake/image/fake\cifake_fake_00182.jpg,1,cifake
data/deepfake/image/fake\cifake_fake_00183.jpg,1,cifake
data/deepfake/image/fake\cifake_fake_00184.jpg,1,cifake
data/deepfake/image/fake\cifake_fake_00185.jpg,1,cifake
data/deepfake/image/fake\cifake_fake_00186.jpg,1,cifake
data/deepfake/image/fake\cifake_fake_00187.jpg,1,cifake
data/deepfake/image/fake\cifake_fake_00188.jpg,1,cifake
data/deepfake/image/fake\cifake_fake_00189.jpg,1,cifake
data/deepfake/image/fake\cifake_fake_00190.jpg,1,cifake
data/deepfake/image/fake\cifake_fake_00191.jpg,1,cifake
data/deepfake/image/fake\cifake_fake_00192.jpg,1,cifake
data/deepfake/image/fake\cifake_fake_00193.jpg,1,cifake
data/deepfake/image/fake\cifake_fake_00194.jpg,1,cifake
data/deepfake/image/fake\cifake_fake_00195.jpg,1,cifake
data/deepfake/image/fake\cifake_fake_00196.jpg,1,cifake
data/deepfake/image/fake\cifake_fake_00197.jpg,1,cifake
data/deepfake/image/fake\cifake_fake_00198.jpg,1,cifake
data/deepfake/image/fake\cifake_fake_00199.jpg,1,cifake
data/deepfake/image/fake\cifake_fake_00200.jpg,1,cifake
data/deepfake/image/fake\cifake_fake_00201.jpg,1,cifake
data/deepfake/image/fake\cifake_fake_00202.jpg,1,cifake
data/deepfake/image/fake\cifake_fake_00203.jpg,1,cifake
data/deepfake/image/fake\cifake_fake_00204.jpg,1,cifake
data/deepfake/image/fake\cifake_fake_00205.jpg,1,cifake
data/deepfake/image/fake\cifake_fake_00206.jpg,1,cifake
data/deepfake/image/fake\cifake_fake_00207.jpg,1,cifake
data/deepfake/image/fake\cifake_fake_00208.jpg,1,cifake
data/deepfake/image/fake\cifake_fake_00209.jpg,1,cifake
data/deepfake/image/fake\cifake_fake_00210.jpg,1,cifake
data/deepfake/image/fake\cifake_fake_00211.jpg,1,cifake
data/deepfake/image/fake\cifake_fake_00212.jpg,1,cifake
data/deepfake/image/fake\cifake_fake_00213.jpg,1,cifake
data/deepfake/image/fake\cifake_fake_00214.jpg,1,cifake
data/deepfake/image/fake\cifake_fake_00215.jpg,1,cifake
data/deepfake/image/fake\cifake_fake_00216.jpg,1,cifake
data/deepfake/image/fake\cifake_fake_00217.jpg,1,cifake
data/deepfake/image/fake\cifake_fake_00218.jpg,1,cifake
data/deepfake/image/fake\cifake_fake_00219.jpg,1,cifake
data/deepfake/image/fake\cifake_fake_00220.jpg,1,cifake
data/deepfake/image/fake\cifake_fake_00221.jpg,1,cifake
data/deepfake/image/fake\cifake_fake_00222.jpg,1,cifake
data/deepfake/image/fake\cifake_fake_00223.jpg,1,cifake
data/deepfake/image/fake\cifake_fake_00224.jpg,1,cifake
data/deepfake/image/fake\cifake_fake_00225.jpg,1,cifake
data/deepfake/image/fake\cifake_fake_00226.jpg,1,cifake
data/deepfake/image/fake\cifake_fake_00227.jpg,1,cifake
data/deepfake/image/fake\cifake_fake_00228.jpg,1,cifake
data/deepfake/image/fake\cifake_fake_00229.jpg,1,cifake
data/deepfake/image/fake\cifake_fake_00230.jpg,1,cifake
data/deepfake/image/fake\cifake_fake_00231.jpg,1,cifake
data/deepfake/image/fake\cifake_fake_00232.jpg,1,cifake
data/deepfake/image/fake\cifake_fake_00233.jpg,1,cifake
data/deepfake/image/fake\cifake_fake_00234.jpg,1,cifake
data/deepfake/image/fake\cifake_fake_00235.jpg,1,cifake
data/deepfake/image/fake\cifake_fake_00236.jpg,1,cifake
data/deepfake/image/fake\cifake_fake_00237.jpg,1,cifake
data/deepfake/image/fake\cifake_fake_00238.jpg,1,cifake
data/deepfake/image/fake\cifake_fake_00239.jpg,1,cifake
data/deepfake/image/fake\cifake_fake_00240.jpg,1,cifake
data/deepfake/image/fake\cifake_fake_00241.jpg,1,cifake
data/deepfake/image/fake\cifake_fake_00242.jpg,1,cifake
data/deepfake/image/fake\cifake_fake_00243.jpg,1,cifake
data/deepfake/image/fake\cifake_fake_00244.jpg,1,cifake
data/deepfake/image/fake\cifake_fake_00245.jpg,1,cifake
data/deepfake/image/fake\cifake_fake_00246.jpg,1,cifake
data/deepfake/image/fake\cifake_fake_00247.jpg,1,cifake
data/deepfake/image/fake\cifake_fake_00248.jpg,1,cifake
data/deepfake/image/fake\cifake_fake_00249.jpg,1,cifake
data/deepfake/image/fake\cifake_fake_00250.jpg,1,cifake
data/deepfake/image/fake\cifake_fake_00251.jpg,1,cifake
data/deepfake/image/fake\cifake_fake_00252.jpg,1,cifake
data/deepfake/image/fake\cifake_fake_00253.jpg,1,cifake
data/deepfake/image/fake\cifake_fake_00254.jpg,1,cifake
data/deepfake/image/fake\cifake_fake_00255.jpg,1,cifake
data/deepfake/image/fake\cifake_fake_00256.jpg,1,cifake
data/deepfake/image/fake\cifake_fake_00257.jpg,1,cifake
data/deepfake/image/fake\cifake_fake_00258.jpg,1,cifake
data/deepfake/image/fake\cifake_fake_00259.jpg,1,cifake
data/deepfake/image/fake\cifake_fake_00260.jpg,1,cifake
data/deepfake/image/fake\cifake_fake_00261.jpg,1,cifake
data/deepfake/image/fake\cifake_fake_00262.jpg,1,cifake
data/deepfake/image/fake\cifake_fake_00263.jpg,1,cifake
data/deepfake/image/fake\cifake_fake_00264.jpg,1,cifake
data/deepfake/image/fake\cifake_fake_00265.jpg,1,cifake
data/deepfake/image/fake\cifake_fake_00266.jpg,1,cifake
data/deepfake/image/fake\cifake_fake_00267.jpg,1,cifake
data/deepfake/image/fake\cifake_fake_00268.jpg,1,cifake
data/deepfake/image/fake\cifake_fake_00269.jpg,1,cifake
data/deepfake/image/fake\cifake_fake_00270.jpg,1,cifake
data/deepfake/image/fake\cifake_fake_00271.jpg,1,cifake
data/deepfake/image/fake\cifake_fake_00272.jpg,1,cifake
data/deepfake/image/fake\cifake_fake_00273.jpg,1,cifake
data/deepfake/image/fake\cifake_fake_00274.jpg,1,cifake
data/deepfake/image/fake\cifake_fake_00275.jpg,1,cifake
data/deepfake/image/fake\cifake_fake_00276.jpg,1,cifake
data/deepfake/image/fake\cifake_fake_00277.jpg,1,cifake
data/deepfake/image/fake\cifake_fake_00278.jpg,1,cifake
data/deepfake/image/fake\cifake_fake_00279.jpg,1,cifake
data/deepfake/image/fake\cifake_fake_00280.jpg,1,cifake
data/deepfake/image/fake\cifake_fake_00281.jpg,1,cifake
data/deepfake/image/fake\cifake_fake_00282.jpg,1,cifake
data/deepfake/image/fake\cifake_fake_00283.jpg,1,cifake
data/deepfake/image/fake\cifake_fake_00284.jpg,1,cifake
data/deepfake/image/fake\cifake_fake_00285.jpg,1,cifake
data/deepfake/image/fake\cifake_fake_00286.jpg,1,cifake
data/deepfake/image/fake\cifake_fake_00287.jpg,1,cifake
data/deepfake/image/fake\cifake_fake_00288.jpg,1,cifake
data/deepfake/image/fake\cifake_fake_00289.jpg,1,cifake
data/deepfake/image/fake\cifake_fake_00290.jpg,1,cifake
data/deepfake/image/fake\cifake_fake_00291.jpg,1,cifake
data/deepfake/image/fake\cifake_fake_00292.jpg,1,cifake
data/deepfake/image/fake\cifake_fake_00293.jpg,1,cifake
data/deepfake/image/fake\cifake_fake_00294.jpg,1,cifake
data/deepfake/image/fake\cifake_fake_00295.jpg,1,cifake
data/deepfake/image/fake\cifake_fake_00296.jpg,1,cifake
data/deepfake/image/fake\cifake_fake_00297.jpg,1,cifake
data/deepfake/image/fake\cifake_fake_00298.jpg,1,cifake
data/deepfake/image/fake\cifake_fake_00299.jpg,1,cifake
data/deepfake/image/fake\cifake_fake_00300.jpg,1,cifake
data/deepfake/image/fake\cifake_fake_00301.jpg,1,cifake
data/deepfake/image/fake\cifake_fake_00302.jpg,1,cifake
data/deepfake/image/fake\cifake_fake_00303.jpg,1,cifake
data/deepfake/image/fake\cifake_fake_00304.jpg,1,cifake
data/deepfake/image/fake\cifake_fake_00305.jpg,1,cifake
data/deepfake/image/fake\cifake_fake_00306.jpg,1,cifake
data/deepfake/image/fake\cifake_fake_00307.jpg,1,cifake
data/deepfake/image/fake\cifake_fake_00308.jpg,1,cifake
data/deepfake/image/fake\cifake_fake_00309.jpg,1,cifake
data/deepfake/image/fake\cifake_fake_00310.jpg,1,cifake
data/deepfake/image/fake\cifake_fake_00311.jpg,1,cifake
data/deepfake/image/fake\cifake_fake_00312.jpg,1,cifake
data/deepfake/image/fake\cifake_fake_00313.jpg,1,cifake
data/deepfake/image/fake\cifake_fake_00314.jpg,1,cifake
data/deepfake/image/fake\cifake_fake_00315.jpg,1,cifake
data/deepfake/image/fake\cifake_fake_00316.jpg,1,cifake
data/deepfake/image/fake\cifake_fake_00317.jpg,1,cifake
data/deepfake/image/fake\cifake_fake_00318.jpg,1,cifake
data/deepfake/image/fake\cifake_fake_00319.jpg,1,cifake
data/deepfake/image/fake\cifake_fake_00320.jpg,1,cifake
data/deepfake/image/fake\cifake_fake_00321.jpg,1,cifake
data/deepfake/image/fake\cifake_fake_00322.jpg,1,cifake
data/deepfake/image/fake\cifake_fake_00323.jpg,1,cifake
data/deepfake/image/fake\cifake_fake_00324.jpg,1,cifake
data/deepfake/image/fake\cifake_fake_00325.jpg,1,cifake
data/deepfake/image/fake\cifake_fake_00326.jpg,1,cifake
data/deepfake/image/fake\cifake_fake_00327.jpg,1,cifake
data/deepfake/image/fake\cifake_fake_00328.jpg,1,cifake
data/deepfake/image/fake\cifake_fake_00329.jpg,1,cifake
data/deepfake/image/fake\cifake_fake_00330.jpg,1,cifake
data/deepfake/image/fake\cifake_fake_00331.jpg,1,cifake
data/deepfake/image/fake\cifake_fake_00332.jpg,1,cifake
data/deepfake/image/fake\cifake_fake_00333.jpg,1,cifake
data/deepfake/image/fake\cifake_fake_00334.jpg,1,cifake
data/deepfake/image/fake\cifake_fake_00335.jpg,1,cifake
data/deepfake/image/fake\cifake_fake_00336.jpg,1,cifake
data/deepfake/image/fake\cifake_fake_00337.jpg,1,cifake
data/deepfake/image/fake\cifake_fake_00338.jpg,1,cifake
data/deepfake/image/fake\cifake_fake_00339.jpg,1,cifake
data/deepfake/image/fake\cifake_fake_00340.jpg,1,cifake
data/deepfake/image/fake\cifake_fake_00341.jpg,1,cifake
data/deepfake/image/fake\cifake_fake_00342.jpg,1,cifake
data/deepfake/image/fake\cifake_fake_00343.jpg,1,cifake
data/deepfake/image/fake\cifake_fake_00344.jpg,1,cifake
data/deepfake/image/fake\cifake_fake_00345.jpg,1,cifake
data/deepfake/image/fake\cifake_fake_00346.jpg,1,cifake
data/deepfake/image/fake\cifake_fake_00347.jpg,1,cifake
data/deepfake/image/fake\cifake_fake_00348.jpg,1,cifake
data/deepfake/image/fake\cifake_fake_00349.jpg,1,cifake
data/deepfake/image/fake\cifake_fake_00350.jpg,1,cifake
data/deepfake/image/fake\cifake_fake_00351.jpg,1,cifake
data/deepfake/image/fake\cifake_fake_00352.jpg,1,cifake
data/deepfake/image/fake\cifake_fake_00353.jpg,1,cifake
data/deepfake/image/fake\cifake_fake_00354.jpg,1,cifake
data/deepfake/image/fake\cifake_fake_00355.jpg,1,cifake
data/deepfake/image/fake\cifake_fake_00356.jpg,1,cifake
data/deepfake/image/fake\cifake_fake_00357.jpg,1,cifake
data/deepfake/image/fake\cifake_fake_00358.jpg,1,cifake
data/deepfake/image/fake\cifake_fake_00359.jpg,1,cifake
data/deepfake/image/fake\cifake_fake_00360.jpg,1,cifake
data/deepfake/image/fake\cifake_fake_00361.jpg,1,cifake
data/deepfake/image/fake\cifake_fake_00362.jpg,1,cifake
data/deepfake/image/fake\cifake_fake_00363.jpg,1,cifake
data/deepfake/image/fake\cifake_fake_00364.jpg,1,cifake
data/deepfake/image/fake\cifake_fake_00365.jpg,1,cifake
data/deepfake/image/fake\cifake_fake_00366.jpg,1,cifake
data/deepfake/image/fake\cifake_fake_00367.jpg,1,cifake
data/deepfake/image/fake\cifake_fake_00368.jpg,1,cifake
data/deepfake/image/fake\cifake_fake_00369.jpg,1,cifake
data/deepfake/image/fake\cifake_fake_00370.jpg,1,cifake
data/deepfake/image/fake\cifake_fake_00371.jpg,1,cifake
data/deepfake/image/fake\cifake_fake_00372.jpg,1,cifake
data/deepfake/image/fake\cifake_fake_00373.jpg,1,cifake
data/deepfake/image/fake\cifake_fake_00374.jpg,1,cifake
data/deepfake/image/fake\cifake_fake_00375.jpg,1,cifake
data/deepfake/image/fake\cifake_fake_00376.jpg,1,cifake
data/deepfake/image/fake\cifake_fake_00377.jpg,1,cifake
data/deepfake/image/fake\cifake_fake_00378.jpg,1,cifake
data/deepfake/image/fake\cifake_fake_00379.jpg,1,cifake
data/deepfake/image/fake\cifake_fake_00380.jpg,1,cifake
data/deepfake/image/fake\cifake_fake_00381.jpg,1,cifake
data/deepfake/image/fake\cifake_fake_00382.jpg,1,cifake
data/deepfake/image/fake\cifake_fake_00383.jpg,1,cifake
data/deepfake/image/fake\cifake_fake_00384.jpg,1,cifake
data/deepfake/image/fake\cifake_fake_00385.jpg,1,cifake
data/deepfake/image/fake\cifake_fake_00386.jpg,1,cifake
data/deepfake/image/fake\cifake_fake_00387.jpg,1,cifake
data/deepfake/image/fake\cifake_fake_00388.jpg,1,cifake
data/deepfake/image/fake\cifake_fake_00389.jpg,1,cifake
data/deepfake/image/fake\cifake_fake_00390.jpg,1,cifake
data/deepfake/image/fake\cifake_fake_00391.jpg,1,cifake
data/deepfake/image/fake\cifake_fake_00392.jpg,1,cifake
data/deepfake/image/fake\cifake_fake_00393.jpg,1,cifake
data/deepfake/image/fake\cifake_fake_00394.jpg,1,cifake
data/deepfake/image/fake\cifake_fake_00395.jpg,1,cifake
data/deepfake/image/fake\cifake_fake_00396.jpg,1,cifake
data/deepfake/image/fake\cifake_fake_00397.jpg,1,cifake
data/deepfake/image/fake\cifake_fake_00398.jpg,1,cifake
data/deepfake/image/fake\cifake_fake_00399.jpg,1,cifake
data/deepfake/image/fake\cifake_fake_00400.jpg,1,cifake
data/deepfake/image/fake\cifake_fake_00401.jpg,1,cifake
data/deepfake/image/fake\cifake_fake_00402.jpg,1,cifake
data/deepfake/image/fake\cifake_fake_00403.jpg,1,cifake
data/deepfake/image/fake\cifake_fake_00404.jpg,1,cifake
data/deepfake/image/fake\cifake_fake_00405.jpg,1,cifake
data/deepfake/image/fake\cifake_fake_00406.jpg,1,cifake
data/deepfake/image/fake\cifake_fake_00407.jpg,1,cifake
data/deepfake/image/fake\cifake_fake_00408.jpg,1,cifake
data/deepfake/image/fake\cifake_fake_00409.jpg,1,cifake
data/deepfake/image/fake\cifake_fake_00410.jpg,1,cifake
data/deepfake/image/fake\cifake_fake_00411.jpg,1,cifake
data/deepfake/image/fake\cifake_fake_00412.jpg,1,cifake
data/deepfake/image/fake\cifake_fake_00413.jpg,1,cifake
data/deepfake/image/fake\cifake_fake_00414.jpg,1,cifake
data/deepfake/image/fake\cifake_fake_00415.jpg,1,cifake
data/deepfake/image/fake\cifake_fake_00416.jpg,1,cifake
data/deepfake/image/fake\cifake_fake_00417.jpg,1,cifake
data/deepfake/image/fake\cifake_fake_00418.jpg,1,cifake
data/deepfake/image/fake\cifake_fake_00419.jpg,1,cifake
data/deepfake/image/fake\cifake_fake_00420.jpg,1,cifake
data/deepfake/image/fake\cifake_fake_00421.jpg,1,cifake
data/deepfake/image/fake\cifake_fake_00422.jpg,1,cifake
data/deepfake/image/fake\cifake_fake_00423.jpg,1,cifake
data/deepfake/image/fake\cifake_fake_00424.jpg,1,cifake
data/deepfake/image/fake\cifake_fake_00425.jpg,1,cifake
data/deepfake/image/fake\cifake_fake_00426.jpg,1,cifake
data/deepfake/image/fake\cifake_fake_00427.jpg,1,cifake
data/deepfake/image/fake\cifake_fake_00428.jpg,1,cifake
data/deepfake/image/fake\cifake_fake_00429.jpg,1,cifake
data/deepfake/image/fake\cifake_fake_00430.jpg,1,cifake
data/deepfake/image/fake\cifake_fake_00431.jpg,1,cifake
data/deepfake/image/fake\cifake_fake_00432.jpg,1,cifake
data/deepfake/image/fake\cifake_fake_00433.jpg,1,cifake
data/deepfake/image/fake\cifake_fake_00434.jpg,1,cifake
data/deepfake/image/fake\cifake_fake_00435.jpg,1,cifake
data/deepfake/image/fake\cifake_fake_00436.jpg,1,cifake
data/deepfake/image/fake\cifake_fake_00437.jpg,1,cifake
data/deepfake/image/fake\cifake_fake_00438.jpg,1,cifake
data/deepfake/image/fake\cifake_fake_00439.jpg,1,cifake
data/deepfake/image/fake\cifake_fake_00440.jpg,1,cifake
data/deepfake/image/fake\cifake_fake_00441.jpg,1,cifake
data/deepfake/image/fake\cifake_fake_00442.jpg,1,cifake
data/deepfake/image/fake\cifake_fake_00443.jpg,1,cifake
data/deepfake/image/fake\cifake_fake_00444.jpg,1,cifake
data/deepfake/image/fake\cifake_fake_00445.jpg,1,cifake
data/deepfake/image/fake\cifake_fake_00446.jpg,1,cifake
data/deepfake/image/fake\cifake_fake_00447.jpg,1,cifake
data/deepfake/image/fake\cifake_fake_00448.jpg,1,cifake
data/deepfake/image/fake\cifake_fake_00449.jpg,1,cifake
data/deepfake/image/fake\cifake_fake_00450.jpg,1,cifake
data/deepfake/image/fake\cifake_fake_00451.jpg,1,cifake
data/deepfake/image/fake\cifake_fake_00452.jpg,1,cifake
data/deepfake/image/fake\cifake_fake_00453.jpg,1,cifake
data/deepfake/image/fake\cifake_fake_00454.jpg,1,cifake
data/deepfake/image/fake\cifake_fake_00455.jpg,1,cifake
data/deepfake/image/fake\cifake_fake_00456.jpg,1,cifake
data/deepfake/image/fake\cifake_fake_00457.jpg,1,cifake
data/deepfake/image/fake\cifake_fake_00458.jpg,1,cifake
data/deepfake/image/fake\cifake_fake_00459.jpg,1,cifake
data/deepfake/image/fake\cifake_fake_00460.jpg,1,cifake
data/deepfake/image/fake\cifake_fake_00461.jpg,1,cifake
data/deepfake/image/fake\cifake_fake_00462.jpg,1,cifake
data/deepfake/image/fake\cifake_fake_00463.jpg,1,cifake
data/deepfake/image/fake\cifake_fake_00464.jpg,1,cifake
data/deepfake/image/fake\cifake_fake_00465.jpg,1,cifake
data/deepfake/image/fake\cifake_fake_00466.jpg,1,cifake
data/deepfake/image/fake\cifake_fake_00467.jpg,1,cifake
data/deepfake/image/fake\cifake_fake_00468.jpg,1,cifake
data/deepfake/image/fake\cifake_fake_00469.jpg,1,cifake
data/deepfake/image/fake\cifake_fake_00470.jpg,1,cifake
data/deepfake/image/fake\cifake_fake_00471.jpg,1,cifake
data/deepfake/image/fake\cifake_fake_00472.jpg,1,cifake
data/deepfake/image/fake\cifake_fake_00473.jpg,1,cifake
data/deepfake/image/fake\cifake_fake_00474.jpg,1,cifake
data/deepfake/image/fake\cifake_fake_00475.jpg,1,cifake
data/deepfake/image/fake\cifake_fake_00476.jpg,1,cifake
data/deepfake/image/fake\cifake_fake_00477.jpg,1,cifake
data/deepfake/image/fake\cifake_fake_00478.jpg,1,cifake
data/deepfake/image/fake\cifake_fake_00479.jpg,1,cifake
data/deepfake/image/fake\cifake_fake_00480.jpg,1,cifake
data/deepfake/image/fake\cifake_fake_00481.jpg,1,cifake
data/deepfake/image/fake\cifake_fake_00482.jpg,1,cifake
data/deepfake/image/fake\cifake_fake_00483.jpg,1,cifake
data/deepfake/image/fake\cifake_fake_00484.jpg,1,cifake
data/deepfake/image/fake\cifake_fake_00485.jpg,1,cifake
data/deepfake/image/fake\cifake_fake_00486.jpg,1,cifake
data/deepfake/image/fake\cifake_fake_00487.jpg,1,cifake
data/deepfake/image/fake\cifake_fake_00488.jpg,1,cifake
data/deepfake/image/fake\cifake_fake_00489.jpg,1,cifake
data/deepfake/image/fake\cifake_fake_00490.jpg,1,cifake
data/deepfake/image/fake\cifake_fake_00491.jpg,1,cifake
data/deepfake/image/fake\cifake_fake_00492.jpg,1,cifake
data/deepfake/image/fake\cifake_fake_00493.jpg,1,cifake
data/deepfake/image/fake\cifake_fake_00494.jpg,1,cifake
data/deepfake/image/fake\cifake_fake_00495.jpg,1,cifake
data/deepfake/image/fake\cifake_fake_00496.jpg,1,cifake
data/deepfake/image/fake\cifake_fake_00497.jpg,1,cifake
data/deepfake/image/fake\cifake_fake_00498.jpg,1,cifake
data/deepfake/image/fake\cifake_fake_00499.jpg,1,cifake
data/deepfake/image/fake\cifake_fake_00500.jpg,1,cifake
data/deepfake/image/fake\cifake_fake_00501.jpg,1,cifake
data/deepfake/image/fake\cifake_fake_00502.jpg,1,cifake
data/deepfake/image/fake\cifake_fake_00503.jpg,1,cifake
data/deepfake/image/fake\cifake_fake_00504.jpg,1,cifake
data/deepfake/image/fake\cifake_fake_00505.jpg,1,cifake
data/deepfake/image/fake\cifake_fake_00506.jpg,1,cifake
data/deepfake/image/fake\cifake_fake_00507.jpg,1,cifake
data/deepfake/image/fake\cifake_fake_00508.jpg,1,cifake
data/deepfake/image/fake\cifake_fake_00509.jpg,1,cifake
data/deepfake/image/fake\cifake_fake_00510.jpg,1,cifake
data/deepfake/image/fake\cifake_fake_00511.jpg,1,cifake
data/deepfake/image/fake\cifake_fake_00512.jpg,1,cifake
data/deepfake/image/fake\cifake_fake_00513.jpg,1,cifake
data/deepfake/image/fake\cifake_fake_00514.jpg,1,cifake
data/deepfake/image/fake\cifake_fake_00515.jpg,1,cifake
data/deepfake/image/fake\cifake_fake_00516.jpg,1,cifake
data/deepfake/image/fake\cifake_fake_00517.jpg,1,cifake
data/deepfake/image/fake\cifake_fake_00518.jpg,1,cifake
data/deepfake/image/fake\cifake_fake_00519.jpg,1,cifake
data/deepfake/image/fake\cifake_fake_00520.jpg,1,cifake
data/deepfake/image/fake\cifake_fake_00521.jpg,1,cifake
data/deepfake/image/fake\cifake_fake_00522.jpg,1,cifake
data/deepfake/image/fake\cifake_fake_00523.jpg,1,cifake
data/deepfake/image/fake\cifake_fake_00524.jpg,1,cifake
data/deepfake/image/fake\cifake_fake_00525.jpg,1,cifake
data/deepfake/image/fake\cifake_fake_00526.jpg,1,cifake
data/deepfake/image/fake\cifake_fake_00527.jpg,1,cifake
data/deepfake/image/fake\cifake_fake_00528.jpg,1,cifake
data/deepfake/image/fake\cifake_fake_00529.jpg,1,cifake
data/deepfake/image/fake\cifake_fake_00530.jpg,1,cifake
data/deepfake/image/fake\cifake_fake_00531.jpg,1,cifake
data/deepfake/image/fake\cifake_fake_00532.jpg,1,cifake
data/deepfake/image/fake\cifake_fake_00533.jpg,1,cifake
data/deepfake/image/fake\cifake_fake_00534.jpg,1,cifake
data/deepfake/image/fake\cifake_fake_00535.jpg,1,cifake
data/deepfake/image/fake\cifake_fake_00536.jpg,1,cifake
data/deepfake/image/fake\cifake_fake_00537.jpg,1,cifake
data/deepfake/image/fake\cifake_fake_00538.jpg,1,cifake
data/deepfake/image/fake\cifake_fake_00539.jpg,1,cifake
data/deepfake/image/fake\cifake_fake_00540.jpg,1,cifake
data/deepfake/image/fake\cifake_fake_00541.jpg,1,cifake
data/deepfake/image/fake\cifake_fake_00542.jpg,1,cifake
data/deepfake/image/fake\cifake_fake_00543.jpg,1,cifake
data/deepfake/image/fake\cifake_fake_00544.jpg,1,cifake
data/deepfake/image/fake\cifake_fake_00545.jpg,1,cifake
data/deepfake/image/fake\cifake_fake_00546.jpg,1,cifake
data/deepfake/image/fake\cifake_fake_00547.jpg,1,cifake
data/deepfake/image/fake\cifake_fake_00548.jpg,1,cifake
data/deepfake/image/fake\cifake_fake_00549.jpg,1,cifake
data/deepfake/image/fake\cifake_fake_00550.jpg,1,cifake
data/deepfake/image/fake\cifake_fake_00551.jpg,1,cifake
data/deepfake/image/fake\cifake_fake_00552.jpg,1,cifake
data/deepfake/image/fake\cifake_fake_00553.jpg,1,cifake
data/deepfake/image/fake\cifake_fake_00554.jpg,1,cifake
data/deepfake/image/fake\cifake_fake_00555.jpg,1,cifake
data/deepfake/image/fake\cifake_fake_00556.jpg,1,cifake
data/deepfake/image/fake\cifake_fake_00557.jpg,1,cifake
data/deepfake/image/fake\cifake_fake_00558.jpg,1,cifake
data/deepfake/image/fake\cifake_fake_00559.jpg,1,cifake
data/deepfake/image/fake\cifake_fake_00560.jpg,1,cifake
data/deepfake/image/fake\cifake_fake_00561.jpg,1,cifake
data/deepfake/image/fake\cifake_fake_00562.jpg,1,cifake
data/deepfake/image/fake\cifake_fake_00563.jpg,1,cifake
data/deepfake/image/fake\cifake_fake_00564.jpg,1,cifake
data/deepfake/image/fake\cifake_fake_00565.jpg,1,cifake
data/deepfake/image/fake\cifake_fake_00566.jpg,1,cifake
data/deepfake/image/fake\cifake_fake_00567.jpg,1,cifake
data/deepfake/image/fake\cifake_fake_00568.jpg,1,cifake
data/deepfake/image/fake\cifake_fake_00569.jpg,1,cifake
data/deepfake/image/fake\cifake_fake_00570.jpg,1,cifake
data/deepfake/image/fake\cifake_fake_00571.jpg,1,cifake
data/deepfake/image/fake\cifake_fake_00572.jpg,1,cifake
data/deepfake/image/fake\cifake_fake_00573.jpg,1,cifake
data/deepfake/image/fake\cifake_fake_00574.jpg,1,cifake
data/deepfake/image/fake\cifake_fake_00575.jpg,1,cifake
data/deepfake/image/fake\cifake_fake_00576.jpg,1,cifake
data/deepfake/image/fake\cifake_fake_00577.jpg,1,cifake
data/deepfake/image/fake\cifake_fake_00578.jpg,1,cifake
data/deepfake/image/fake\cifake_fake_00579.jpg,1,cifake
data/deepfake/image/fake\cifake_fake_00580.jpg,1,cifake
data/deepfake/image/fake\cifake_fake_00581.jpg,1,cifake
data/deepfake/image/fake\cifake_fake_00582.jpg,1,cifake
data/deepfake/image/fake\cifake_fake_00583.jpg,1,cifake
data/deepfake/image/fake\cifake_fake_00584.jpg,1,cifake
data/deepfake/image/fake\cifake_fake_00585.jpg,1,cifake
data/deepfake/image/fake\cifake_fake_00586.jpg,1,cifake
data/deepfake/image/fake\cifake_fake_00587.jpg,1,cifake
data/deepfake/image/fake\cifake_fake_00588.jpg,1,cifake
data/deepfake/image/fake\cifake_fake_00589.jpg,1,cifake
data/deepfake/image/fake\cifake_fake_00590.jpg,1,cifake
data/deepfake/image/fake\cifake_fake_00591.jpg,1,cifake
data/deepfake/image/fake\cifake_fake_00592.jpg,1,cifake
data/deepfake/image/fake\cifake_fake_00593.jpg,1,cifake
data/deepfake/image/fake\cifake_fake_00594.jpg,1,cifake
data/deepfake/image/fake\cifake_fake_00595.jpg,1,cifake
data/deepfake/image/fake\cifake_fake_00596.jpg,1,cifake
data/deepfake/image/fake\cifake_fake_00597.jpg,1,cifake
data/deepfake/image/fake\cifake_fake_00598.jpg,1,cifake
data/deepfake/image/fake\cifake_fake_00599.jpg,1,cifake
data/deepfake/image/fake\cifake_fake_00600.jpg,1,cifake
data/deepfake/image/fake\cifake_fake_00601.jpg,1,cifake
data/deepfake/image/fake\cifake_fake_00602.jpg,1,cifake
data/deepfake/image/fake\cifake_fake_00603.jpg,1,cifake
data/deepfake/image/fake\cifake_fake_00604.jpg,1,cifake
data/deepfake/image/fake\cifake_fake_00605.jpg,1,cifake
data/deepfake/image/fake\cifake_fake_00606.jpg,1,cifake
data/deepfake/image/fake\cifake_fake_00607.jpg,1,cifake
data/deepfake/image/fake\cifake_fake_00608.jpg,1,cifake
data/deepfake/image/fake\cifake_fake_00609.jpg,1,cifake
data/deepfake/image/fake\cifake_fake_00610.jpg,1,cifake
data/deepfake/image/fake\cifake_fake_00611.jpg,1,cifake
data/deepfake/image/fake\cifake_fake_00612.jpg,1,cifake
data/deepfake/image/fake\cifake_fake_00613.jpg,1,cifake
data/deepfake/image/fake\cifake_fake_00614.jpg,1,cifake
data/deepfake/image/fake\cifake_fake_00615.jpg,1,cifake
data/deepfake/image/fake\cifake_fake_00616.jpg,1,cifake
data/deepfake/image/fake\cifake_fake_00617.jpg,1,cifake
data/deepfake/image/fake\cifake_fake_00618.jpg,1,cifake
data/deepfake/image/fake\cifake_fake_00619.jpg,1,cifake
data/deepfake/image/fake\cifake_fake_00620.jpg,1,cifake
data/deepfake/image/fake\cifake_fake_00621.jpg,1,cifake
data/deepfake/image/fake\cifake_fake_00622.jpg,1,cifake
data/deepfake/image/fake\cifake_fake_00623.jpg,1,cifake
data/deepfake/image/fake\cifake_fake_00624.jpg,1,cifake
data/deepfake/image/fake\cifake_fake_00625.jpg,1,cifake
data/deepfake/image/fake\cifake_fake_00626.jpg,1,cifake
data/deepfake/image/fake\cifake_fake_00627.jpg,1,cifake
data/deepfake/image/fake\cifake_fake_00628.jpg,1,cifake
data/deepfake/image/fake\cifake_fake_00629.jpg,1,cifake
data/deepfake/image/fake\cifake_fake_00630.jpg,1,cifake
data/deepfake/image/fake\cifake_fake_00631.jpg,1,cifake
data/deepfake/image/fake\cifake_fake_00632.jpg,1,cifake
data/deepfake/image/fake\cifake_fake_00633.jpg,1,cifake
data/deepfake/image/fake\cifake_fake_00634.jpg,1,cifake
data/deepfake/image/fake\cifake_fake_00635.jpg,1,cifake
data/deepfake/image/fake\cifake_fake_00636.jpg,1,cifake
data/deepfake/image/fake\cifake_fake_00637.jpg,1,cifake
data/deepfake/image/fake\cifake_fake_00638.jpg,1,cifake
data/deepfake/image/fake\cifake_fake_00639.jpg,1,cifake
data/deepfake/image/fake\cifake_fake_00640.jpg,1,cifake
data/deepfake/image/fake\cifake_fake_00641.jpg,1,cifake
data/deepfake/image/fake\cifake_fake_00642.jpg,1,cifake
data/deepfake/image/fake\cifake_fake_00643.jpg,1,cifake
data/deepfake/image/fake\cifake_fake_00644.jpg,1,cifake
data/deepfake/image/fake\cifake_fake_00645.jpg,1,cifake
data/deepfake/image/fake\cifake_fake_00646.jpg,1,cifake
data/deepfake/image/fake\cifake_fake_00647.jpg,1,cifake
data/deepfake/image/fake\cifake_fake_00648.jpg,1,cifake
data/deepfake/image/fake\cifake_fake_00649.jpg,1,cifake
data/deepfake/image/fake\cifake_fake_00650.jpg,1,cifake
data/deepfake/image/fake\cifake_fake_00651.jpg,1,cifake
data/deepfake/image/fake\cifake_fake_00652.jpg,1,cifake
data/deepfake/image/fake\cifake_fake_00653.jpg,1,cifake
data/deepfake/image/fake\cifake_fake_00654.jpg,1,cifake
data/deepfake/image/fake\cifake_fake_00655.jpg,1,cifake
data/deepfake/image/fake\cifake_fake_00656.jpg,1,cifake
data/deepfake/image/fake\cifake_fake_00657.jpg,1,cifake
data/deepfake/image/fake\cifake_fake_00658.jpg,1,cifake
data/deepfake/image/fake\cifake_fake_00659.jpg,1,cifake
data/deepfake/image/fake\cifake_fake_00660.jpg,1,cifake
data/deepfake/image/fake\cifake_fake_00661.jpg,1,cifake
data/deepfake/image/fake\cifake_fake_00662.jpg,1,cifake
data/deepfake/image/fake\cifake_fake_00663.jpg,1,cifake
data/deepfake/image/fake\cifake_fake_00664.jpg,1,cifake
data/deepfake/image/fake\cifake_fake_00665.jpg,1,cifake
data/deepfake/image/fake\cifake_fake_00666.jpg,1,cifake
data/deepfake/image/fake\cifake_fake_00667.jpg,1,cifake
data/deepfake/image/fake\cifake_fake_00668.jpg,1,cifake
data/deepfake/image/fake\cifake_fake_00669.jpg,1,cifake
data/deepfake/image/fake\cifake_fake_00670.jpg,1,cifake
data/deepfake/image/fake\cifake_fake_00671.jpg,1,cifake
data/deepfake/image/fake\cifake_fake_00672.jpg,1,cifake
data/deepfake/image/fake\cifake_fake_00673.jpg,1,cifake
data/deepfake/image/fake\cifake_fake_00674.jpg,1,cifake
data/deepfake/image/fake\cifake_fake_00675.jpg,1,cifake
data/deepfake/image/fake\cifake_fake_00676.jpg,1,cifake
data/deepfake/image/fake\cifake_fake_00677.jpg,1,cifake
data/deepfake/image/fake\cifake_fake_00678.jpg,1,cifake
data/deepfake/image/fake\cifake_fake_00679.jpg,1,cifake
data/deepfake/image/fake\cifake_fake_00680.jpg,1,cifake
data/deepfake/image/fake\cifake_fake_00681.jpg,1,cifake
data/deepfake/image/fake\cifake_fake_00682.jpg,1,cifake
data/deepfake/image/fake\cifake_fake_00683.jpg,1,cifake
data/deepfake/image/fake\cifake_fake_00684.jpg,1,cifake
data/deepfake/image/fake\cifake_fake_00685.jpg,1,cifake
data/deepfake/image/fake\cifake_fake_00686.jpg,1,cifake
data/deepfake/image/fake\cifake_fake_00687.jpg,1,cifake
data/deepfake/image/fake\cifake_fake_00688.jpg,1,cifake
data/deepfake/image/fake\cifake_fake_00689.jpg,1,cifake
data/deepfake/image/fake\cifake_fake_00690.jpg,1,cifake
data/deepfake/image/fake\cifake_fake_00691.jpg,1,cifake
data/deepfake/image/fake\cifake_fake_00692.jpg,1,cifake
data/deepfake/image/fake\cifake_fake_00693.jpg,1,cifake
data/deepfake/image/fake\cifake_fake_00694.jpg,1,cifake
data/deepfake/image/fake\cifake_fake_00695.jpg,1,cifake
data/deepfake/image/fake\cifake_fake_00696.jpg,1,cifake
data/deepfake/image/fake\cifake_fake_00697.jpg,1,cifake
data/deepfake/image/fake\cifake_fake_00698.jpg,1,cifake
data/deepfake/image/fake\cifake_fake_00699.jpg,1,cifake
data/deepfake/image/fake\cifake_fake_00700.jpg,1,cifake
data/deepfake/image/fake\cifake_fake_00701.jpg,1,cifake
data/deepfake/image/fake\cifake_fake_00702.jpg,1,cifake
data/deepfake/image/fake\cifake_fake_00703.jpg,1,cifake
data/deepfake/image/fake\cifake_fake_00704.jpg,1,cifake
data/deepfake/image/fake\cifake_fake_00705.jpg,1,cifake
data/deepfake/image/fake\cifake_fake_00706.jpg,1,cifake
data/deepfake/image/fake\cifake_fake_00707.jpg,1,cifake
data/deepfake/image/fake\cifake_fake_00708.jpg,1,cifake
data/deepfake/image/fake\cifake_fake_00709.jpg,1,cifake
data/deepfake/image/fake\cifake_fake_00710.jpg,1,cifake
data/deepfake/image/fake\cifake_fake_00711.jpg,1,cifake
data/deepfake/image/fake\cifake_fake_00712.jpg,1,cifake
data/deepfake/image/fake\cifake_fake_00713.jpg,1,cifake
data/deepfake/image/fake\cifake_fake_00714.jpg,1,cifake
data/deepfake/image/fake\cifake_fake_00715.jpg,1,cifake
data/deepfake/image/fake\cifake_fake_00716.jpg,1,cifake
data/deepfake/image/fake\cifake_fake_00717.jpg,1,cifake
data/deepfake/image/fake\cifake_fake_00718.jpg,1,cifake
data/deepfake/image/fake\cifake_fake_00719.jpg,1,cifake
data/deepfake/image/fake\cifake_fake_00720.jpg,1,cifake
data/deepfake/image/fake\cifake_fake_00721.jpg,1,cifake
data/deepfake/image/fake\cifake_fake_00722.jpg,1,cifake
data/deepfake/image/fake\cifake_fake_00723.jpg,1,cifake
data/deepfake/image/fake\cifake_fake_00724.jpg,1,cifake
data/deepfake/image/fake\cifake_fake_00725.jpg,1,cifake
data/deepfake/image/fake\cifake_fake_00726.jpg,1,cifake
data/deepfake/image/fake\cifake_fake_00727.jpg,1,cifake
data/deepfake/image/fake\cifake_fake_00728.jpg,1,cifake
data/deepfake/image/fake\cifake_fake_00729.jpg,1,cifake
data/deepfake/image/fake\cifake_fake_00730.jpg,1,cifake
data/deepfake/image/fake\cifake_fake_00731.jpg,1,cifake
data/deepfake/image/fake\cifake_fake_00732.jpg,1,cifake
data/deepfake/image/fake\cifake_fake_00733.jpg,1,cifake
data/deepfake/image/fake\cifake_fake_00734.jpg,1,cifake
data/deepfake/image/fake\cifake_fake_00735.jpg,1,cifake
data/deepfake/image/fake\cifake_fake_00736.jpg,1,cifake
data/deepfake/image/fake\cifake_fake_00737.jpg,1,cifake
data/deepfake/image/fake\cifake_fake_00738.jpg,1,cifake
data/deepfake/image/fake\cifake_fake_00739.jpg,1,cifake
data/deepfake/image/fake\cifake_fake_00740.jpg,1,cifake
data/deepfake/image/fake\cifake_fake_00741.jpg,1,cifake
data/deepfake/image/fake\cifake_fake_00742.jpg,1,cifake
data/deepfake/image/fake\cifake_fake_00743.jpg,1,cifake
data/deepfake/image/fake\cifake_fake_00744.jpg,1,cifake
data/deepfake/image/fake\cifake_fake_00745.jpg,1,cifake
data/deepfake/image/fake\cifake_fake_00746.jpg,1,cifake
data/deepfake/image/fake\cifake_fake_00747.jpg,1,cifake
data/deepfake/image/fake\cifake_fake_00748.jpg,1,cifake
data/deepfake/image/fake\cifake_fake_00749.jpg,1,cifake
data/deepfake/image/fake\cifake_fake_00750.jpg,1,cifake
data/deepfake/image/fake\cifake_fake_00751.jpg,1,cifake
data/deepfake/image/fake\cifake_fake_00752.jpg,1,cifake
data/deepfake/image/fake\cifake_fake_00753.jpg,1,cifake
data/deepfake/image/fake\cifake_fake_00754.jpg,1,cifake
data/deepfake/image/fake\cifake_fake_00755.jpg,1,cifake
data/deepfake/image/fake\cifake_fake_00756.jpg,1,cifake
data/deepfake/image/fake\cifake_fake_00757.jpg,1,cifake
data/deepfake/image/fake\cifake_fake_00758.jpg,1,cifake
data/deepfake/image/fake\cifake_fake_00759.jpg,1,cifake
data/deepfake/image/fake\cifake_fake_00760.jpg,1,cifake
data/deepfake/image/fake\cifake_fake_00761.jpg,1,cifake
data/deepfake/image/fake\cifake_fake_00762.jpg,1,cifake
data/deepfake/image/fake\cifake_fake_00763.jpg,1,cifake
data/deepfake/image/fake\cifake_fake_00764.jpg,1,cifake
data/deepfake/image/fake\cifake_fake_00765.jpg,1,cifake
data/deepfake/image/fake\cifake_fake_00766.jpg,1,cifake
data/deepfake/image/fake\cifake_fake_00767.jpg,1,cifake
data/deepfake/image/fake\cifake_fake_00768.jpg,1,cifake
data/deepfake/image/fake\cifake_fake_00769.jpg,1,cifake
data/deepfake/image/fake\cifake_fake_00770.jpg,1,cifake
data/deepfake/image/fake\cifake_fake_00771.jpg,1,cifake
data/deepfake/image/fake\cifake_fake_00772.jpg,1,cifake
data/deepfake/image/fake\cifake_fake_00773.jpg,1,cifake
data/deepfake/image/fake\cifake_fake_00774.jpg,1,cifake
data/deepfake/image/fake\cifake_fake_00775.jpg,1,cifake
data/deepfake/image/fake\cifake_fake_00776.jpg,1,cifake
data/deepfake/image/fake\cifake_fake_00777.jpg,1,cifake
data/deepfake/image/fake\cifake_fake_00778.jpg,1,cifake
data/deepfake/image/fake\cifake_fake_00779.jpg,1,cifake
data/deepfake/image/fake\cifake_fake_00780.jpg,1,cifake
data/deepfake/image/fake\cifake_fake_00781.jpg,1,cifake
data/deepfake/image/fake\cifake_fake_00782.jpg,1,cifake
data/deepfake/image/fake\cifake_fake_00783.jpg,1,cifake
data/deepfake/image/fake\cifake_fake_00784.jpg,1,cifake
data/deepfake/image/fake\cifake_fake_00785.jpg,1,cifake
data/deepfake/image/fake\cifake_fake_00786.jpg,1,cifake
data/deepfake/image/fake\cifake_fake_00787.jpg,1,cifake
data/deepfake/image/fake\cifake_fake_00788.jpg,1,cifake
data/deepfake/image/fake\cifake_fake_00789.jpg,1,cifake
data/deepfake/image/fake\cifake_fake_00790.jpg,1,cifake
data/deepfake/image/fake\cifake_fake_00791.jpg,1,cifake
data/deepfake/image/fake\cifake_fake_00792.jpg,1,cifake
data/deepfake/image/fake\cifake_fake_00793.jpg,1,cifake
data/deepfake/image/fake\cifake_fake_00794.jpg,1,cifake
data/deepfake/image/fake\cifake_fake_00795.jpg,1,cifake
data/deepfake/image/fake\cifake_fake_00796.jpg,1,cifake
data/deepfake/image/fake\cifake_fake_00797.jpg,1,cifake
data/deepfake/image/fake\cifake_fake_00798.jpg,1,cifake
data/deepfake/image/fake\cifake_fake_00799.jpg,1,cifake
data/deepfake/image/fake\cifake_fake_00800.jpg,1,cifake
data/deepfake/image/fake\cifake_fake_00801.jpg,1,cifake
data/deepfake/image/fake\cifake_fake_00802.jpg,1,cifake
data/deepfake/image/fake\cifake_fake_00803.jpg,1,cifake
data/deepfake/image/fake\cifake_fake_00804.jpg,1,cifake
data/deepfake/image/fake\cifake_fake_00805.jpg,1,cifake
data/deepfake/image/fake\cifake_fake_00806.jpg,1,cifake
data/deepfake/image/fake\cifake_fake_00807.jpg,1,cifake
data/deepfake/image/fake\cifake_fake_00808.jpg,1,cifake
data/deepfake/image/fake\cifake_fake_00809.jpg,1,cifake
data/deepfake/image/fake\cifake_fake_00810.jpg,1,cifake
data/deepfake/image/fake\cifake_fake_00811.jpg,1,cifake
data/deepfake/image/fake\cifake_fake_00812.jpg,1,cifake
data/deepfake/image/fake\cifake_fake_00813.jpg,1,cifake
data/deepfake/image/fake\cifake_fake_00814.jpg,1,cifake
data/deepfake/image/fake\cifake_fake_00815.jpg,1,cifake
data/deepfake/image/fake\cifake_fake_00816.jpg,1,cifake
data/deepfake/image/fake\cifake_fake_00817.jpg,1,cifake
data/deepfake/image/fake\cifake_fake_00818.jpg,1,cifake
data/deepfake/image/fake\cifake_fake_00819.jpg,1,cifake
data/deepfake/image/fake\cifake_fake_00820.jpg,1,cifake
data/deepfake/image/fake\cifake_fake_00821.jpg,1,cifake
data/deepfake/image/fake\cifake_fake_00822.jpg,1,cifake
data/deepfake/image/fake\cifake_fake_00823.jpg,1,cifake
data/deepfake/image/fake\cifake_fake_00824.jpg,1,cifake
data/deepfake/image/fake\cifake_fake_00825.jpg,1,cifake
data/deepfake/image/fake\cifake_fake_00826.jpg,1,cifake
data/deepfake/image/fake\cifake_fake_00827.jpg,1,cifake
data/deepfake/image/fake\cifake_fake_00828.jpg,1,cifake
data/deepfake/image/fake\cifake_fake_00829.jpg,1,cifake
data/deepfake/image/fake\cifake_fake_00830.jpg,1,cifake
data/deepfake/image/fake\cifake_fake_00831.jpg,1,cifake
data/deepfake/image/fake\cifake_fake_00832.jpg,1,cifake
data/deepfake/image/fake\cifake_fake_00833.jpg,1,cifake
data/deepfake/image/fake\cifake_fake_00834.jpg,1,cifake
data/deepfake/image/fake\cifake_fake_00835.jpg,1,cifake
data/deepfake/image/fake\cifake_fake_00836.jpg,1,cifake
data/deepfake/image/fake\cifake_fake_00837.jpg,1,cifake
data/deepfake/image/fake\cifake_fake_00838.jpg,1,cifake
data/deepfake/image/fake\cifake_fake_00839.jpg,1,cifake
data/deepfake/image/fake\cifake_fake_00840.jpg,1,cifake
data/deepfake/image/fake\cifake_fake_00841.jpg,1,cifake
data/deepfake/image/fake\cifake_fake_00842.jpg,1,cifake
data/deepfake/image/fake\cifake_fake_00843.jpg,1,cifake
data/deepfake/image/fake\cifake_fake_00844.jpg,1,cifake
data/deepfake/image/fake\cifake_fake_00845.jpg,1,cifake
data/deepfake/image/fake\cifake_fake_00846.jpg,1,cifake
data/deepfake/image/fake\cifake_fake_00847.jpg,1,cifake
data/deepfake/image/fake\cifake_fake_00848.jpg,1,cifake
data/deepfake/image/fake\cifake_fake_00849.jpg,1,cifake
data/deepfake/image/fake\cifake_fake_00850.jpg,1,cifake
data/deepfake/image/fake\cifake_fake_00851.jpg,1,cifake
data/deepfake/image/fake\cifake_fake_00852.jpg,1,cifake
data/deepfake/image/fake\cifake_fake_00853.jpg,1,cifake
data/deepfake/image/fake\cifake_fake_00854.jpg,1,cifake
data/deepfake/image/fake\cifake_fake_00855.jpg,1,cifake
data/deepfake/image/fake\cifake_fake_00856.jpg,1,cifake
data/deepfake/image/fake\cifake_fake_00857.jpg,1,cifake
data/deepfake/image/fake\cifake_fake_00858.jpg,1,cifake
data/deepfake/image/fake\cifake_fake_00859.jpg,1,cifake
data/deepfake/image/fake\cifake_fake_00860.jpg,1,cifake
data/deepfake/image/fake\cifake_fake_00861.jpg,1,cifake
data/deepfake/image/fake\cifake_fake_00862.jpg,1,cifake
data/deepfake/image/fake\cifake_fake_00863.jpg,1,cifake
data/deepfake/image/fake\cifake_fake_00864.jpg,1,cifake
data/deepfake/image/fake\cifake_fake_00865.jpg,1,cifake
data/deepfake/image/fake\cifake_fake_00866.jpg,1,cifake
data/deepfake/image/fake\cifake_fake_00867.jpg,1,cifake
data/deepfake/image/fake\cifake_fake_00868.jpg,1,cifake
data/deepfake/image/fake\cifake_fake_00869.jpg,1,cifake
data/deepfake/image/fake\cifake_fake_00870.jpg,1,cifake
data/deepfake/image/fake\cifake_fake_00871.jpg,1,cifake
data/deepfake/image/fake\cifake_fake_00872.jpg,1,cifake
data/deepfake/image/fake\cifake_fake_00873.jpg,1,cifake
data/deepfake/image/fake\cifake_fake_00874.jpg,1,cifake
data/deepfake/image/fake\cifake_fake_00875.jpg,1,cifake
data/deepfake/image/fake\cifake_fake_00876.jpg,1,cifake
data/deepfake/image/fake\cifake_fake_00877.jpg,1,cifake
data/deepfake/image/fake\cifake_fake_00878.jpg,1,cifake
data/deepfake/image/fake\cifake_fake_00879.jpg,1,cifake
data/deepfake/image/fake\cifake_fake_00880.jpg,1,cifake
data/deepfake/image/fake\cifake_fake_00881.jpg,1,cifake
data/deepfake/image/fake\cifake_fake_00882.jpg,1,cifake
data/deepfake/image/fake\cifake_fake_00883.jpg,1,cifake
data/deepfake/image/fake\cifake_fake_00884.jpg,1,cifake
data/deepfake/image/fake\cifake_fake_00885.jpg,1,cifake
data/deepfake/image/fake\cifake_fake_00886.jpg,1,cifake
data/deepfake/image/fake\cifake_fake_00887.jpg,1,cifake
data/deepfake/image/fake\cifake_fake_00888.jpg,1,cifake
data/deepfake/image/fake\cifake_fake_00889.jpg,1,cifake
data/deepfake/image/fake\cifake_fake_00890.jpg,1,cifake
data/deepfake/image/fake\cifake_fake_00891.jpg,1,cifake
data/deepfake/image/fake\cifake_fake_00892.jpg,1,cifake
data/deepfake/image/fake\cifake_fake_00893.jpg,1,cifake
data/deepfake/image/fake\cifake_fake_00894.jpg,1,cifake
data/deepfake/image/fake\cifake_fake_00895.jpg,1,cifake
data/deepfake/image/fake\cifake_fake_00896.jpg,1,cifake
data/deepfake/image/fake\cifake_fake_00897.jpg,1,cifake
data/deepfake/image/fake\cifake_fake_00898.jpg,1,cifake
data/deepfake/image/fake\cifake_fake_00899.jpg,1,cifake
data/deepfake/image/fake\cifake_fake_00900.jpg,1,cifake
data/deepfake/image/fake\cifake_fake_00901.jpg,1,cifake
data/deepfake/image/fake\cifake_fake_00902.jpg,1,cifake
data/deepfake/image/fake\cifake_fake_00903.jpg,1,cifake
data/deepfake/image/fake\cifake_fake_00904.jpg,1,cifake
data/deepfake/image/fake\cifake_fake_00905.jpg,1,cifake
data/deepfake/image/fake\cifake_fake_00906.jpg,1,cifake
data/deepfake/image/fake\cifake_fake_00907.jpg,1,cifake
data/deepfake/image/fake\cifake_fake_00908.jpg,1,cifake
data/deepfake/image/fake\cifake_fake_00909.jpg,1,cifake
data/deepfake/image/fake\cifake_fake_00910.jpg,1,cifake
data/deepfake/image/fake\cifake_fake_00911.jpg,1,cifake
data/deepfake/image/fake\cifake_fake_00912.jpg,1,cifake
data/deepfake/image/fake\cifake_fake_00913.jpg,1,cifake
data/deepfake/image/fake\cifake_fake_00914.jpg,1,cifake
data/deepfake/image/fake\cifake_fake_00915.jpg,1,cifake
data/deepfake/image/fake\cifake_fake_00916.jpg,1,cifake
data/deepfake/image/fake\cifake_fake_00917.jpg,1,cifake
data/deepfake/image/fake\cifake_fake_00918.jpg,1,cifake
data/deepfake/image/fake\cifake_fake_00919.jpg,1,cifake
data/deepfake/image/fake\cifake_fake_00920.jpg,1,cifake
data/deepfake/image/fake\cifake_fake_00921.jpg,1,cifake
data/deepfake/image/fake\cifake_fake_00922.jpg,1,cifake
data/deepfake/image/fake\cifake_fake_00923.jpg,1,cifake
data/deepfake/image/fake\cifake_fake_00924.jpg,1,cifake
data/deepfake/image/fake\cifake_fake_00925.jpg,1,cifake
data/deepfake/image/fake\cifake_fake_00926.jpg,1,cifake
data/deepfake/image/fake\cifake_fake_00927.jpg,1,cifake
data/deepfake/image/fake\cifake_fake_00928.jpg,1,cifake
data/deepfake/image/fake\cifake_fake_00929.jpg,1,cifake
data/deepfake/image/fake\cifake_fake_00930.jpg,1,cifake
data/deepfake/image/fake\cifake_fake_00931.jpg,1,cifake
data/deepfake/image/fake\cifake_fake_00932.jpg,1,cifake
data/deepfake/image/fake\cifake_fake_00933.jpg,1,cifake
data/deepfake/image/fake\cifake_fake_00934.jpg,1,cifake
data/deepfake/image/fake\cifake_fake_00935.jpg,1,cifake
data/deepfake/image/fake\cifake_fake_00936.jpg,1,cifake
data/deepfake/image/fake\cifake_fake_00937.jpg,1,cifake
data/deepfake/image/fake\cifake_fake_00938.jpg,1,cifake
data/deepfake/image/fake\cifake_fake_00939.jpg,1,cifake
data/deepfake/image/fake\cifake_fake_00940.jpg,1,cifake
data/deepfake/image/fake\cifake_fake_00941.jpg,1,cifake
data/deepfake/image/fake\cifake_fake_00942.jpg,1,cifake
data/deepfake/image/fake\cifake_fake_00943.jpg,1,cifake
data/deepfake/image/fake\cifake_fake_00944.jpg,1,cifake
data/deepfake/image/fake\cifake_fake_00945.jpg,1,cifake
data/deepfake/image/fake\cifake_fake_00946.jpg,1,cifake
data/deepfake/image/fake\cifake_fake_00947.jpg,1,cifake
data/deepfake/image/fake\cifake_fake_00948.jpg,1,cifake
data/deepfake/image/fake\cifake_fake_00949.jpg,1,cifake
data/deepfake/image/fake\cifake_fake_00950.jpg,1,cifake
data/deepfake/image/fake\cifake_fake_00951.jpg,1,cifake
data/deepfake/image/fake\cifake_fake_00952.jpg,1,cifake
data/deepfake/image/fake\cifake_fake_00953.jpg,1,cifake
data/deepfake/image/fake\cifake_fake_00954.jpg,1,cifake
data/deepfake/image/fake\cifake_fake_00955.jpg,1,cifake
data/deepfake/image/fake\cifake_fake_00956.jpg,1,cifake
data/deepfake/image/fake\cifake_fake_00957.jpg,1,cifake
data/deepfake/image/fake\cifake_fake_00958.jpg,1,cifake
data/deepfake/image/fake\cifake_fake_00959.jpg,1,cifake
data/deepfake/image/fake\cifake_fake_00960.jpg,1,cifake
data/deepfake/image/fake\cifake_fake_00961.jpg,1,cifake
data/deepfake/image/fake\cifake_fake_00962.jpg,1,cifake
data/deepfake/image/fake\cifake_fake_00963.jpg,1,cifake
data/deepfake/image/fake\cifake_fake_00964.jpg,1,cifake
data/deepfake/image/fake\cifake_fake_00965.jpg,1,cifake
data/deepfake/image/fake\cifake_fake_00966.jpg,1,cifake
data/deepfake/image/fake\cifake_fake_00967.jpg,1,cifake
data/deepfake/image/fake\cifake_fake_00968.jpg,1,cifake
data/deepfake/image/fake\cifake_fake_00969.jpg,1,cifake
data/deepfake/image/fake\cifake_fake_00970.jpg,1,cifake
data/deepfake/image/fake\cifake_fake_00971.jpg,1,cifake
data/deepfake/image/fake\cifake_fake_00972.jpg,1,cifake
data/deepfake/image/fake\cifake_fake_00973.jpg,1,cifake
data/deepfake/image/fake\cifake_fake_00974.jpg,1,cifake
data/deepfake/image/fake\cifake_fake_00975.jpg,1,cifake
data/deepfake/image/fake\cifake_fake_00976.jpg,1,cifake
data/deepfake/image/fake\cifake_fake_00977.jpg,1,cifake
data/deepfake/image/fake\cifake_fake_00978.jpg,1,cifake
data/deepfake/image/fake\cifake_fake_00979.jpg,1,cifake
data/deepfake/image/fake\cifake_fake_00980.jpg,1,cifake
data/deepfake/image/fake\cifake_fake_00981.jpg,1,cifake
data/deepfake/image/fake\cifake_fake_00982.jpg,1,cifake
data/deepfake/image/fake\cifake_fake_00983.jpg,1,cifake
data/deepfake/image/fake\cifake_fake_00984.jpg,1,cifake
data/deepfake/image/fake\cifake_fake_00985.jpg,1,cifake
data/deepfake/image/fake\cifake_fake_00986.jpg,1,cifake
data/deepfake/image/fake\cifake_fake_00987.jpg,1,cifake
data/deepfake/image/fake\cifake_fake_00988.jpg,1,cifake
data/deepfake/image/fake\cifake_fake_00989.jpg,1,cifake
data/deepfake/image/fake\cifake_fake_00990.jpg,1,cifake
data/deepfake/image/fake\cifake_fake_00991.jpg,1,cifake
data/deepfake/image/fake\cifake_fake_00992.jpg,1,cifake
data/deepfake/image/fake\cifake_fake_00993.jpg,1,cifake
data/deepfake/image/fake\cifake_fake_00994.jpg,1,cifake
data/deepfake/image/fake\cifake_fake_00995.jpg,1,cifake
data/deepfake/image/fake\cifake_fake_00996.jpg,1,cifake
data/deepfake/image/fake\cifake_fake_00997.jpg,1,cifake
data/deepfake/image/fake\cifake_fake_00998.jpg,1,cifake
data/deepfake/image/fake\cifake_fake_00999.jpg,1,cifake
data/deepfake/image/fake\cifake_fake_01000.jpg,1,cifake
data/deepfake/image/fake\cifake_fake_01001.jpg,1,cifake
data/deepfake/image/fake\cifake_fake_01002.jpg,1,cifake
data/deepfake/image/fake\cifake_fake_01003.jpg,1,cifake
data/deepfake/image/fake\cifake_fake_01004.jpg,1,cifake
data/deepfake/image/fake\cifake_fake_01005.jpg,1,cifake
data/deepfake/image/fake\cifake_fake_01006.jpg,1,cifake
data/deepfake/image/fake\cifake_fake_01007.jpg,1,cifake
data/deepfake/image/fake\cifake_fake_01008.jpg,1,cifake
data/deepfake/image/fake\cifake_fake_01009.jpg,1,cifake
data/deepfake/image/fake\cifake_fake_01010.jpg,1,cifake
data/deepfake/image/fake\cifake_fake_01011.jpg,1,cifake
data/deepfake/image/fake\cifake_fake_01012.jpg,1,cifake
data/deepfake/image/fake\cifake_fake_01013.jpg,1,cifake
data/deepfake/image/fake\cifake_fake_01014.jpg,1,cifake
data/deepfake/image/fake\cifake_fake_01015.jpg,1,cifake
data/deepfake/image/fake\cifake_fake_01016.jpg,1,cifake
data/deepfake/image/fake\cifake_fake_01017.jpg,1,cifake
data/deepfake/image/fake\cifake_fake_01018.jpg,1,cifake
data/deepfake/image/fake\cifake_fake_01019.jpg,1,cifake
data/deepfake/image/fake\cifake_fake_01020.jpg,1,cifake
data/deepfake/image/fake\cifake_fake_01021.jpg,1,cifake
data/deepfake/image/fake\cifake_fake_01022.jpg,1,cifake
data/deepfake/image/fake\cifake_fake_01023.jpg,1,cifake
data/deepfake/image/fake\cifake_fake_01024.jpg,1,cifake
data/deepfake/image/fake\cifake_fake_01025.jpg,1,cifake
data/deepfake/image/fake\cifake_fake_01026.jpg,1,cifake
data/deepfake/image/fake\cifake_fake_01027.jpg,1,cifake
data/deepfake/image/fake\cifake_fake_01028.jpg,1,cifake
data/deepfake/image/fake\cifake_fake_01029.jpg,1,cifake
data/deepfake/image/fake\cifake_fake_01030.jpg,1,cifake
data/deepfake/image/fake\cifake_fake_01031.jpg,1,cifake
data/deepfake/image/fake\cifake_fake_01032.jpg,1,cifake
data/deepfake/image/fake\cifake_fake_01033.jpg,1,cifake
data/deepfake/image/fake\cifake_fake_01034.jpg,1,cifake
data/deepfake/image/fake\cifake_fake_01035.jpg,1,cifake
data/deepfake/image/fake\cifake_fake_01036.jpg,1,cifake
data/deepfake/image/fake\cifake_fake_01037.jpg,1,cifake
data/deepfake/image/fake\cifake_fake_01038.jpg,1,cifake
data/deepfake/image/fake\cifake_fake_01039.jpg,1,cifake
data/deepfake/image/fake\cifake_fake_01040.jpg,1,cifake
data/deepfake/image/fake\cifake_fake_01041.jpg,1,cifake
data/deepfake/image/fake\cifake_fake_01042.jpg,1,cifake
data/deepfake/image/fake\cifake_fake_01043.jpg,1,cifake
data/deepfake/image/fake\cifake_fake_01044.jpg,1,cifake
data/deepfake/image/fake\cifake_fake_01045.jpg,1,cifake
data/deepfake/image/fake\cifake_fake_01046.jpg,1,cifake
data/deepfake/image/fake\cifake_fake_01047.jpg,1,cifake
data/deepfake/image/fake\cifake_fake_01048.jpg,1,cifake
data/deepfake/image/fake\cifake_fake_01049.jpg,1,cifake
data/deepfake/image/fake\cifake_fake_01050.jpg,1,cifake
data/deepfake/image/fake\cifake_fake_01051.jpg,1,cifake
data/deepfake/image/fake\cifake_fake_01052.jpg,1,cifake
data/deepfake/image/fake\cifake_fake_01053.jpg,1,cifake
data/deepfake/image/fake\cifake_fake_01054.jpg,1,cifake
data/deepfake/image/fake\cifake_fake_01055.jpg,1,cifake
data/deepfake/image/fake\cifake_fake_01056.jpg,1,cifake
data/deepfake/image/fake\cifake_fake_01057.jpg,1,cifake
data/deepfake/image/fake\cifake_fake_01058.jpg,1,cifake
data/deepfake/image/fake\cifake_fake_01059.jpg,1,cifake
data/deepfake/image/fake\cifake_fake_01060.jpg,1,cifake
data/deepfake/image/fake\cifake_fake_01061.jpg,1,cifake
data/deepfake/image/fake\cifake_fake_01062.jpg,1,cifake
data/deepfake/image/fake\cifake_fake_01063.jpg,1,cifake
data/deepfake/image/fake\cifake_fake_01064.jpg,1,cifake
data/deepfake/image/fake\cifake_fake_01065.jpg,1,cifake
data/deepfake/image/fake\cifake_fake_01066.jpg,1,cifake
data/deepfake/image/fake\cifake_fake_01067.jpg,1,cifake
data/deepfake/image/fake\cifake_fake_01068.jpg,1,cifake
data/deepfake/image/fake\cifake_fake_01069.jpg,1,cifake
data/deepfake/image/fake\cifake_fake_01070.jpg,1,cifake
data/deepfake/image/fake\cifake_fake_01071.jpg,1,cifake
data/deepfake/image/fake\cifake_fake_01072.jpg,1,cifake
data/deepfake/image/fake\cifake_fake_01073.jpg,1,cifake
data/deepfake/image/fake\cifake_fake_01074.jpg,1,cifake
data/deepfake/image/fake\cifake_fake_01075.jpg,1,cifake
data/deepfake/image/fake\cifake_fake_01076.jpg,1,cifake
data/deepfake/image/fake\cifake_fake_01077.jpg,1,cifake
data/deepfake/image/fake\cifake_fake_01078.jpg,1,cifake
data/deepfake/image/fake\cifake_fake_01079.jpg,1,cifake
data/deepfake/image/fake\cifake_fake_01080.jpg,1,cifake
data/deepfake/image/fake\cifake_fake_01081.jpg,1,cifake
data/deepfake/image/fake\cifake_fake_01082.jpg,1,cifake
data/deepfake/image/fake\cifake_fake_01083.jpg,1,cifake
data/deepfake/image/fake\cifake_fake_01084.jpg,1,cifake
data/deepfake/image/fake\cifake_fake_01085.jpg,1,cifake
data/deepfake/image/fake\cifake_fake_01086.jpg,1,cifake
data/deepfake/image/fake\cifake_fake_01087.jpg,1,cifake
data/deepfake/image/fake\cifake_fake_01088.jpg,1,cifake
data/deepfake/image/fake\cifake_fake_01089.jpg,1,cifake
data/deepfake/image/fake\cifake_fake_01090.jpg,1,cifake
data/deepfake/image/fake\cifake_fake_01091.jpg,1,cifake
data/deepfake/image/fake\cifake_fake_01092.jpg,1,cifake
data/deepfake/image/fake\cifake_fake_01093.jpg,1,cifake
data/deepfake/image/fake\cifake_fake_01094.jpg,1,cifake
data/deepfake/image/fake\cifake_fake_01095.jpg,1,cifake
data/deepfake/image/fake\cifake_fake_01096.jpg,1,cifake
data/deepfake/image/fake\cifake_fake_01097.jpg,1,cifake
data/deepfake/image/fake\cifake_fake_01098.jpg,1,cifake
data/deepfake/image/fake\cifake_fake_01099.jpg,1,cifake
data/deepfake/image/fake\cifake_fake_01100.jpg,1,cifake
data/deepfake/image/fake\cifake_fake_01101.jpg,1,cifake
data/deepfake/image/fake\cifake_fake_01102.jpg,1,cifake
data/deepfake/image/fake\cifake_fake_01103.jpg,1,cifake
data/deepfake/image/fake\cifake_fake_01104.jpg,1,cifake
data/deepfake/image/fake\cifake_fake_01105.jpg,1,cifake
data/deepfake/image/fake\cifake_fake_01106.jpg,1,cifake
data/deepfake/image/fake\cifake_fake_01107.jpg,1,cifake
data/deepfake/image/fake\cifake_fake_01108.jpg,1,cifake
data/deepfake/image/fake\cifake_fake_01109.jpg,1,cifake
data/deepfake/image/fake\cifake_fake_01110.jpg,1,cifake
data/deepfake/image/fake\cifake_fake_01111.jpg,1,cifake
data/deepfake/image/fake\cifake_fake_01112.jpg,1,cifake
data/deepfake/image/fake\cifake_fake_01113.jpg,1,cifake
data/deepfake/image/fake\cifake_fake_01114.jpg,1,cifake
data/deepfake/image/fake\cifake_fake_01115.jpg,1,cifake
data/deepfake/image/fake\cifake_fake_01116.jpg,1,cifake
data/deepfake/image/fake\cifake_fake_01117.jpg,1,cifake
data/deepfake/image/fake\cifake_fake_01118.jpg,1,cifake
data/deepfake/image/fake\cifake_fake_01119.jpg,1,cifake
data/deepfake/image/fake\cifake_fake_01120.jpg,1,cifake
data/deepfake/image/fake\cifake_fake_01121.jpg,1,cifake
data/deepfake/image/fake\cifake_fake_01122.jpg,1,cifake
data/deepfake/image/fake\cifake_fake_01123.jpg,1,cifake
data/deepfake/image/fake\cifake_fake_01124.jpg,1,cifake
data/deepfake/image/fake\cifake_fake_01125.jpg,1,cifake
data/deepfake/image/fake\cifake_fake_01126.jpg,1,cifake
data/deepfake/image/fake\cifake_fake_01127.jpg,1,cifake
data/deepfake/image/fake\cifake_fake_01128.jpg,1,cifake
data/deepfake/image/fake\cifake_fake_01129.jpg,1,cifake
data/deepfake/image/fake\cifake_fake_01130.jpg,1,cifake
data/deepfake/image/fake\cifake_fake_01131.jpg,1,cifake
data/deepfake/image/fake\cifake_fake_01132.jpg,1,cifake
data/deepfake/image/fake\cifake_fake_01133.jpg,1,cifake
data/deepfake/image/fake\cifake_fake_01134.jpg,1,cifake
data/deepfake/image/fake\cifake_fake_01135.jpg,1,cifake
data/deepfake/image/fake\cifake_fake_01136.jpg,1,cifake
data/deepfake/image/fake\cifake_fake_01137.jpg,1,cifake
data/deepfake/image/fake\cifake_fake_01138.jpg,1,cifake
data/deepfake/image/fake\cifake_fake_01139.jpg,1,cifake
data/deepfake/image/fake\cifake_fake_01140.jpg,1,cifake
data/deepfake/image/fake\cifake_fake_01141.jpg,1,cifake
data/deepfake/image/fake\cifake_fake_01142.jpg,1,cifake
data/deepfake/image/fake\cifake_fake_01143.jpg,1,cifake
data/deepfake/image/fake\cifake_fake_01144.jpg,1,cifake
data/deepfake/image/fake\cifake_fake_01145.jpg,1,cifake
data/deepfake/image/fake\cifake_fake_01146.jpg,1,cifake
data/deepfake/image/fake\cifake_fake_01147.jpg,1,cifake
data/deepfake/image/fake\cifake_fake_01148.jpg,1,cifake
data/deepfake/image/fake\cifake_fake_01149.jpg,1,cifake
data/deepfake/image/fake\cifake_fake_01150.jpg,1,cifake
data/deepfake/image/fake\cifake_fake_01151.jpg,1,cifake
data/deepfake/image/fake\cifake_fake_01152.jpg,1,cifake
data/deepfake/image/fake\cifake_fake_01153.jpg,1,cifake
data/deepfake/image/fake\cifake_fake_01154.jpg,1,cifake
data/deepfake/image/fake\cifake_fake_01155.jpg,1,cifake
data/deepfake/image/fake\cifake_fake_01156.jpg,1,cifake
data/deepfake/image/fake\cifake_fake_01157.jpg,1,cifake
data/deepfake/image/fake\cifake_fake_01158.jpg,1,cifake
data/deepfake/image/fake\cifake_fake_01159.jpg,1,cifake
data/deepfake/image/fake\cifake_fake_01160.jpg,1,cifake
data/deepfake/image/fake\cifake_fake_01161.jpg,1,cifake
data/deepfake/image/fake\cifake_fake_01162.jpg,1,cifake
data/deepfake/image/fake\cifake_fake_01163.jpg,1,cifake
data/deepfake/image/fake\cifake_fake_01164.jpg,1,cifake
data/deepfake/image/fake\cifake_fake_01165.jpg,1,cifake
data/deepfake/image/fake\cifake_fake_01166.jpg,1,cifake
data/deepfake/image/fake\cifake_fake_01167.jpg,1,cifake
data/deepfake/image/fake\cifake_fake_01168.jpg,1,cifake
data/deepfake/image/fake\cifake_fake_01169.jpg,1,cifake
data/deepfake/image/fake\cifake_fake_01170.jpg,1,cifake
data/deepfake/image/fake\cifake_fake_01171.jpg,1,cifake
data/deepfake/image/fake\cifake_fake_01172.jpg,1,cifake
data/deepfake/image/fake\cifake_fake_01173.jpg,1,cifake
data/deepfake/image/fake\cifake_fake_01174.jpg,1,cifake
data/deepfake/image/fake\cifake_fake_01175.jpg,1,cifake
data/deepfake/image/fake\cifake_fake_01176.jpg,1,cifake
data/deepfake/image/fake\cifake_fake_01177.jpg,1,cifake
data/deepfake/image/fake\cifake_fake_01178.jpg,1,cifake
data/deepfake/image/fake\cifake_fake_01179.jpg,1,cifake
data/deepfake/image/fake\cifake_fake_01180.jpg,1,cifake
data/deepfake/image/fake\cifake_fake_01181.jpg,1,cifake
data/deepfake/image/fake\cifake_fake_01182.jpg,1,cifake
data/deepfake/image/fake\cifake_fake_01183.jpg,1,cifake
data/deepfake/image/fake\cifake_fake_01184.jpg,1,cifake
data/deepfake/image/fake\cifake_fake_01185.jpg,1,cifake
data/deepfake/image/fake\cifake_fake_01186.jpg,1,cifake
data/deepfake/image/fake\cifake_fake_01187.jpg,1,cifake
data/deepfake/image/fake\cifake_fake_01188.jpg,1,cifake
data/deepfake/image/fake\cifake_fake_01189.jpg,1,cifake
data/deepfake/image/fake\cifake_fake_01190.jpg,1,cifake
data/deepfake/image/fake\cifake_fake_01191.jpg,1,cifake
data/deepfake/image/fake\cifake_fake_01192.jpg,1,cifake
data/deepfake/image/fake\cifake_fake_01193.jpg,1,cifake
data/deepfake/image/fake\cifake_fake_01194.jpg,1,cifake
data/deepfake/image/fake\cifake_fake_01195.jpg,1,cifake
data/deepfake/image/fake\cifake_fake_01196.jpg,1,cifake
data/deepfake/image/fake\cifake_fake_01197.jpg,1,cifake
data/deepfake/image/fake\cifake_fake_01198.jpg,1,cifake
data/deepfake/image/fake\cifake_fake_01199.jpg,1,cifake
data/deepfake/image/fake\cifake_fake_01200.jpg,1,cifake
data/deepfake/image/fake\cifake_fake_01201.jpg,1,cifake
data/deepfake/image/fake\cifake_fake_01202.jpg,1,cifake
data/deepfake/image/fake\cifake_fake_01203.jpg,1,cifake
data/deepfake/image/fake\cifake_fake_01204.jpg,1,cifake
data/deepfake/image/fake\cifake_fake_01205.jpg,1,cifake
data/deepfake/image/fake\cifake_fake_01206.jpg,1,cifake
data/deepfake/image/fake\cifake_fake_01207.jpg,1,cifake
data/deepfake/image/fake\cifake_fake_01208.jpg,1,cifake
data/deepfake/image/fake\cifake_fake_01209.jpg,1,cifake
data/deepfake/image/fake\cifake_fake_01210.jpg,1,cifake
data/deepfake/image/fake\cifake_fake_01211.jpg,1,cifake
data/deepfake/image/fake\cifake_fake_01212.jpg,1,cifake
data/deepfake/image/fake\cifake_fake_01213.jpg,1,cifake
data/deepfake/image/fake\cifake_fake_01214.jpg,1,cifake
data/deepfake/image/fake\cifake_fake_01215.jpg,1,cifake
data/deepfake/image/fake\cifake_fake_01216.jpg,1,cifake
data/deepfake/image/fake\cifake_fake_01217.jpg,1,cifake
data/deepfake/image/fake\cifake_fake_01218.jpg,1,cifake
data/deepfake/image/fake\cifake_fake_01219.jpg,1,cifake
data/deepfake/image/fake\cifake_fake_01220.jpg,1,cifake
data/deepfake/image/fake\cifake_fake_01221.jpg,1,cifake
data/deepfake/image/fake\cifake_fake_01222.jpg,1,cifake
data/deepfake/image/fake\cifake_fake_01223.jpg,1,cifake
data/deepfake/image/fake\cifake_fake_01224.jpg,1,cifake
data/deepfake/image/fake\cifake_fake_01225.jpg,1,cifake
data/deepfake/image/fake\cifake_fake_01226.jpg,1,cifake
data/deepfake/image/fake\cifake_fake_01227.jpg,1,cifake
data/deepfake/image/fake\cifake_fake_01228.jpg,1,cifake
data/deepfake/image/fake\cifake_fake_01229.jpg,1,cifake
data/deepfake/image/fake\cifake_fake_01230.jpg,1,cifake
data/deepfake/image/fake\cifake_fake_01231.jpg,1,cifake
data/deepfake/image/fake\cifake_fake_01232.jpg,1,cifake
data/deepfake/image/fake\cifake_fake_01233.jpg,1,cifake
data/deepfake/image/fake\cifake_fake_01234.jpg,1,cifake
data/deepfake/image/fake\cifake_fake_01235.jpg,1,cifake
data/deepfake/image/fake\cifake_fake_01236.jpg,1,cifake
data/deepfake/image/fake\cifake_fake_01237.jpg,1,cifake
data/deepfake/image/fake\cifake_fake_01238.jpg,1,cifake
data/deepfake/image/fake\cifake_fake_01239.jpg,1,cifake
data/deepfake/image/fake\cifake_fake_01240.jpg,1,cifake
data/deepfake/image/fake\cifake_fake_01241.jpg,1,cifake
data/deepfake/image/fake\cifake_fake_01242.jpg,1,cifake
data/deepfake/image/fake\cifake_fake_01243.jpg,1,cifake
data/deepfake/image/fake\cifake_fake_01244.jpg,1,cifake
data/deepfake/image/fake\cifake_fake_01245.jpg,1,cifake
data/deepfake/image/fake\cifake_fake_01246.jpg,1,cifake
data/deepfake/image/fake\cifake_fake_01247.jpg,1,cifake
data/deepfake/image/fake\cifake_fake_01248.jpg,1,cifake
data/deepfake/image/fake\cifake_fake_01249.jpg,1,cifake
data/deepfake/image/fake\cifake_fake_01250.jpg,1,cifake
data/deepfake/image/fake\cifake_fake_01251.jpg,1,cifake
data/deepfake/image/fake\cifake_fake_01252.jpg,1,cifake
data/deepfake/image/fake\cifake_fake_01253.jpg,1,cifake
data/deepfake/image/fake\cifake_fake_01254.jpg,1,cifake
data/deepfake/image/fake\cifake_fake_01255.jpg,1,cifake
data/deepfake/image/fake\cifake_fake_01256.jpg,1,cifake
data/deepfake/image/fake\cifake_fake_01257.jpg,1,cifake
data/deepfake/image/fake\cifake_fake_01258.jpg,1,cifake
data/deepfake/image/fake\cifake_fake_01259.jpg,1,cifake
data/deepfake/image/fake\cifake_fake_01260.jpg,1,cifake
data/deepfake/image/fake\cifake_fake_01261.jpg,1,cifake
data/deepfake/image/fake\cifake_fake_01262.jpg,1,cifake
data/deepfake/image/fake\cifake_fake_01263.jpg,1,cifake
data/deepfake/image/fake\cifake_fake_01264.jpg,1,cifake
data/deepfake/image/fake\cifake_fake_01265.jpg,1,cifake
data/deepfake/image/fake\cifake_fake_01266.jpg,1,cifake
data/deepfake/image/fake\cifake_fake_01267.jpg,1,cifake
data/deepfake/image/fake\cifake_fake_01268.jpg,1,cifake
data/deepfake/image/fake\cifake_fake_01269.jpg,1,cifake
data/deepfake/image/fake\cifake_fake_01270.jpg,1,cifake
data/deepfake/image/fake\cifake_fake_01271.jpg,1,cifake
data/deepfake/image/fake\cifake_fake_01272.jpg,1,cifake
data/deepfake/image/fake\cifake_fake_01273.jpg,1,cifake
data/deepfake/image/fake\cifake_fake_01274.jpg,1,cifake
data/deepfake/image/fake\cifake_fake_01275.jpg,1,cifake
data/deepfake/image/fake\cifake_fake_01276.jpg,1,cifake
data/deepfake/image/fake\cifake_fake_01277.jpg,1,cifake
data/deepfake/image/fake\cifake_fake_01278.jpg,1,cifake
data/deepfake/image/fake\cifake_fake_01279.jpg,1,cifake
data/deepfake/image/fake\cifake_fake_01280.jpg,1,cifake
data/deepfake/image/fake\cifake_fake_01281.jpg,1,cifake
data/deepfake/image/fake\cifake_fake_01282.jpg,1,cifake
data/deepfake/image/fake\cifake_fake_01283.jpg,1,cifake
data/deepfake/image/fake\cifake_fake_01284.jpg,1,cifake
data/deepfake/image/fake\cifake_fake_01285.jpg,1,cifake
data/deepfake/image/fake\cifake_fake_01286.jpg,1,cifake
data/deepfake/image/fake\cifake_fake_01287.jpg,1,cifake
data/deepfake/image/fake\cifake_fake_01288.jpg,1,cifake
data/deepfake/image/fake\cifake_fake_01289.jpg,1,cifake
data/deepfake/image/fake\cifake_fake_01290.jpg,1,cifake
data/deepfake/image/fake\cifake_fake_01291.jpg,1,cifake
data/deepfake/image/fake\cifake_fake_01292.jpg,1,cifake
data/deepfake/image/fake\cifake_fake_01293.jpg,1,cifake
data/deepfake/image/fake\cifake_fake_01294.jpg,1,cifake
data/deepfake/image/fake\cifake_fake_01295.jpg,1,cifake
data/deepfake/image/fake\cifake_fake_01296.jpg,1,cifake
data/deepfake/image/fake\cifake_fake_01297.jpg,1,cifake
data/deepfake/image/fake\cifake_fake_01298.jpg,1,cifake
data/deepfake/image/fake\cifake_fake_01299.jpg,1,cifake
data/deepfake/image/fake\cifake_fake_01300.jpg,1,cifake
data/deepfake/image/fake\cifake_fake_01301.jpg,1,cifake
data/deepfake/image/fake\cifake_fake_01302.jpg,1,cifake
data/deepfake/image/fake\cifake_fake_01303.jpg,1,cifake
data/deepfake/image/fake\cifake_fake_01304.jpg,1,cifake
data/deepfake/image/fake\cifake_fake_01305.jpg,1,cifake
data/deepfake/image/fake\cifake_fake_01306.jpg,1,cifake
data/deepfake/image/fake\cifake_fake_01307.jpg,1,cifake
data/deepfake/image/fake\cifake_fake_01308.jpg,1,cifake
data/deepfake/image/fake\cifake_fake_01309.jpg,1,cifake
data/deepfake/image/fake\cifake_fake_01310.jpg,1,cifake
data/deepfake/image/fake\cifake_fake_01311.jpg,1,cifake
data/deepfake/image/fake\cifake_fake_01312.jpg,1,cifake
data/deepfake/image/fake\cifake_fake_01313.jpg,1,cifake
data/deepfake/image/fake\cifake_fake_01314.jpg,1,cifake
data/deepfake/image/fake\cifake_fake_01315.jpg,1,cifake
data/deepfake/image/fake\cifake_fake_01316.jpg,1,cifake
data/deepfake/image/fake\cifake_fake_01317.jpg,1,cifake
data/deepfake/image/fake\cifake_fake_01318.jpg,1,cifake
data/deepfake/image/fake\cifake_fake_01319.jpg,1,cifake
data/deepfake/image/fake\cifake_fake_01320.jpg,1,cifake
data/deepfake/image/fake\cifake_fake_01321.jpg,1,cifake
data/deepfake/image/fake\cifake_fake_01322.jpg,1,cifake
data/deepfake/image/fake\cifake_fake_01323.jpg,1,cifake
data/deepfake/image/fake\cifake_fake_01324.jpg,1,cifake
data/deepfake/image/fake\cifake_fake_01325.jpg,1,cifake
data/deepfake/image/fake\cifake_fake_01326.jpg,1,cifake
data/deepfake/image/fake\cifake_fake_01327.jpg,1,cifake
data/deepfake/image/fake\cifake_fake_01328.jpg,1,cifake
data/deepfake/image/fake\cifake_fake_01329.jpg,1,cifake
data/deepfake/image/fake\cifake_fake_01330.jpg,1,cifake
data/deepfake/image/fake\cifake_fake_01331.jpg,1,cifake
data/deepfake/image/fake\cifake_fake_01332.jpg,1,cifake
data/deepfake/image/fake\cifake_fake_01333.jpg,1,cifake
data/deepfake/image/fake\cifake_fake_01334.jpg,1,cifake
data/deepfake/image/fake\cifake_fake_01335.jpg,1,cifake
data/deepfake/image/fake\cifake_fake_01336.jpg,1,cifake
data/deepfake/image/fake\cifake_fake_01337.jpg,1,cifake
data/deepfake/image/fake\cifake_fake_01338.jpg,1,cifake
data/deepfake/image/fake\cifake_fake_01339.jpg,1,cifake
data/deepfake/image/fake\cifake_fake_01340.jpg,1,cifake
data/deepfake/image/fake\cifake_fake_01341.jpg,1,cifake
data/deepfake/image/fake\cifake_fake_01342.jpg,1,cifake
data/deepfake/image/fake\cifake_fake_01343.jpg,1,cifake
data/deepfake/image/fake\cifake_fake_01344.jpg,1,cifake
data/deepfake/image/fake\cifake_fake_01345.jpg,1,cifake
data/deepfake/image/fake\cifake_fake_01346.jpg,1,cifake
data/deepfake/image/fake\cifake_fake_01347.jpg,1,cifake
data/deepfake/image/fake\cifake_fake_01348.jpg,1,cifake
data/deepfake/image/fake\cifake_fake_01349.jpg,1,cifake
data/deepfake/image/fake\cifake_fake_01350.jpg,1,cifake
data/deepfake/image/fake\cifake_fake_01351.jpg,1,cifake
data/deepfake/image/fake\cifake_fake_01352.jpg,1,cifake
data/deepfake/image/fake\cifake_fake_01353.jpg,1,cifake
data/deepfake/image/fake\cifake_fake_01354.jpg,1,cifake
data/deepfake/image/fake\cifake_fake_01355.jpg,1,cifake
data/deepfake/image/fake\cifake_fake_01356.jpg,1,cifake
data/deepfake/image/fake\cifake_fake_01357.jpg,1,cifake
data/deepfake/image/fake\cifake_fake_01358.jpg,1,cifake
data/deepfake/image/fake\cifake_fake_01359.jpg,1,cifake
data/deepfake/image/fake\cifake_fake_01360.jpg,1,cifake
data/deepfake/image/fake\cifake_fake_01361.jpg,1,cifake
data/deepfake/image/fake\cifake_fake_01362.jpg,1,cifake
data/deepfake/image/fake\cifake_fake_01363.jpg,1,cifake
data/deepfake/image/fake\cifake_fake_01364.jpg,1,cifake
data/deepfake/image/fake\cifake_fake_01365.jpg,1,cifake
data/deepfake/image/fake\cifake_fake_01366.jpg,1,cifake
data/deepfake/image/fake\cifake_fake_01367.jpg,1,cifake
data/deepfake/image/fake\cifake_fake_01368.jpg,1,cifake
data/deepfake/image/fake\cifake_fake_01369.jpg,1,cifake
data/deepfake/image/fake\cifake_fake_01370.jpg,1,cifake
data/deepfake/image/fake\cifake_fake_01371.jpg,1,cifake
data/deepfake/image/fake\cifake_fake_01372.jpg,1,cifake
data/deepfake/image/fake\cifake_fake_01373.jpg,1,cifake
data/deepfake/image/fake\cifake_fake_01374.jpg,1,cifake
data/deepfake/image/fake\cifake_fake_01375.jpg,1,cifake
data/deepfake/image/fake\cifake_fake_01376.jpg,1,cifake
data/deepfake/image/fake\cifake_fake_01377.jpg,1,cifake
data/deepfake/image/fake\cifake_fake_01378.jpg,1,cifake
data/deepfake/image/fake\cifake_fake_01379.jpg,1,cifake
data/deepfake/image/fake\cifake_fake_01380.jpg,1,cifake
data/deepfake/image/fake\cifake_fake_01381.jpg,1,cifake
data/deepfake/image/fake\cifake_fake_01382.jpg,1,cifake
data/deepfake/image/fake\cifake_fake_01383.jpg,1,cifake
data/deepfake/image/fake\cifake_fake_01384.jpg,1,cifake
data/deepfake/image/fake\cifake_fake_01385.jpg,1,cifake
data/deepfake/image/fake\cifake_fake_01386.jpg,1,cifake
data/deepfake/image/fake\cifake_fake_01387.jpg,1,cifake
data/deepfake/image/fake\cifake_fake_01388.jpg,1,cifake
data/deepfake/image/fake\cifake_fake_01389.jpg,1,cifake
data/deepfake/image/fake\cifake_fake_01390.jpg,1,cifake
data/deepfake/image/fake\cifake_fake_01391.jpg,1,cifake
data/deepfake/image/fake\cifake_fake_01392.jpg,1,cifake
data/deepfake/image/fake\cifake_fake_01393.jpg,1,cifake
data/deepfake/image/fake\cifake_fake_01394.jpg,1,cifake
data/deepfake/image/fake\cifake_fake_01395.jpg,1,cifake
data/deepfake/image/fake\cifake_fake_01396.jpg,1,cifake
data/deepfake/image/fake\cifake_fake_01397.jpg,1,cifake
data/deepfake/image/fake\cifake_fake_01398.jpg,1,cifake
data/deepfake/image/fake\cifake_fake_01399.jpg,1,cifake
data/deepfake/image/fake\cifake_fake_01400.jpg,1,cifake
data/deepfake/image/fake\cifake_fake_01401.jpg,1,cifake
data/deepfake/image/fake\cifake_fake_01402.jpg,1,cifake
data/deepfake/image/fake\cifake_fake_01403.jpg,1,cifake
data/deepfake/image/fake\cifake_fake_01404.jpg,1,cifake
data/deepfake/image/fake\cifake_fake_01405.jpg,1,cifake
data/deepfake/image/fake\cifake_fake_01406.jpg,1,cifake
data/deepfake/image/fake\cifake_fake_01407.jpg,1,cifake
data/deepfake/image/fake\cifake_fake_01408.jpg,1,cifake
data/deepfake/image/fake\cifake_fake_01409.jpg,1,cifake
data/deepfake/image/fake\cifake_fake_01410.jpg,1,cifake
data/deepfake/image/fake\cifake_fake_01411.jpg,1,cifake
data/deepfake/image/fake\cifake_fake_01412.jpg,1,cifake
data/deepfake/image/fake\cifake_fake_01413.jpg,1,cifake
data/deepfake/image/fake\cifake_fake_01414.jpg,1,cifake
data/deepfake/image/fake\cifake_fake_01415.jpg,1,cifake
data/deepfake/image/fake\cifake_fake_01416.jpg,1,cifake
data/deepfake/image/fake\cifake_fake_01417.jpg,1,cifake
data/deepfake/image/fake\cifake_fake_01418.jpg,1,cifake
data/deepfake/image/fake\cifake_fake_01419.jpg,1,cifake
data/deepfake/image/fake\cifake_fake_01420.jpg,1,cifake
data/deepfake/image/fake\cifake_fake_01421.jpg,1,cifake
data/deepfake/image/fake\cifake_fake_01422.jpg,1,cifake
data/deepfake/image/fake\cifake_fake_01423.jpg,1,cifake
data/deepfake/image/fake\cifake_fake_01424.jpg,1,cifake
data/deepfake/image/fake\cifake_fake_01425.jpg,1,cifake
data/deepfake/image/fake\cifake_fake_01426.jpg,1,cifake
data/deepfake/image/fake\cifake_fake_01427.jpg,1,cifake
data/deepfake/image/fake\cifake_fake_01428.jpg,1,cifake
data/deepfake/image/fake\cifake_fake_01429.jpg,1,cifake
data/deepfake/image/fake\cifake_fake_01430.jpg,1,cifake
data/deepfake/image/fake\cifake_fake_01431.jpg,1,cifake
data/deepfake/image/fake\cifake_fake_01432.jpg,1,cifake
data/deepfake/image/fake\cifake_fake_01433.jpg,1,cifake
data/deepfake/image/fake\cifake_fake_01434.jpg,1,cifake
data/deepfake/image/fake\cifake_fake_01435.jpg,1,cifake
data/deepfake/image/fake\cifake_fake_01436.jpg,1,cifake
data/deepfake/image/fake\cifake_fake_01437.jpg,1,cifake
data/deepfake/image/fake\cifake_fake_01438.jpg,1,cifake
data/deepfake/image/fake\cifake_fake_01439.jpg,1,cifake
data/deepfake/image/fake\cifake_fake_01440.jpg,1,cifake
data/deepfake/image/fake\cifake_fake_01441.jpg,1,cifake
data/deepfake/image/fake\cifake_fake_01442.jpg,1,cifake
data/deepfake/image/fake\cifake_fake_01443.jpg,1,cifake
data/deepfake/image/fake\cifake_fake_01444.jpg,1,cifake
data/deepfake/image/fake\cifake_fake_01445.jpg,1,cifake
data/deepfake/image/fake\cifake_fake_01446.jpg,1,cifake
data/deepfake/image/fake\cifake_fake_01447.jpg,1,cifake
data/deepfake/image/fake\cifake_fake_01448.jpg,1,cifake
data/deepfake/image/fake\cifake_fake_01449.jpg,1,cifake
data/deepfake/image/fake\cifake_fake_01450.jpg,1,cifake
data/deepfake/image/fake\cifake_fake_01451.jpg,1,cifake
data/deepfake/image/fake\cifake_fake_01452.jpg,1,cifake
data/deepfake/image/fake\cifake_fake_01453.jpg,1,cifake
data/deepfake/image/fake\cifake_fake_01454.jpg,1,cifake
data/deepfake/image/fake\cifake_fake_01455.jpg,1,cifake
data/deepfake/image/fake\cifake_fake_01456.jpg,1,cifake
data/deepfake/image/fake\cifake_fake_01457.jpg,1,cifake
data/deepfake/image/fake\cifake_fake_01458.jpg,1,cifake
data/deepfake/image/fake\cifake_fake_01459.jpg,1,cifake
data/deepfake/image/fake\cifake_fake_01460.jpg,1,cifake
data/deepfake/image/fake\cifake_fake_01461.jpg,1,cifake
data/deepfake/image/fake\cifake_fake_01462.jpg,1,cifake
data/deepfake/image/fake\cifake_fake_01463.jpg,1,cifake
data/deepfake/image/fake\cifake_fake_01464.jpg,1,cifake
data/deepfake/image/fake\cifake_fake_01465.jpg,1,cifake
data/deepfake/image/fake\cifake_fake_01466.jpg,1,cifake
data/deepfake/image/fake\cifake_fake_01467.jpg,1,cifake
data/deepfake/image/fake\cifake_fake_01468.jpg,1,cifake
data/deepfake/image/fake\cifake_fake_01469.jpg,1,cifake
data/deepfake/image/fake\cifake_fake_01470.jpg,1,cifake
data/deepfake/image/fake\cifake_fake_01471.jpg,1,cifake
data/deepfake/image/fake\cifake_fake_01472.jpg,1,cifake
data/deepfake/image/fake\cifake_fake_01473.jpg,1,cifake
data/deepfake/image/fake\cifake_fake_01474.jpg,1,cifake
data/deepfake/image/fake\cifake_fake_01475.jpg,1,cifake
data/deepfake/image/fake\cifake_fake_01476.jpg,1,cifake
data/deepfake/image/fake\cifake_fake_01477.jpg,1,cifake
data/deepfake/image/fake\cifake_fake_01478.jpg,1,cifake
data/deepfake/image/fake\cifake_fake_01479.jpg,1,cifake
data/deepfake/image/fake\cifake_fake_01480.jpg,1,cifake
data/deepfake/image/fake\cifake_fake_01481.jpg,1,cifake
data/deepfake/image/fake\cifake_fake_01482.jpg,1,cifake
data/deepfake/image/fake\cifake_fake_01483.jpg,1,cifake
data/deepfake/image/fake\cifake_fake_01484.jpg,1,cifake
data/deepfake/image/fake\cifake_fake_01485.jpg,1,cifake
data/deepfake/image/fake\cifake_fake_01486.jpg,1,cifake
data/deepfake/image/fake\cifake_fake_01487.jpg,1,cifake
data/deepfake/image/fake\cifake_fake_01488.jpg,1,cifake
data/deepfake/image/fake\cifake_fake_01489.jpg,1,cifake
data/deepfake/image/fake\cifake_fake_01490.jpg,1,cifake
data/deepfake/image/fake\cifake_fake_01491.jpg,1,cifake
data/deepfake/image/fake\cifake_fake_01492.jpg,1,cifake
data/deepfake/image/fake\cifake_fake_01493.jpg,1,cifake
data/deepfake/image/fake\cifake_fake_01494.jpg,1,cifake
data/deepfake/image/fake\cifake_fake_01495.jpg,1,cifake
data/deepfake/image/fake\cifake_fake_01496.jpg,1,cifake
data/deepfake/image/fake\cifake_fake_01497.jpg,1,cifake
data/deepfake/image/fake\cifake_fake_01498.jpg,1,cifake
data/deepfake/image/fake\cifake_fake_01499.jpg,1,cifake
data/deepfake/image/fake\cifake_fake_01500.jpg,1,cifake
data/deepfake/image/fake\cifake_fake_01501.jpg,1,cifake
data/deepfake/image/fake\cifake_fake_01502.jpg,1,cifake
data/deepfake/image/fake\cifake_fake_01503.jpg,1,cifake
data/deepfake/image/fake\cifake_fake_01504.jpg,1,cifake
data/deepfake/image/fake\cifake_fake_01505.jpg,1,cifake
data/deepfake/image/fake\cifake_fake_01506.jpg,1,cifake
data/deepfake/image/fake\cifake_fake_01507.jpg,1,cifake
data/deepfake/image/fake\cifake_fake_01508.jpg,1,cifake
data/deepfake/image/fake\cifake_fake_01509.jpg,1,cifake
data/deepfake/image/fake\cifake_fake_01510.jpg,1,cifake
data/deepfake/image/fake\cifake_fake_01511.jpg,1,cifake
data/deepfake/image/fake\cifake_fake_01512.jpg,1,cifake
data/deepfake/image/fake\cifake_fake_01513.jpg,1,cifake
data/deepfake/image/fake\cifake_fake_01514.jpg,1,cifake
data/deepfake/image/fake\cifake_fake_01515.jpg,1,cifake
data/deepfake/image/fake\cifake_fake_01516.jpg,1,cifake
data/deepfake/image/fake\cifake_fake_01517.jpg,1,cifake
data/deepfake/image/fake\cifake_fake_01518.jpg,1,cifake
data/deepfake/image/fake\cifake_fake_01519.jpg,1,cifake
data/deepfake/image/fake\cifake_fake_01520.jpg,1,cifake
data/deepfake/image/fake\cifake_fake_01521.jpg,1,cifake
data/deepfake/image/fake\cifake_fake_01522.jpg,1,cifake
data/deepfake/image/fake\cifake_fake_01523.jpg,1,cifake
data/deepfake/image/fake\cifake_fake_01524.jpg,1,cifake
data/deepfake/image/fake\cifake_fake_01525.jpg,1,cifake
data/deepfake/image/fake\cifake_fake_01526.jpg,1,cifake
data/deepfake/image/fake\cifake_fake_01527.jpg,1,cifake
data/deepfake/image/fake\cifake_fake_01528.jpg,1,cifake
data/deepfake/image/fake\cifake_fake_01529.jpg,1,cifake
data/deepfake/image/fake\cifake_fake_01530.jpg,1,cifake
data/deepfake/image/fake\cifake_fake_01531.jpg,1,cifake
data/deepfake/image/fake\cifake_fake_01532.jpg,1,cifake
data/deepfake/image/fake\cifake_fake_01533.jpg,1,cifake
data/deepfake/image/fake\cifake_fake_01534.jpg,1,cifake
data/deepfake/image/fake\cifake_fake_01535.jpg,1,cifake
data/deepfake/image/fake\cifake_fake_01536.jpg,1,cifake
data/deepfake/image/fake\cifake_fake_01537.jpg,1,cifake
data/deepfake/image/fake\cifake_fake_01538.jpg,1,cifake
data/deepfake/image/fake\cifake_fake_01539.jpg,1,cifake
data/deepfake/image/fake\cifake_fake_01540.jpg,1,cifake
data/deepfake/image/fake\cifake_fake_01541.jpg,1,cifake
data/deepfake/image/fake\cifake_fake_01542.jpg,1,cifake
data/deepfake/image/fake\cifake_fake_01543.jpg,1,cifake
data/deepfake/image/fake\cifake_fake_01544.jpg,1,cifake
data/deepfake/image/fake\cifake_fake_01545.jpg,1,cifake
data/deepfake/image/fake\cifake_fake_01546.jpg,1,cifake
data/deepfake/image/fake\cifake_fake_01547.jpg,1,cifake
data/deepfake/image/fake\cifake_fake_01548.jpg,1,cifake
data/deepfake/image/fake\cifake_fake_01549.jpg,1,cifake
data/deepfake/image/fake\cifake_fake_01550.jpg,1,cifake
data/deepfake/image/fake\cifake_fake_01551.jpg,1,cifake
data/deepfake/image/fake\cifake_fake_01552.jpg,1,cifake
data/deepfake/image/fake\cifake_fake_01553.jpg,1,cifake
data/deepfake/image/fake\cifake_fake_01554.jpg,1,cifake
data/deepfake/image/fake\cifake_fake_01555.jpg,1,cifake
data/deepfake/image/fake\cifake_fake_01556.jpg,1,cifake
data/deepfake/image/fake\cifake_fake_01557.jpg,1,cifake
data/deepfake/image/fake\cifake_fake_01558.jpg,1,cifake
data/deepfake/image/fake\cifake_fake_01559.jpg,1,cifake
data/deepfake/image/fake\cifake_fake_01560.jpg,1,cifake
data/deepfake/image/fake\cifake_fake_01561.jpg,1,cifake
data/deepfake/image/fake\cifake_fake_01562.jpg,1,cifake
data/deepfake/image/fake\cifake_fake_01563.jpg,1,cifake
data/deepfake/image/fake\cifake_fake_01564.jpg,1,cifake
data/deepfake/image/fake\cifake_fake_01565.jpg,1,cifake
data/deepfake/image/fake\cifake_fake_01566.jpg,1,cifake
data/deepfake/image/fake\cifake_fake_01567.jpg,1,cifake
data/deepfake/image/fake\cifake_fake_01568.jpg,1,cifake
data/deepfake/image/fake\cifake_fake_01569.jpg,1,cifake
data/deepfake/image/fake\cifake_fake_01570.jpg,1,cifake
data/deepfake/image/fake\cifake_fake_01571.jpg,1,cifake
data/deepfake/image/fake\cifake_fake_01572.jpg,1,cifake
data/deepfake/image/fake\cifake_fake_01573.jpg,1,cifake
data/deepfake/image/fake\cifake_fake_01574.jpg,1,cifake
data/deepfake/image/fake\cifake_fake_01575.jpg,1,cifake
data/deepfake/image/fake\cifake_fake_01576.jpg,1,cifake
data/deepfake/image/fake\cifake_fake_01577.jpg,1,cifake
data/deepfake/image/fake\cifake_fake_01578.jpg,1,cifake
data/deepfake/image/fake\cifake_fake_01579.jpg,1,cifake
data/deepfake/image/fake\cifake_fake_01580.jpg,1,cifake
data/deepfake/image/fake\cifake_fake_01581.jpg,1,cifake
data/deepfake/image/fake\cifake_fake_01582.jpg,1,cifake
data/deepfake/image/fake\cifake_fake_01583.jpg,1,cifake
data/deepfake/image/fake\cifake_fake_01584.jpg,1,cifake
data/deepfake/image/fake\cifake_fake_01585.jpg,1,cifake
data/deepfake/image/fake\cifake_fake_01586.jpg,1,cifake
data/deepfake/image/fake\cifake_fake_01587.jpg,1,cifake
data/deepfake/image/fake\cifake_fake_01588.jpg,1,cifake
data/deepfake/image/fake\cifake_fake_01589.jpg,1,cifake
data/deepfake/image/fake\cifake_fake_01590.jpg,1,cifake
data/deepfake/image/fake\cifake_fake_01591.jpg,1,cifake
data/deepfake/image/fake\cifake_fake_01592.jpg,1,cifake
data/deepfake/image/fake\cifake_fake_01593.jpg,1,cifake
data/deepfake/image/fake\cifake_fake_01594.jpg,1,cifake
data/deepfake/image/fake\cifake_fake_01595.jpg,1,cifake
data/deepfake/image/fake\cifake_fake_01596.jpg,1,cifake
data/deepfake/image/fake\cifake_fake_01597.jpg,1,cifake
data/deepfake/image/fake\cifake_fake_01598.jpg,1,cifake
data/deepfake/image/fake\cifake_fake_01599.jpg,1,cifake
data/deepfake/image/fake\cifake_fake_01600.jpg,1,cifake
data/deepfake/image/fake\cifake_fake_01601.jpg,1,cifake
data/deepfake/image/fake\cifake_fake_01602.jpg,1,cifake
data/deepfake/image/fake\cifake_fake_01603.jpg,1,cifake
data/deepfake/image/fake\cifake_fake_01604.jpg,1,cifake
data/deepfake/image/fake\cifake_fake_01605.jpg,1,cifake
data/deepfake/image/fake\cifake_fake_01606.jpg,1,cifake
data/deepfake/image/fake\cifake_fake_01607.jpg,1,cifake
data/deepfake/image/fake\cifake_fake_01608.jpg,1,cifake
data/deepfake/image/fake\cifake_fake_01609.jpg,1,cifake
data/deepfake/image/fake\cifake_fake_01610.jpg,1,cifake
data/deepfake/image/fake\cifake_fake_01611.jpg,1,cifake
data/deepfake/image/fake\cifake_fake_01612.jpg,1,cifake
data/deepfake/image/fake\cifake_fake_01613.jpg,1,cifake
data/deepfake/image/fake\cifake_fake_01614.jpg,1,cifake
data/deepfake/image/fake\cifake_fake_01615.jpg,1,cifake
data/deepfake/image/fake\cifake_fake_01616.jpg,1,cifake
data/deepfake/image/fake\cifake_fake_01617.jpg,1,cifake
data/deepfake/image/fake\cifake_fake_01618.jpg,1,cifake
data/deepfake/image/fake\cifake_fake_01619.jpg,1,cifake
data/deepfake/image/fake\cifake_fake_01620.jpg,1,cifake
data/deepfake/image/fake\cifake_fake_01621.jpg,1,cifake
data/deepfake/image/fake\cifake_fake_01622.jpg,1,cifake
data/deepfake/image/fake\cifake_fake_01623.jpg,1,cifake
data/deepfake/image/fake\cifake_fake_01624.jpg,1,cifake
data/deepfake/image/fake\cifake_fake_01625.jpg,1,cifake
data/deepfake/image/fake\cifake_fake_01626.jpg,1,cifake
data/deepfake/image/fake\cifake_fake_01627.jpg,1,cifake
data/deepfake/image/fake\cifake_fake_01628.jpg,1,cifake
data/deepfake/image/fake\cifake_fake_01629.jpg,1,cifake
data/deepfake/image/fake\cifake_fake_01630.jpg,1,cifake
data/deepfake/image/fake\cifake_fake_01631.jpg,1,cifake
data/deepfake/image/fake\cifake_fake_01632.jpg,1,cifake
data/deepfake/image/fake\cifake_fake_01633.jpg,1,cifake
data/deepfake/image/fake\cifake_fake_01634.jpg,1,cifake
data/deepfake/image/fake\cifake_fake_01635.jpg,1,cifake
data/deepfake/image/fake\cifake_fake_01636.jpg,1,cifake
data/deepfake/image/fake\cifake_fake_01637.jpg,1,cifake
data/deepfake/image/fake\cifake_fake_01638.jpg,1,cifake
data/deepfake/image/fake\cifake_fake_01639.jpg,1,cifake
data/deepfake/image/fake\cifake_fake_01640.jpg,1,cifake
data/deepfake/image/fake\cifake_fake_01641.jpg,1,cifake
data/deepfake/image/fake\cifake_fake_01642.jpg,1,cifake
data/deepfake/image/fake\cifake_fake_01643.jpg,1,cifake
data/deepfake/image/fake\cifake_fake_01644.jpg,1,cifake
data/deepfake/image/fake\cifake_fake_01645.jpg,1,cifake
data/deepfake/image/fake\cifake_fake_01646.jpg,1,cifake
data/deepfake/image/fake\cifake_fake_01647.jpg,1,cifake
data/deepfake/image/fake\cifake_fake_01648.jpg,1,cifake
data/deepfake/image/fake\cifake_fake_01649.jpg,1,cifake
data/deepfake/image/fake\cifake_fake_01650.jpg,1,cifake
data/deepfake/image/fake\cifake_fake_01651.jpg,1,cifake
data/deepfake/image/fake\cifake_fake_01652.jpg,1,cifake
data/deepfake/image/fake\cifake_fake_01653.jpg,1,cifake
data/deepfake/image/fake\cifake_fake_01654.jpg,1,cifake
data/deepfake/image/fake\cifake_fake_01655.jpg,1,cifake
data/deepfake/image/fake\cifake_fake_01656.jpg,1,cifake
data/deepfake/image/fake\cifake_fake_01657.jpg,1,cifake
data/deepfake/image/fake\cifake_fake_01658.jpg,1,cifake
data/deepfake/image/fake\cifake_fake_01659.jpg,1,cifake
data/deepfake/image/fake\cifake_fake_01660.jpg,1,cifake
data/deepfake/image/fake\cifake_fake_01661.jpg,1,cifake
data/deepfake/image/fake\cifake_fake_01662.jpg,1,cifake
data/deepfake/image/fake\cifake_fake_01663.jpg,1,cifake
data/deepfake/image/fake\cifake_fake_01664.jpg,1,cifake
data/deepfake/image/fake\cifake_fake_01665.jpg,1,cifake
data/deepfake/image/fake\cifake_fake_01666.jpg,1,cifake
data/deepfake/image/fake\cifake_fake_01667.jpg,1,cifake
data/deepfake/image/fake\cifake_fake_01668.jpg,1,cifake
data/deepfake/image/fake\cifake_fake_01669.jpg,1,cifake
data/deepfake/image/fake\cifake_fake_01670.jpg,1,cifake
data/deepfake/image/fake\cifake_fake_01671.jpg,1,cifake
data/deepfake/image/fake\cifake_fake_01672.jpg,1,cifake
data/deepfake/image/fake\cifake_fake_01673.jpg,1,cifake
data/deepfake/image/fake\cifake_fake_01674.jpg,1,cifake
data/deepfake/image/fake\cifake_fake_01675.jpg,1,cifake
data/deepfake/image/fake\cifake_fake_01676.jpg,1,cifake
data/deepfake/image/fake\cifake_fake_01677.jpg,1,cifake
data/deepfake/image/fake\cifake_fake_01678.jpg,1,cifake
data/deepfake/image/fake\cifake_fake_01679.jpg,1,cifake
data/deepfake/image/fake\cifake_fake_01680.jpg,1,cifake
data/deepfake/image/fake\cifake_fake_01681.jpg,1,cifake
data/deepfake/image/fake\cifake_fake_01682.jpg,1,cifake
data/deepfake/image/fake\cifake_fake_01683.jpg,1,cifake
data/deepfake/image/fake\cifake_fake_01684.jpg,1,cifake
data/deepfake/image/fake\cifake_fake_01685.jpg,1,cifake
data/deepfake/image/fake\cifake_fake_01686.jpg,1,cifake
data/deepfake/image/fake\cifake_fake_01687.jpg,1,cifake
data/deepfake/image/fake\cifake_fake_01688.jpg,1,cifake
data/deepfake/image/fake\cifake_fake_01689.jpg,1,cifake
data/deepfake/image/fake\cifake_fake_01690.jpg,1,cifake
data/deepfake/image/fake\cifake_fake_01691.jpg,1,cifake
data/deepfake/image/fake\cifake_fake_01692.jpg,1,cifake
data/deepfake/image/fake\cifake_fake_01693.jpg,1,cifake
data/deepfake/image/fake\cifake_fake_01694.jpg,1,cifake
data/deepfake/image/fake\cifake_fake_01695.jpg,1,cifake
data/deepfake/image/fake\cifake_fake_01696.jpg,1,cifake
data/deepfake/image/fake\cifake_fake_01697.jpg,1,cifake
data/deepfake/image/fake\cifake_fake_01698.jpg,1,cifake
data/deepfake/image/fake\cifake_fake_01699.jpg,1,cifake
data/deepfake/image/fake\cifake_fake_01700.jpg,1,cifake
data/deepfake/image/fake\cifake_fake_01701.jpg,1,cifake
data/deepfake/image/fake\cifake_fake_01702.jpg,1,cifake
data/deepfake/image/fake\cifake_fake_01703.jpg,1,cifake
data/deepfake/image/fake\cifake_fake_01704.jpg,1,cifake
data/deepfake/image/fake\cifake_fake_01705.jpg,1,cifake
data/deepfake/image/fake\cifake_fake_01706.jpg,1,cifake
data/deepfake/image/fake\cifake_fake_01707.jpg,1,cifake
data/deepfake/image/fake\cifake_fake_01708.jpg,1,cifake
data/deepfake/image/fake\cifake_fake_01709.jpg,1,cifake
data/deepfake/image/fake\cifake_fake_01710.jpg,1,cifake
data/deepfake/image/fake\cifake_fake_01711.jpg,1,cifake
data/deepfake/image/fake\cifake_fake_01712.jpg,1,cifake
data/deepfake/image/fake\cifake_fake_01713.jpg,1,cifake
data/deepfake/image/fake\cifake_fake_01714.jpg,1,cifake
data/deepfake/image/fake\cifake_fake_01715.jpg,1,cifake
data/deepfake/image/fake\cifake_fake_01716.jpg,1,cifake
data/deepfake/image/fake\cifake_fake_01717.jpg,1,cifake
data/deepfake/image/fake\cifake_fake_01718.jpg,1,cifake
data/deepfake/image/fake\cifake_fake_01719.jpg,1,cifake
data/deepfake/image/fake\cifake_fake_01720.jpg,1,cifake
data/deepfake/image/fake\cifake_fake_01721.jpg,1,cifake
data/deepfake/image/fake\cifake_fake_01722.jpg,1,cifake
data/deepfake/image/fake\cifake_fake_01723.jpg,1,cifake
data/deepfake/image/fake\cifake_fake_01724.jpg,1,cifake
data/deepfake/image/fake\cifake_fake_01725.jpg,1,cifake
data/deepfake/image/fake\cifake_fake_01726.jpg,1,cifake
data/deepfake/image/fake\cifake_fake_01727.jpg,1,cifake
data/deepfake/image/fake\cifake_fake_01728.jpg,1,cifake
data/deepfake/image/fake\cifake_fake_01729.jpg,1,cifake
data/deepfake/image/fake\cifake_fake_01730.jpg,1,cifake
data/deepfake/image/fake\cifake_fake_01731.jpg,1,cifake
data/deepfake/image/fake\cifake_fake_01732.jpg,1,cifake
data/deepfake/image/fake\cifake_fake_01733.jpg,1,cifake
data/deepfake/image/fake\cifake_fake_01734.jpg,1,cifake
data/deepfake/image/fake\cifake_fake_01735.jpg,1,cifake
data/deepfake/image/fake\cifake_fake_01736.jpg,1,cifake
data/deepfake/image/fake\cifake_fake_01737.jpg,1,cifake
data/deepfake/image/fake\cifake_fake_01738.jpg,1,cifake
data/deepfake/image/fake\cifake_fake_01739.jpg,1,cifake
data/deepfake/image/fake\cifake_fake_01740.jpg,1,cifake
data/deepfake/image/fake\cifake_fake_01741.jpg,1,cifake
data/deepfake/image/fake\cifake_fake_01742.jpg,1,cifake
data/deepfake/image/fake\cifake_fake_01743.jpg,1,cifake
data/deepfake/image/fake\cifake_fake_01744.jpg,1,cifake
data/deepfake/image/fake\cifake_fake_01745.jpg,1,cifake
data/deepfake/image/fake\cifake_fake_01746.jpg,1,cifake
data/deepfake/image/fake\cifake_fake_01747.jpg,1,cifake
data/deepfake/image/fake\cifake_fake_01748.jpg,1,cifake
data/deepfake/image/fake\cifake_fake_01749.jpg,1,cifake
data/deepfake/image/fake\cifake_fake_01750.jpg,1,cifake
data/deepfake/image/fake\cifake_fake_01751.jpg,1,cifake
data/deepfake/image/fake\cifake_fake_01752.jpg,1,cifake
data/deepfake/image/fake\cifake_fake_01753.jpg,1,cifake
data/deepfake/image/fake\cifake_fake_01754.jpg,1,cifake
data/deepfake/image/fake\cifake_fake_01755.jpg,1,cifake
data/deepfake/image/fake\cifake_fake_01756.jpg,1,cifake
data/deepfake/image/fake\cifake_fake_01757.jpg,1,cifake
data/deepfake/image/fake\cifake_fake_01758.jpg,1,cifake
data/deepfake/image/fake\cifake_fake_01759.jpg,1,cifake
data/deepfake/image/fake\cifake_fake_01760.jpg,1,cifake
data/deepfake/image/fake\cifake_fake_01761.jpg,1,cifake
data/deepfake/image/fake\cifake_fake_01762.jpg,1,cifake
data/deepfake/image/fake\cifake_fake_01763.jpg,1,cifake
data/deepfake/image/fake\cifake_fake_01764.jpg,1,cifake
data/deepfake/image/fake\cifake_fake_01765.jpg,1,cifake
data/deepfake/image/fake\cifake_fake_01766.jpg,1,cifake
data/deepfake/image/fake\cifake_fake_01767.jpg,1,cifake
data/deepfake/image/fake\cifake_fake_01768.jpg,1,cifake
data/deepfake/image/fake\cifake_fake_01769.jpg,1,cifake
data/deepfake/image/fake\cifake_fake_01770.jpg,1,cifake
data/deepfake/image/fake\cifake_fake_01771.jpg,1,cifake
data/deepfake/image/fake\cifake_fake_01772.jpg,1,cifake
data/deepfake/image/fake\cifake_fake_01773.jpg,1,cifake
data/deepfake/image/fake\cifake_fake_01774.jpg,1,cifake
data/deepfake/image/fake\cifake_fake_01775.jpg,1,cifake
data/deepfake/image/fake\cifake_fake_01776.jpg,1,cifake
data/deepfake/image/fake\cifake_fake_01777.jpg,1,cifake
data/deepfake/image/fake\cifake_fake_01778.jpg,1,cifake
data/deepfake/image/fake\cifake_fake_01779.jpg,1,cifake
data/deepfake/image/fake\cifake_fake_01780.jpg,1,cifake
data/deepfake/image/fake\cifake_fake_01781.jpg,1,cifake
data/deepfake/image/fake\cifake_fake_01782.jpg,1,cifake
data/deepfake/image/fake\cifake_fake_01783.jpg,1,cifake
data/deepfake/image/fake\cifake_fake_01784.jpg,1,cifake
data/deepfake/image/fake\cifake_fake_01785.jpg,1,cifake
data/deepfake/image/fake\cifake_fake_01786.jpg,1,cifake
data/deepfake/image/fake\cifake_fake_01787.jpg,1,cifake
data/deepfake/image/fake\cifake_fake_01788.jpg,1,cifake
data/deepfake/image/fake\cifake_fake_01789.jpg,1,cifake
data/deepfake/image/fake\cifake_fake_01790.jpg,1,cifake
data/deepfake/image/fake\cifake_fake_01791.jpg,1,cifake
data/deepfake/image/fake\cifake_fake_01792.jpg,1,cifake
data/deepfake/image/fake\cifake_fake_01793.jpg,1,cifake
data/deepfake/image/fake\cifake_fake_01794.jpg,1,cifake
data/deepfake/image/fake\cifake_fake_01795.jpg,1,cifake
data/deepfake/image/fake\cifake_fake_01796.jpg,1,cifake
data/deepfake/image/fake\cifake_fake_01797.jpg,1,cifake
data/deepfake/image/fake\cifake_fake_01798.jpg,1,cifake
data/deepfake/image/fake\cifake_fake_01799.jpg,1,cifake
data/deepfake/image/fake\cifake_fake_01800.jpg,1,cifake
data/deepfake/image/fake\cifake_fake_01801.jpg,1,cifake
data/deepfake/image/fake\cifake_fake_01802.jpg,1,cifake
data/deepfake/image/fake\cifake_fake_01803.jpg,1,cifake
data/deepfake/image/fake\cifake_fake_01804.jpg,1,cifake
data/deepfake/image/fake\cifake_fake_01805.jpg,1,cifake
data/deepfake/image/fake\cifake_fake_01806.jpg,1,cifake
data/deepfake/image/fake\cifake_fake_01807.jpg,1,cifake
data/deepfake/image/fake\cifake_fake_01808.jpg,1,cifake
data/deepfake/image/fake\cifake_fake_01809.jpg,1,cifake
data/deepfake/image/fake\cifake_fake_01810.jpg,1,cifake
data/deepfake/image/fake\cifake_fake_01811.jpg,1,cifake
data/deepfake/image/fake\cifake_fake_01812.jpg,1,cifake
data/deepfake/image/fake\cifake_fake_01813.jpg,1,cifake
data/deepfake/image/fake\cifake_fake_01814.jpg,1,cifake
data/deepfake/image/fake\cifake_fake_01815.jpg,1,cifake
data/deepfake/image/fake\cifake_fake_01816.jpg,1,cifake
data/deepfake/image/fake\cifake_fake_01817.jpg,1,cifake
data/deepfake/image/fake\cifake_fake_01818.jpg,1,cifake
data/deepfake/image/fake\cifake_fake_01819.jpg,1,cifake
data/deepfake/image/fake\cifake_fake_01820.jpg,1,cifake
data/deepfake/image/fake\cifake_fake_01821.jpg,1,cifake
data/deepfake/image/fake\cifake_fake_01822.jpg,1,cifake
data/deepfake/image/fake\cifake_fake_01823.jpg,1,cifake
data/deepfake/image/fake\cifake_fake_01824.jpg,1,cifake
data/deepfake/image/fake\cifake_fake_01825.jpg,1,cifake
data/deepfake/image/fake\cifake_fake_01826.jpg,1,cifake
data/deepfake/image/fake\cifake_fake_01827.jpg,1,cifake
data/deepfake/image/fake\cifake_fake_01828.jpg,1,cifake
data/deepfake/image/fake\cifake_fake_01829.jpg,1,cifake
data/deepfake/image/fake\cifake_fake_01830.jpg,1,cifake
data/deepfake/image/fake\cifake_fake_01831.jpg,1,cifake
data/deepfake/image/fake\cifake_fake_01832.jpg,1,cifake
data/deepfake/image/fake\cifake_fake_01833.jpg,1,cifake
data/deepfake/image/fake\cifake_fake_01834.jpg,1,cifake
data/deepfake/image/fake\cifake_fake_01835.jpg,1,cifake
data/deepfake/image/fake\cifake_fake_01836.jpg,1,cifake
data/deepfake/image/fake\cifake_fake_01837.jpg,1,cifake
data/deepfake/image/fake\cifake_fake_01838.jpg,1,cifake
data/deepfake/image/fake\cifake_fake_01839.jpg,1,cifake
data/deepfake/image/fake\cifake_fake_01840.jpg,1,cifake
data/deepfake/image/fake\cifake_fake_01841.jpg,1,cifake
data/deepfake/image/fake\cifake_fake_01842.jpg,1,cifake
data/deepfake/image/fake\cifake_fake_01843.jpg,1,cifake
data/deepfake/image/fake\cifake_fake_01844.jpg,1,cifake
data/deepfake/image/fake\cifake_fake_01845.jpg,1,cifake
data/deepfake/image/fake\cifake_fake_01846.jpg,1,cifake
data/deepfake/image/fake\cifake_fake_01847.jpg,1,cifake
data/deepfake/image/fake\cifake_fake_01848.jpg,1,cifake
data/deepfake/image/fake\cifake_fake_01849.jpg,1,cifake
data/deepfake/image/fake\cifake_fake_01850.jpg,1,cifake
data/deepfake/image/fake\cifake_fake_01851.jpg,1,cifake
data/deepfake/image/fake\cifake_fake_01852.jpg,1,cifake
data/deepfake/image/fake\cifake_fake_01853.jpg,1,cifake
data/deepfake/image/fake\cifake_fake_01854.jpg,1,cifake
data/deepfake/image/fake\cifake_fake_01855.jpg,1,cifake
data/deepfake/image/fake\cifake_fake_01856.jpg,1,cifake
data/deepfake/image/fake\cifake_fake_01857.jpg,1,cifake
data/deepfake/image/fake\cifake_fake_01858.jpg,1,cifake
data/deepfake/image/fake\cifake_fake_01859.jpg,1,cifake
data/deepfake/image/fake\cifake_fake_01860.jpg,1,cifake
data/deepfake/image/fake\cifake_fake_01861.jpg,1,cifake
data/deepfake/image/fake\cifake_fake_01862.jpg,1,cifake
data/deepfake/image/fake\cifake_fake_01863.jpg,1,cifake
data/deepfake/image/fake\cifake_fake_01864.jpg,1,cifake
data/deepfake/image/fake\cifake_fake_01865.jpg,1,cifake
data/deepfake/image/fake\cifake_fake_01866.jpg,1,cifake
data/deepfake/image/fake\cifake_fake_01867.jpg,1,cifake
data/deepfake/image/fake\cifake_fake_01868.jpg,1,cifake
data/deepfake/image/fake\cifake_fake_01869.jpg,1,cifake
data/deepfake/image/fake\cifake_fake_01870.jpg,1,cifake
data/deepfake/image/fake\cifake_fake_01871.jpg,1,cifake
data/deepfake/image/fake\cifake_fake_01872.jpg,1,cifake
data/deepfake/image/fake\cifake_fake_01873.jpg,1,cifake
data/deepfake/image/fake\cifake_fake_01874.jpg,1,cifake
data/deepfake/image/fake\cifake_fake_01875.jpg,1,cifake
data/deepfake/image/fake\cifake_fake_01876.jpg,1,cifake
data/deepfake/image/fake\cifake_fake_01877.jpg,1,cifake
data/deepfake/image/fake\cifake_fake_01878.jpg,1,cifake
data/deepfake/image/fake\cifake_fake_01879.jpg,1,cifake
data/deepfake/image/fake\cifake_fake_01880.jpg,1,cifake
data/deepfake/image/fake\cifake_fake_01881.jpg,1,cifake
data/deepfake/image/fake\cifake_fake_01882.jpg,1,cifake
data/deepfake/image/fake\cifake_fake_01883.jpg,1,cifake
data/deepfake/image/fake\cifake_fake_01884.jpg,1,cifake
data/deepfake/image/fake\cifake_fake_01885.jpg,1,cifake
data/deepfake/image/fake\cifake_fake_01886.jpg,1,cifake
data/deepfake/image/fake\cifake_fake_01887.jpg,1,cifake
data/deepfake/image/fake\cifake_fake_01888.jpg,1,cifake
data/deepfake/image/fake\cifake_fake_01889.jpg,1,cifake
data/deepfake/image/fake\cifake_fake_01890.jpg,1,cifake
data/deepfake/image/fake\cifake_fake_01891.jpg,1,cifake
data/deepfake/image/fake\cifake_fake_01892.jpg,1,cifake
data/deepfake/image/fake\cifake_fake_01893.jpg,1,cifake
data/deepfake/image/fake\cifake_fake_01894.jpg,1,cifake
data/deepfake/image/fake\cifake_fake_01895.jpg,1,cifake
data/deepfake/image/fake\cifake_fake_01896.jpg,1,cifake
data/deepfake/image/fake\cifake_fake_01897.jpg,1,cifake
data/deepfake/image/fake\cifake_fake_01898.jpg,1,cifake
data/deepfake/image/fake\cifake_fake_01899.jpg,1,cifake
data/deepfake/image/fake\cifake_fake_01900.jpg,1,cifake
data/deepfake/image/fake\cifake_fake_01901.jpg,1,cifake
data/deepfake/image/fake\cifake_fake_01902.jpg,1,cifake
data/deepfake/image/fake\cifake_fake_01903.jpg,1,cifake
data/deepfake/image/fake\cifake_fake_01904.jpg,1,cifake
data/deepfake/image/fake\cifake_fake_01905.jpg,1,cifake
data/deepfake/image/fake\cifake_fake_01906.jpg,1,cifake
data/deepfake/image/fake\cifake_fake_01907.jpg,1,cifake
data/deepfake/image/fake\cifake_fake_01908.jpg,1,cifake
data/deepfake/image/fake\cifake_fake_01909.jpg,1,cifake
data/deepfake/image/fake\cifake_fake_01910.jpg,1,cifake
data/deepfake/image/fake\cifake_fake_01911.jpg,1,cifake
data/deepfake/image/fake\cifake_fake_01912.jpg,1,cifake
data/deepfake/image/fake\cifake_fake_01913.jpg,1,cifake
data/deepfake/image/fake\cifake_fake_01914.jpg,1,cifake
data/deepfake/image/fake\cifake_fake_01915.jpg,1,cifake
data/deepfake/image/fake\cifake_fake_01916.jpg,1,cifake
data/deepfake/image/fake\cifake_fake_01917.jpg,1,cifake
data/deepfake/image/fake\cifake_fake_01918.jpg,1,cifake
data/deepfake/image/fake\cifake_fake_01919.jpg,1,cifake
data/deepfake/image/fake\cifake_fake_01920.jpg,1,cifake
data/deepfake/image/fake\cifake_fake_01921.jpg,1,cifake
data/deepfake/image/fake\cifake_fake_01922.jpg,1,cifake
data/deepfake/image/fake\cifake_fake_01923.jpg,1,cifake
data/deepfake/image/fake\cifake_fake_01924.jpg,1,cifake
data/deepfake/image/fake\cifake_fake_01925.jpg,1,cifake
data/deepfake/image/fake\cifake_fake_01926.jpg,1,cifake
data/deepfake/image/fake\cifake_fake_01927.jpg,1,cifake
data/deepfake/image/fake\cifake_fake_01928.jpg,1,cifake
data/deepfake/image/fake\cifake_fake_01929.jpg,1,cifake
data/deepfake/image/fake\cifake_fake_01930.jpg,1,cifake
data/deepfake/image/fake\cifake_fake_01931.jpg,1,cifake
data/deepfake/image/fake\cifake_fake_01932.jpg,1,cifake
data/deepfake/image/fake\cifake_fake_01933.jpg,1,cifake
data/deepfake/image/fake\cifake_fake_01934.jpg,1,cifake
data/deepfake/image/fake\cifake_fake_01935.jpg,1,cifake
data/deepfake/image/fake\cifake_fake_01936.jpg,1,cifake
data/deepfake/image/fake\cifake_fake_01937.jpg,1,cifake
data/deepfake/image/fake\cifake_fake_01938.jpg,1,cifake
data/deepfake/image/fake\cifake_fake_01939.jpg,1,cifake
data/deepfake/image/fake\cifake_fake_01940.jpg,1,cifake
data/deepfake/image/fake\cifake_fake_01941.jpg,1,cifake
data/deepfake/image/fake\cifake_fake_01942.jpg,1,cifake
data/deepfake/image/fake\cifake_fake_01943.jpg,1,cifake
data/deepfake/image/fake\cifake_fake_01944.jpg,1,cifake
data/deepfake/image/fake\cifake_fake_01945.jpg,1,cifake
data/deepfake/image/fake\cifake_fake_01946.jpg,1,cifake
data/deepfake/image/fake\cifake_fake_01947.jpg,1,cifake
data/deepfake/image/fake\cifake_fake_01948.jpg,1,cifake
data/deepfake/image/fake\cifake_fake_01949.jpg,1,cifake
data/deepfake/image/fake\cifake_fake_01950.jpg,1,cifake
data/deepfake/image/fake\cifake_fake_01951.jpg,1,cifake
data/deepfake/image/fake\cifake_fake_01952.jpg,1,cifake
data/deepfake/image/fake\cifake_fake_01953.jpg,1,cifake
data/deepfake/image/fake\cifake_fake_01954.jpg,1,cifake
data/deepfake/image/fake\cifake_fake_01955.jpg,1,cifake
data/deepfake/image/fake\cifake_fake_01956.jpg,1,cifake
data/deepfake/image/fake\cifake_fake_01957.jpg,1,cifake
data/deepfake/image/fake\cifake_fake_01958.jpg,1,cifake
data/deepfake/image/fake\cifake_fake_01959.jpg,1,cifake
data/deepfake/image/fake\cifake_fake_01960.jpg,1,cifake
data/deepfake/image/fake\cifake_fake_01961.jpg,1,cifake
data/deepfake/image/fake\cifake_fake_01962.jpg,1,cifake
data/deepfake/image/fake\cifake_fake_01963.jpg,1,cifake
data/deepfake/image/fake\cifake_fake_01964.jpg,1,cifake
data/deepfake/image/fake\cifake_fake_01965.jpg,1,cifake
data/deepfake/image/fake\cifake_fake_01966.jpg,1,cifake
data/deepfake/image/fake\cifake_fake_01967.jpg,1,cifake
data/deepfake/image/fake\cifake_fake_01968.jpg,1,cifake
data/deepfake/image/fake\cifake_fake_01969.jpg,1,cifake
data/deepfake/image/fake\cifake_fake_01970.jpg,1,cifake
data/deepfake/image/fake\cifake_fake_01971.jpg,1,cifake
data/deepfake/image/fake\cifake_fake_01972.jpg,1,cifake
data/deepfake/image/fake\cifake_fake_01973.jpg,1,cifake
data/deepfake/image/fake\cifake_fake_01974.jpg,1,cifake
data/deepfake/image/fake\cifake_fake_01975.jpg,1,cifake
data/deepfake/image/fake\cifake_fake_01976.jpg,1,cifake
data/deepfake/image/fake\cifake_fake_01977.jpg,1,cifake
data/deepfake/image/fake\cifake_fake_01978.jpg,1,cifake
data/deepfake/image/fake\cifake_fake_01979.jpg,1,cifake
data/deepfake/image/fake\cifake_fake_01980.jpg,1,cifake
data/deepfake/image/fake\cifake_fake_01981.jpg,1,cifake
data/deepfake/image/fake\cifake_fake_01982.jpg,1,cifake
data/deepfake/image/fake\cifake_fake_01983.jpg,1,cifake
data/deepfake/image/fake\cifake_fake_01984.jpg,1,cifake
data/deepfake/image/fake\cifake_fake_01985.jpg,1,cifake
data/deepfake/image/fake\cifake_fake_01986.jpg,1,cifake
data/deepfake/image/fake\cifake_fake_01987.jpg,1,cifake
data/deepfake/image/fake\cifake_fake_01988.jpg,1,cifake
data/deepfake/image/fake\cifake_fake_01989.jpg,1,cifake
data/deepfake/image/fake\cifake_fake_01990.jpg,1,cifake
data/deepfake/image/fake\cifake_fake_01991.jpg,1,cifake
data/deepfake/image/fake\cifake_fake_01992.jpg,1,cifake
data/deepfake/image/fake\cifake_fake_01993.jpg,1,cifake
data/deepfake/image/fake\cifake_fake_01994.jpg,1,cifake
data/deepfake/image/fake\cifake_fake_01995.jpg,1,cifake
data/deepfake/image/fake\cifake_fake_01996.jpg,1,cifake
data/deepfake/image/fake\cifake_fake_01997.jpg,1,cifake
data/deepfake/image/fake\cifake_fake_01998.jpg,1,cifake
data/deepfake/image/fake\cifake_fake_01999.jpg,1,cifake
data/deepfake/image/fake\cifake_fake_02000.jpg,1,cifake
data/deepfake/image/fake\cifake_fake_02001.jpg,1,cifake
data/deepfake/image/fake\cifake_fake_02002.jpg,1,cifake
data/deepfake/image/fake\cifake_fake_02003.jpg,1,cifake
data/deepfake/image/fake\cifake_fake_02004.jpg,1,cifake
data/deepfake/image/fake\cifake_fake_02005.jpg,1,cifake
data/deepfake/image/fake\cifake_fake_02006.jpg,1,cifake
data/deepfake/image/fake\cifake_fake_02007.jpg,1,cifake
data/deepfake/image/fake\cifake_fake_02008.jpg,1,cifake
data/deepfake/image/fake\cifake_fake_02009.jpg,1,cifake
data/deepfake/image/fake\cifake_fake_02010.jpg,1,cifake
data/deepfake/image/fake\cifake_fake_02011.jpg,1,cifake
data/deepfake/image/fake\cifake_fake_02012.jpg,1,cifake
data/deepfake/image/fake\cifake_fake_02013.jpg,1,cifake
data/deepfake/image/fake\cifake_fake_02014.jpg,1,cifake
data/deepfake/image/fake\cifake_fake_02015.jpg,1,cifake
data/deepfake/image/fake\cifake_fake_02016.jpg,1,cifake
data/deepfake/image/fake\cifake_fake_02017.jpg,1,cifake
data/deepfake/image/fake\cifake_fake_02018.jpg,1,cifake
data/deepfake/image/fake\cifake_fake_02019.jpg,1,cifake
data/deepfake/image/fake\cifake_fake_02020.jpg,1,cifake
data/deepfake/image/fake\cifake_fake_02021.jpg,1,cifake
data/deepfake/image/fake\cifake_fake_02022.jpg,1,cifake
data/deepfake/image/fake\cifake_fake_02023.jpg,1,cifake
data/deepfake/image/fake\cifake_fake_02024.jpg,1,cifake
data/deepfake/image/fake\cifake_fake_02025.jpg,1,cifake
data/deepfake/image/fake\cifake_fake_02026.jpg,1,cifake
data/deepfake/image/fake\cifake_fake_02027.jpg,1,cifake
data/deepfake/image/fake\cifake_fake_02028.jpg,1,cifake
data/deepfake/image/fake\cifake_fake_02029.jpg,1,cifake
data/deepfake/image/fake\cifake_fake_02030.jpg,1,cifake
data/deepfake/image/fake\cifake_fake_02031.jpg,1,cifake
data/deepfake/image/fake\cifake_fake_02032.jpg,1,cifake
data/deepfake/image/fake\cifake_fake_02033.jpg,1,cifake
data/deepfake/image/fake\cifake_fake_02034.jpg,1,cifake
data/deepfake/image/fake\cifake_fake_02035.jpg,1,cifake
data/deepfake/image/fake\cifake_fake_02036.jpg,1,cifake
data/deepfake/image/fake\cifake_fake_02037.jpg,1,cifake
data/deepfake/image/fake\cifake_fake_02038.jpg,1,cifake
data/deepfake/image/fake\cifake_fake_02039.jpg,1,cifake
data/deepfake/image/fake\cifake_fake_02040.jpg,1,cifake
data/deepfake/image/fake\cifake_fake_02041.jpg,1,cifake
data/deepfake/image/fake\cifake_fake_02042.jpg,1,cifake
data/deepfake/image/fake\cifake_fake_02043.jpg,1,cifake
data/deepfake/image/fake\cifake_fake_02044.jpg,1,cifake
data/deepfake/image/fake\cifake_fake_02045.jpg,1,cifake
data/deepfake/image/fake\cifake_fake_02046.jpg,1,cifake
data/deepfake/image/fake\cifake_fake_02047.jpg,1,cifake
data/deepfake/image/fake\cifake_fake_02048.jpg,1,cifake
data/deepfake/image/fake\cifake_fake_02049.jpg,1,cifake
data/deepfake/image/fake\cifake_fake_02050.jpg,1,cifake
data/deepfake/image/fake\cifake_fake_02051.jpg,1,cifake
data/deepfake/image/fake\cifake_fake_02052.jpg,1,cifake
data/deepfake/image/fake\cifake_fake_02053.jpg,1,cifake
data/deepfake/image/fake\cifake_fake_02054.jpg,1,cifake
data/deepfake/image/fake\cifake_fake_02055.jpg,1,cifake
data/deepfake/image/fake\cifake_fake_02056.jpg,1,cifake
data/deepfake/image/fake\cifake_fake_02057.jpg,1,cifake
data/deepfake/image/fake\cifake_fake_02058.jpg,1,cifake
data/deepfake/image/fake\cifake_fake_02059.jpg,1,cifake
data/deepfake/image/fake\cifake_fake_02060.jpg,1,cifake
data/deepfake/image/fake\cifake_fake_02061.jpg,1,cifake
data/deepfake/image/fake\cifake_fake_02062.jpg,1,cifake
data/deepfake/image/fake\cifake_fake_02063.jpg,1,cifake
data/deepfake/image/fake\cifake_fake_02064.jpg,1,cifake
data/deepfake/image/fake\cifake_fake_02065.jpg,1,cifake
data/deepfake/image/fake\cifake_fake_02066.jpg,1,cifake
data/deepfake/image/fake\cifake_fake_02067.jpg,1,cifake
data/deepfake/image/fake\cifake_fake_02068.jpg,1,cifake
data/deepfake/image/fake\cifake_fake_02069.jpg,1,cifake
data/deepfake/image/fake\cifake_fake_02070.jpg,1,cifake
data/deepfake/image/fake\cifake_fake_02071.jpg,1,cifake
data/deepfake/image/fake\cifake_fake_02072.jpg,1,cifake
data/deepfake/image/fake\cifake_fake_02073.jpg,1,cifake
data/deepfake/image/fake\cifake_fake_02074.jpg,1,cifake
data/deepfake/image/fake\cifake_fake_02075.jpg,1,cifake
data/deepfake/image/fake\cifake_fake_02076.jpg,1,cifake
data/deepfake/image/fake\cifake_fake_02077.jpg,1,cifake
data/deepfake/image/fake\cifake_fake_02078.jpg,1,cifake
data/deepfake/image/fake\cifake_fake_02079.jpg,1,cifake
data/deepfake/image/fake\cifake_fake_02080.jpg,1,cifake
data/deepfake/image/fake\cifake_fake_02081.jpg,1,cifake
data/deepfake/image/fake\cifake_fake_02082.jpg,1,cifake
data/deepfake/image/fake\cifake_fake_02083.jpg,1,cifake
data/deepfake/image/fake\cifake_fake_02084.jpg,1,cifake
data/deepfake/image/fake\cifake_fake_02085.jpg,1,cifake
data/deepfake/image/fake\cifake_fake_02086.jpg,1,cifake
data/deepfake/image/fake\cifake_fake_02087.jpg,1,cifake
data/deepfake/image/fake\cifake_fake_02088.jpg,1,cifake
data/deepfake/image/fake\cifake_fake_02089.jpg,1,cifake
data/deepfake/image/fake\cifake_fake_02090.jpg,1,cifake
data/deepfake/image/fake\cifake_fake_02091.jpg,1,cifake
data/deepfake/image/fake\cifake_fake_02092.jpg,1,cifake
data/deepfake/image/fake\cifake_fake_02093.jpg,1,cifake
data/deepfake/image/fake\cifake_fake_02094.jpg,1,cifake
data/deepfake/image/fake\cifake_fake_02095.jpg,1,cifake
data/deepfake/image/fake\cifake_fake_02096.jpg,1,cifake
data/deepfake/image/fake\cifake_fake_02097.jpg,1,cifake
data/deepfake/image/fake\cifake_fake_02098.jpg,1,cifake
data/deepfake/image/fake\cifake_fake_02099.jpg,1,cifake
data/deepfake/image/fake\cifake_fake_02100.jpg,1,cifake
data/deepfake/image/fake\cifake_fake_02101.jpg,1,cifake
data/deepfake/image/fake\cifake_fake_02102.jpg,1,cifake
data/deepfake/image/fake\cifake_fake_02103.jpg,1,cifake
data/deepfake/image/fake\cifake_fake_02104.jpg,1,cifake
data/deepfake/image/fake\cifake_fake_02105.jpg,1,cifake
data/deepfake/image/fake\cifake_fake_02106.jpg,1,cifake
data/deepfake/image/fake\cifake_fake_02107.jpg,1,cifake
data/deepfake/image/fake\cifake_fake_02108.jpg,1,cifake
data/deepfake/image/fake\cifake_fake_02109.jpg,1,cifake
data/deepfake/image/fake\cifake_fake_02110.jpg,1,cifake
data/deepfake/image/fake\cifake_fake_02111.jpg,1,cifake
data/deepfake/image/fake\cifake_fake_02112.jpg,1,cifake
data/deepfake/image/fake\cifake_fake_02113.jpg,1,cifake
data/deepfake/image/fake\cifake_fake_02114.jpg,1,cifake
data/deepfake/image/fake\cifake_fake_02115.jpg,1,cifake
data/deepfake/image/fake\cifake_fake_02116.jpg,1,cifake
data/deepfake/image/fake\cifake_fake_02117.jpg,1,cifake
data/deepfake/image/fake\cifake_fake_02118.jpg,1,cifake
data/deepfake/image/fake\cifake_fake_02119.jpg,1,cifake
data/deepfake/image/fake\cifake_fake_02120.jpg,1,cifake
data/deepfake/image/fake\cifake_fake_02121.jpg,1,cifake
data/deepfake/image/fake\cifake_fake_02122.jpg,1,cifake
data/deepfake/image/fake\cifake_fake_02123.jpg,1,cifake
data/deepfake/image/fake\cifake_fake_02124.jpg,1,cifake
data/deepfake/image/fake\cifake_fake_02125.jpg,1,cifake
data/deepfake/image/fake\cifake_fake_02126.jpg,1,cifake
data/deepfake/image/fake\cifake_fake_02127.jpg,1,cifake
data/deepfake/image/fake\cifake_fake_02128.jpg,1,cifake
data/deepfake/image/fake\cifake_fake_02129.jpg,1,cifake
data/deepfake/image/fake\cifake_fake_02130.jpg,1,cifake
data/deepfake/image/fake\cifake_fake_02131.jpg,1,cifake
data/deepfake/image/fake\cifake_fake_02132.jpg,1,cifake
data/deepfake/image/fake\cifake_fake_02133.jpg,1,cifake
data/deepfake/image/fake\cifake_fake_02134.jpg,1,cifake
data/deepfake/image/fake\cifake_fake_02135.jpg,1,cifake
data/deepfake/image/fake\cifake_fake_02136.jpg,1,cifake
data/deepfake/image/fake\cifake_fake_02137.jpg,1,cifake
data/deepfake/image/fake\cifake_fake_02138.jpg,1,cifake
data/deepfake/image/fake\cifake_fake_02139.jpg,1,cifake
data/deepfake/image/fake\cifake_fake_02140.jpg,1,cifake
data/deepfake/image/fake\cifake_fake_02141.jpg,1,cifake
data/deepfake/image/fake\cifake_fake_02142.jpg,1,cifake
data/deepfake/image/fake\cifake_fake_02143.jpg,1,cifake
data/deepfake/image/fake\cifake_fake_02144.jpg,1,cifake
data/deepfake/image/fake\cifake_fake_02145.jpg,1,cifake
data/deepfake/image/fake\cifake_fake_02146.jpg,1,cifake
data/deepfake/image/fake\cifake_fake_02147.jpg,1,cifake
data/deepfake/image/fake\cifake_fake_02148.jpg,1,cifake
data/deepfake/image/fake\cifake_fake_02149.jpg,1,cifake
data/deepfake/image/fake\cifake_fake_02150.jpg,1,cifake
data/deepfake/image/fake\cifake_fake_02151.jpg,1,cifake
data/deepfake/image/fake\cifake_fake_02152.jpg,1,cifake
data/deepfake/image/fake\cifake_fake_02153.jpg,1,cifake
data/deepfake/image/fake\cifake_fake_02154.jpg,1,cifake
data/deepfake/image/fake\cifake_fake_02155.jpg,1,cifake
data/deepfake/image/fake\cifake_fake_02156.jpg,1,cifake
data/deepfake/image/fake\cifake_fake_02157.jpg,1,cifake
data/deepfake/image/fake\cifake_fake_02158.jpg,1,cifake
data/deepfake/image/fake\cifake_fake_02159.jpg,1,cifake
data/deepfake/image/fake\cifake_fake_02160.jpg,1,cifake
data/deepfake/image/fake\cifake_fake_02161.jpg,1,cifake
data/deepfake/image/fake\cifake_fake_02162.jpg,1,cifake
data/deepfake/image/fake\cifake_fake_02163.jpg,1,cifake
data/deepfake/image/fake\cifake_fake_02164.jpg,1,cifake
data/deepfake/image/fake\cifake_fake_02165.jpg,1,cifake
data/deepfake/image/fake\cifake_fake_02166.jpg,1,cifake
data/deepfake/image/fake\cifake_fake_02167.jpg,1,cifake
data/deepfake/image/fake\cifake_fake_02168.jpg,1,cifake
data/deepfake/image/fake\cifake_fake_02169.jpg,1,cifake
data/deepfake/image/fake\cifake_fake_02170.jpg,1,cifake
data/deepfake/image/fake\cifake_fake_02171.jpg,1,cifake
data/deepfake/image/fake\cifake_fake_02172.jpg,1,cifake
data/deepfake/image/fake\cifake_fake_02173.jpg,1,cifake
data/deepfake/image/fake\cifake_fake_02174.jpg,1,cifake
data/deepfake/image/fake\cifake_fake_02175.jpg,1,cifake
data/deepfake/image/fake\cifake_fake_02176.jpg,1,cifake
data/deepfake/image/fake\cifake_fake_02177.jpg,1,cifake
data/deepfake/image/fake\cifake_fake_02178.jpg,1,cifake
data/deepfake/image/fake\cifake_fake_02179.jpg,1,cifake
data/deepfake/image/fake\cifake_fake_02180.jpg,1,cifake
data/deepfake/image/fake\cifake_fake_02181.jpg,1,cifake
data/deepfake/image/fake\cifake_fake_02182.jpg,1,cifake
data/deepfake/image/fake\cifake_fake_02183.jpg,1,cifake
data/deepfake/image/fake\cifake_fake_02184.jpg,1,cifake
data/deepfake/image/fake\cifake_fake_02185.jpg,1,cifake
data/deepfake/image/fake\cifake_fake_02186.jpg,1,cifake
data/deepfake/image/fake\cifake_fake_02187.jpg,1,cifake
data/deepfake/image/fake\cifake_fake_02188.jpg,1,cifake
data/deepfake/image/fake\cifake_fake_02189.jpg,1,cifake
data/deepfake/image/fake\cifake_fake_02190.jpg,1,cifake
data/deepfake/image/fake\cifake_fake_02191.jpg,1,cifake
data/deepfake/image/fake\cifake_fake_02192.jpg,1,cifake
data/deepfake/image/fake\cifake_fake_02193.jpg,1,cifake
data/deepfake/image/fake\cifake_fake_02194.jpg,1,cifake
data/deepfake/image/fake\cifake_fake_02195.jpg,1,cifake
data/deepfake/image/fake\cifake_fake_02196.jpg,1,cifake
data/deepfake/image/fake\cifake_fake_02197.jpg,1,cifake
data/deepfake/image/fake\cifake_fake_02198.jpg,1,cifake
data/deepfake/image/fake\cifake_fake_02199.jpg,1,cifake
data/deepfake/image/fake\cifake_fake_02200.jpg,1,cifake
data/deepfake/image/fake\cifake_fake_02201.jpg,1,cifake
data/deepfake/image/fake\cifake_fake_02202.jpg,1,cifake
data/deepfake/image/fake\cifake_fake_02203.jpg,1,cifake
data/deepfake/image/fake\cifake_fake_02204.jpg,1,cifake
data/deepfake/image/fake\cifake_fake_02205.jpg,1,cifake
data/deepfake/image/fake\cifake_fake_02206.jpg,1,cifake
data/deepfake/image/fake\cifake_fake_02207.jpg,1,cifake
data/deepfake/image/fake\cifake_fake_02208.jpg,1,cifake
data/deepfake/image/fake\cifake_fake_02209.jpg,1,cifake
data/deepfake/image/fake\cifake_fake_02210.jpg,1,cifake
data/deepfake/image/fake\cifake_fake_02211.jpg,1,cifake
data/deepfake/image/fake\cifake_fake_02212.jpg,1,cifake
data/deepfake/image/fake\cifake_fake_02213.jpg,1,cifake
data/deepfake/image/fake\cifake_fake_02214.jpg,1,cifake
data/deepfake/image/fake\cifake_fake_02215.jpg,1,cifake
data/deepfake/image/fake\cifake_fake_02216.jpg,1,cifake
data/deepfake/image/fake\cifake_fake_02217.jpg,1,cifake
data/deepfake/image/fake\cifake_fake_02218.jpg,1,cifake
data/deepfake/image/fake\cifake_fake_02219.jpg,1,cifake
data/deepfake/image/fake\cifake_fake_02220.jpg,1,cifake
data/deepfake/image/fake\cifake_fake_02221.jpg,1,cifake
data/deepfake/image/fake\cifake_fake_02222.jpg,1,cifake
data/deepfake/image/fake\cifake_fake_02223.jpg,1,cifake
data/deepfake/image/fake\cifake_fake_02224.jpg,1,cifake
data/deepfake/image/fake\cifake_fake_02225.jpg,1,cifake
data/deepfake/image/fake\cifake_fake_02226.jpg,1,cifake
data/deepfake/image/fake\cifake_fake_02227.jpg,1,cifake
data/deepfake/image/fake\cifake_fake_02228.jpg,1,cifake
data/deepfake/image/fake\cifake_fake_02229.jpg,1,cifake
data/deepfake/image/fake\cifake_fake_02230.jpg,1,cifake
data/deepfake/image/fake\cifake_fake_02231.jpg,1,cifake
data/deepfake/image/fake\cifake_fake_02232.jpg,1,cifake
data/deepfake/image/fake\cifake_fake_02233.jpg,1,cifake
data/deepfake/image/fake\cifake_fake_02234.jpg,1,cifake
data/deepfake/image/fake\cifake_fake_02235.jpg,1,cifake
data/deepfake/image/fake\cifake_fake_02236.jpg,1,cifake
data/deepfake/image/fake\cifake_fake_02237.jpg,1,cifake
data/deepfake/image/fake\cifake_fake_02238.jpg,1,cifake
data/deepfake/image/fake\cifake_fake_02239.jpg,1,cifake
data/deepfake/image/fake\cifake_fake_02240.jpg,1,cifake
data/deepfake/image/fake\cifake_fake_02241.jpg,1,cifake
data/deepfake/image/fake\cifake_fake_02242.jpg,1,cifake
data/deepfake/image/fake\cifake_fake_02243.jpg,1,cifake
data/deepfake/image/fake\cifake_fake_02244.jpg,1,cifake
data/deepfake/image/fake\cifake_fake_02245.jpg,1,cifake
data/deepfake/image/fake\cifake_fake_02246.jpg,1,cifake
data/deepfake/image/fake\cifake_fake_02247.jpg,1,cifake
data/deepfake/image/fake\cifake_fake_02248.jpg,1,cifake
data/deepfake/image/fake\cifake_fake_02249.jpg,1,cifake
data/deepfake/image/fake\cifake_fake_02250.jpg,1,cifake
data/deepfake/image/fake\cifake_fake_02251.jpg,1,cifake
data/deepfake/image/fake\cifake_fake_02252.jpg,1,cifake
data/deepfake/image/fake\cifake_fake_02253.jpg,1,cifake
data/deepfake/image/fake\cifake_fake_02254.jpg,1,cifake
data/deepfake/image/fake\cifake_fake_02255.jpg,1,cifake
data/deepfake/image/fake\cifake_fake_02256.jpg,1,cifake
data/deepfake/image/fake\cifake_fake_02257.jpg,1,cifake
data/deepfake/image/fake\cifake_fake_02258.jpg,1,cifake
data/deepfake/image/fake\cifake_fake_02259.jpg,1,cifake
data/deepfake/image/fake\cifake_fake_02260.jpg,1,cifake
data/deepfake/image/fake\cifake_fake_02261.jpg,1,cifake
data/deepfake/image/fake\cifake_fake_02262.jpg,1,cifake
data/deepfake/image/fake\cifake_fake_02263.jpg,1,cifake
data/deepfake/image/fake\cifake_fake_02264.jpg,1,cifake
data/deepfake/image/fake\cifake_fake_02265.jpg,1,cifake
data/deepfake/image/fake\cifake_fake_02266.jpg,1,cifake
data/deepfake/image/fake\cifake_fake_02267.jpg,1,cifake
data/deepfake/image/fake\cifake_fake_02268.jpg,1,cifake
data/deepfake/image/fake\cifake_fake_02269.jpg,1,cifake
data/deepfake/image/fake\cifake_fake_02270.jpg,1,cifake
data/deepfake/image/fake\cifake_fake_02271.jpg,1,cifake
data/deepfake/image/fake\cifake_fake_02272.jpg,1,cifake
data/deepfake/image/fake\cifake_fake_02273.jpg,1,cifake
data/deepfake/image/fake\cifake_fake_02274.jpg,1,cifake
data/deepfake/image/fake\cifake_fake_02275.jpg,1,cifake
data/deepfake/image/fake\cifake_fake_02276.jpg,1,cifake
data/deepfake/image/fake\cifake_fake_02277.jpg,1,cifake
data/deepfake/image/fake\cifake_fake_02278.jpg,1,cifake
data/deepfake/image/fake\cifake_fake_02279.jpg,1,cifake
data/deepfake/image/fake\cifake_fake_02280.jpg,1,cifake
data/deepfake/image/fake\cifake_fake_02281.jpg,1,cifake
data/deepfake/image/fake\cifake_fake_02282.jpg,1,cifake
data/deepfake/image/fake\cifake_fake_02283.jpg,1,cifake
data/deepfake/image/fake\cifake_fake_02284.jpg,1,cifake
data/deepfake/image/fake\cifake_fake_02285.jpg,1,cifake
data/deepfake/image/fake\cifake_fake_02286.jpg,1,cifake
data/deepfake/image/fake\cifake_fake_02287.jpg,1,cifake
data/deepfake/image/fake\cifake_fake_02288.jpg,1,cifake
data/deepfake/image/fake\cifake_fake_02289.jpg,1,cifake
data/deepfake/image/fake\cifake_fake_02290.jpg,1,cifake
data/deepfake/image/fake\cifake_fake_02291.jpg,1,cifake
data/deepfake/image/fake\cifake_fake_02292.jpg,1,cifake
data/deepfake/image/fake\cifake_fake_02293.jpg,1,cifake
data/deepfake/image/fake\cifake_fake_02294.jpg,1,cifake
data/deepfake/image/fake\cifake_fake_02295.jpg,1,cifake
data/deepfake/image/fake\cifake_fake_02296.jpg,1,cifake
data/deepfake/image/fake\cifake_fake_02297.jpg,1,cifake
data/deepfake/image/fake\cifake_fake_02298.jpg,1,cifake
data/deepfake/image/fake\cifake_fake_02299.jpg,1,cifake
data/deepfake/image/fake\cifake_fake_02300.jpg,1,cifake
data/deepfake/image/fake\cifake_fake_02301.jpg,1,cifake
data/deepfake/image/fake\cifake_fake_02302.jpg,1,cifake
data/deepfake/image/fake\cifake_fake_02303.jpg,1,cifake
data/deepfake/image/fake\cifake_fake_02304.jpg,1,cifake
data/deepfake/image/fake\cifake_fake_02305.jpg,1,cifake
data/deepfake/image/fake\cifake_fake_02306.jpg,1,cifake
data/deepfake/image/fake\cifake_fake_02307.jpg,1,cifake
data/deepfake/image/fake\cifake_fake_02308.jpg,1,cifake
data/deepfake/image/fake\cifake_fake_02309.jpg,1,cifake
data/deepfake/image/fake\cifake_fake_02310.jpg,1,cifake
data/deepfake/image/fake\cifake_fake_02311.jpg,1,cifake
data/deepfake/image/fake\cifake_fake_02312.jpg,1,cifake
data/deepfake/image/fake\cifake_fake_02313.jpg,1,cifake
data/deepfake/image/fake\cifake_fake_02314.jpg,1,cifake
data/deepfake/image/fake\cifake_fake_02315.jpg,1,cifake
data/deepfake/image/fake\cifake_fake_02316.jpg,1,cifake
data/deepfake/image/fake\cifake_fake_02317.jpg,1,cifake
data/deepfake/image/fake\cifake_fake_02318.jpg,1,cifake
data/deepfake/image/fake\cifake_fake_02319.jpg,1,cifake
data/deepfake/image/fake\cifake_fake_02320.jpg,1,cifake
data/deepfake/image/fake\cifake_fake_02321.jpg,1,cifake
data/deepfake/image/fake\cifake_fake_02322.jpg,1,cifake
data/deepfake/image/fake\cifake_fake_02323.jpg,1,cifake
data/deepfake/image/fake\cifake_fake_02324.jpg,1,cifake
data/deepfake/image/fake\cifake_fake_02325.jpg,1,cifake
data/deepfake/image/fake\cifake_fake_02326.jpg,1,cifake
data/deepfake/image/fake\cifake_fake_02327.jpg,1,cifake
data/deepfake/image/fake\cifake_fake_02328.jpg,1,cifake
data/deepfake/image/fake\cifake_fake_02329.jpg,1,cifake
data/deepfake/image/fake\cifake_fake_02330.jpg,1,cifake
data/deepfake/image/fake\cifake_fake_02331.jpg,1,cifake
data/deepfake/image/fake\cifake_fake_02332.jpg,1,cifake
data/deepfake/image/fake\cifake_fake_02333.jpg,1,cifake
data/deepfake/image/fake\cifake_fake_02334.jpg,1,cifake
data/deepfake/image/fake\cifake_fake_02335.jpg,1,cifake
data/deepfake/image/fake\cifake_fake_02336.jpg,1,cifake
data/deepfake/image/fake\cifake_fake_02337.jpg,1,cifake
data/deepfake/image/fake\cifake_fake_02338.jpg,1,cifake
data/deepfake/image/fake\cifake_fake_02339.jpg,1,cifake
data/deepfake/image/fake\cifake_fake_02340.jpg,1,cifake
data/deepfake/image/fake\cifake_fake_02341.jpg,1,cifake
data/deepfake/image/fake\cifake_fake_02342.jpg,1,cifake
data/deepfake/image/fake\cifake_fake_02343.jpg,1,cifake
data/deepfake/image/fake\cifake_fake_02344.jpg,1,cifake
data/deepfake/image/fake\cifake_fake_02345.jpg,1,cifake
data/deepfake/image/fake\cifake_fake_02346.jpg,1,cifake
data/deepfake/image/fake\cifake_fake_02347.jpg,1,cifake
data/deepfake/image/fake\cifake_fake_02348.jpg,1,cifake
data/deepfake/image/fake\cifake_fake_02349.jpg,1,cifake
data/deepfake/image/fake\cifake_fake_02350.jpg,1,cifake
data/deepfake/image/fake\cifake_fake_02351.jpg,1,cifake
data/deepfake/image/fake\cifake_fake_02352.jpg,1,cifake
data/deepfake/image/fake\cifake_fake_02353.jpg,1,cifake
data/deepfake/image/fake\cifake_fake_02354.jpg,1,cifake
data/deepfake/image/fake\cifake_fake_02355.jpg,1,cifake
data/deepfake/image/fake\cifake_fake_02356.jpg,1,cifake
data/deepfake/image/fake\cifake_fake_02357.jpg,1,cifake
data/deepfake/image/fake\cifake_fake_02358.jpg,1,cifake
data/deepfake/image/fake\cifake_fake_02359.jpg,1,cifake
data/deepfake/image/fake\cifake_fake_02360.jpg,1,cifake
data/deepfake/image/fake\cifake_fake_02361.jpg,1,cifake
data/deepfake/image/fake\cifake_fake_02362.jpg,1,cifake
data/deepfake/image/fake\cifake_fake_02363.jpg,1,cifake
data/deepfake/image/fake\cifake_fake_02364.jpg,1,cifake
data/deepfake/image/fake\cifake_fake_02365.jpg,1,cifake
data/deepfake/image/fake\cifake_fake_02366.jpg,1,cifake
data/deepfake/image/fake\cifake_fake_02367.jpg,1,cifake
data/deepfake/image/fake\cifake_fake_02368.jpg,1,cifake
data/deepfake/image/fake\cifake_fake_02369.jpg,1,cifake
data/deepfake/image/fake\cifake_fake_02370.jpg,1,cifake
data/deepfake/image/fake\cifake_fake_02371.jpg,1,cifake
data/deepfake/image/fake\cifake_fake_02372.jpg,1,cifake
data/deepfake/image/fake\cifake_fake_02373.jpg,1,cifake
data/deepfake/image/fake\cifake_fake_02374.jpg,1,cifake
data/deepfake/image/fake\cifake_fake_02375.jpg,1,cifake
data/deepfake/image/fake\cifake_fake_02376.jpg,1,cifake
data/deepfake/image/fake\cifake_fake_02377.jpg,1,cifake
data/deepfake/image/fake\cifake_fake_02378.jpg,1,cifake
data/deepfake/image/fake\cifake_fake_02379.jpg,1,cifake
data/deepfake/image/fake\cifake_fake_02380.jpg,1,cifake
data/deepfake/image/fake\cifake_fake_02381.jpg,1,cifake
data/deepfake/image/fake\cifake_fake_02382.jpg,1,cifake
data/deepfake/image/fake\cifake_fake_02383.jpg,1,cifake
data/deepfake/image/fake\cifake_fake_02384.jpg,1,cifake
data/deepfake/image/fake\cifake_fake_02385.jpg,1,cifake
data/deepfake/image/fake\cifake_fake_02386.jpg,1,cifake
data/deepfake/image/fake\cifake_fake_02387.jpg,1,cifake
data/deepfake/image/fake\cifake_fake_02388.jpg,1,cifake
data/deepfake/image/fake\cifake_fake_02389.jpg,1,cifake
data/deepfake/image/fake\cifake_fake_02390.jpg,1,cifake
data/deepfake/image/fake\cifake_fake_02391.jpg,1,cifake
data/deepfake/image/fake\cifake_fake_02392.jpg,1,cifake
data/deepfake/image/fake\cifake_fake_02393.jpg,1,cifake
data/deepfake/image/fake\cifake_fake_02394.jpg,1,cifake
data/deepfake/image/fake\cifake_fake_02395.jpg,1,cifake
data/deepfake/image/fake\cifake_fake_02396.jpg,1,cifake
data/deepfake/image/fake\cifake_fake_02397.jpg,1,cifake
data/deepfake/image/fake\cifake_fake_02398.jpg,1,cifake
data/deepfake/image/fake\cifake_fake_02399.jpg,1,cifake
data/deepfake/image/fake\cifake_fake_02400.jpg,1,cifake
data/deepfake/image/fake\cifake_fake_02401.jpg,1,cifake
data/deepfake/image/fake\cifake_fake_02402.jpg,1,cifake
data/deepfake/image/fake\cifake_fake_02403.jpg,1,cifake
data/deepfake/image/fake\cifake_fake_02404.jpg,1,cifake
data/deepfake/image/fake\cifake_fake_02405.jpg,1,cifake
data/deepfake/image/fake\cifake_fake_02406.jpg,1,cifake
data/deepfake/image/fake\cifake_fake_02407.jpg,1,cifake
data/deepfake/image/fake\cifake_fake_02408.jpg,1,cifake
data/deepfake/image/fake\cifake_fake_02409.jpg,1,cifake
data/deepfake/image/fake\cifake_fake_02410.jpg,1,cifake
data/deepfake/image/fake\cifake_fake_02411.jpg,1,cifake
data/deepfake/image/fake\cifake_fake_02412.jpg,1,cifake
data/deepfake/image/fake\cifake_fake_02413.jpg,1,cifake
data/deepfake/image/fake\cifake_fake_02414.jpg,1,cifake
data/deepfake/image/fake\cifake_fake_02415.jpg,1,cifake
data/deepfake/image/fake\cifake_fake_02416.jpg,1,cifake
data/deepfake/image/fake\cifake_fake_02417.jpg,1,cifake
data/deepfake/image/fake\cifake_fake_02418.jpg,1,cifake
data/deepfake/image/fake\cifake_fake_02419.jpg,1,cifake
data/deepfake/image/fake\cifake_fake_02420.jpg,1,cifake
data/deepfake/image/fake\cifake_fake_02421.jpg,1,cifake
data/deepfake/image/fake\cifake_fake_02422.jpg,1,cifake
data/deepfake/image/fake\cifake_fake_02423.jpg,1,cifake
data/deepfake/image/fake\cifake_fake_02424.jpg,1,cifake
data/deepfake/image/fake\cifake_fake_02425.jpg,1,cifake
data/deepfake/image/fake\cifake_fake_02426.jpg,1,cifake
data/deepfake/image/fake\cifake_fake_02427.jpg,1,cifake
data/deepfake/image/fake\cifake_fake_02428.jpg,1,cifake
data/deepfake/image/fake\cifake_fake_02429.jpg,1,cifake
data/deepfake/image/fake\cifake_fake_02430.jpg,1,cifake
data/deepfake/image/fake\cifake_fake_02431.jpg,1,cifake
data/deepfake/image/fake\cifake_fake_02432.jpg,1,cifake
data/deepfake/image/fake\cifake_fake_02433.jpg,1,cifake
data/deepfake/image/fake\cifake_fake_02434.jpg,1,cifake
data/deepfake/image/fake\cifake_fake_02435.jpg,1,cifake
data/deepfake/image/fake\cifake_fake_02436.jpg,1,cifake
data/deepfake/image/fake\cifake_fake_02437.jpg,1,cifake
data/deepfake/image/fake\cifake_fake_02438.jpg,1,cifake
data/deepfake/image/fake\cifake_fake_02439.jpg,1,cifake
data/deepfake/image/fake\cifake_fake_02440.jpg,1,cifake
data/deepfake/image/fake\cifake_fake_02441.jpg,1,cifake
data/deepfake/image/fake\cifake_fake_02442.jpg,1,cifake
data/deepfake/image/fake\cifake_fake_02443.jpg,1,cifake
data/deepfake/image/fake\cifake_fake_02444.jpg,1,cifake
data/deepfake/image/fake\cifake_fake_02445.jpg,1,cifake
data/deepfake/image/fake\cifake_fake_02446.jpg,1,cifake
data/deepfake/image/fake\cifake_fake_02447.jpg,1,cifake
data/deepfake/image/fake\cifake_fake_02448.jpg,1,cifake
data/deepfake/image/fake\cifake_fake_02449.jpg,1,cifake
data/deepfake/image/fake\cifake_fake_02450.jpg,1,cifake
data/deepfake/image/fake\cifake_fake_02451.jpg,1,cifake
data/deepfake/image/fake\cifake_fake_02452.jpg,1,cifake
data/deepfake/image/fake\cifake_fake_02453.jpg,1,cifake
data/deepfake/image/fake\cifake_fake_02454.jpg,1,cifake
data/deepfake/image/fake\cifake_fake_02455.jpg,1,cifake
data/deepfake/image/fake\cifake_fake_02456.jpg,1,cifake
data/deepfake/image/fake\cifake_fake_02457.jpg,1,cifake
data/deepfake/image/fake\cifake_fake_02458.jpg,1,cifake
data/deepfake/image/fake\cifake_fake_02459.jpg,1,cifake
data/deepfake/image/fake\cifake_fake_02460.jpg,1,cifake
data/deepfake/image/fake\cifake_fake_02461.jpg,1,cifake
data/deepfake/image/fake\cifake_fake_02462.jpg,1,cifake
data/deepfake/image/fake\cifake_fake_02463.jpg,1,cifake
data/deepfake/image/fake\cifake_fake_02464.jpg,1,cifake
data/deepfake/image/fake\cifake_fake_02465.jpg,1,cifake
data/deepfake/image/fake\cifake_fake_02466.jpg,1,cifake
data/deepfake/image/fake\cifake_fake_02467.jpg,1,cifake
data/deepfake/image/fake\cifake_fake_02468.jpg,1,cifake
data/deepfake/image/fake\cifake_fake_02469.jpg,1,cifake
data/deepfake/image/fake\cifake_fake_02470.jpg,1,cifake
data/deepfake/image/fake\cifake_fake_02471.jpg,1,cifake
data/deepfake/image/fake\cifake_fake_02472.jpg,1,cifake
data/deepfake/image/fake\cifake_fake_02473.jpg,1,cifake
data/deepfake/image/fake\cifake_fake_02474.jpg,1,cifake
data/deepfake/image/fake\cifake_fake_02475.jpg,1,cifake
data/deepfake/image/fake\cifake_fake_02476.jpg,1,cifake
data/deepfake/image/fake\cifake_fake_02477.jpg,1,cifake
data/deepfake/image/fake\cifake_fake_02478.jpg,1,cifake
data/deepfake/image/fake\cifake_fake_02479.jpg,1,cifake
data/deepfake/image/fake\cifake_fake_02480.jpg,1,cifake
data/deepfake/image/fake\cifake_fake_02481.jpg,1,cifake
data/deepfake/image/fake\cifake_fake_02482.jpg,1,cifake
data/deepfake/image/fake\cifake_fake_02483.jpg,1,cifake
data/deepfake/image/fake\cifake_fake_02484.jpg,1,cifake
data/deepfake/image/fake\cifake_fake_02485.jpg,1,cifake
data/deepfake/image/fake\cifake_fake_02486.jpg,1,cifake
data/deepfake/image/fake\cifake_fake_02487.jpg,1,cifake
data/deepfake/image/fake\cifake_fake_02488.jpg,1,cifake
data/deepfake/image/fake\cifake_fake_02489.jpg,1,cifake
data/deepfake/image/fake\cifake_fake_02490.jpg,1,cifake
data/deepfake/image/fake\cifake_fake_02491.jpg,1,cifake
data/deepfake/image/fake\cifake_fake_02492.jpg,1,cifake
data/deepfake/image/fake\cifake_fake_02493.jpg,1,cifake
data/deepfake/image/fake\cifake_fake_02494.jpg,1,cifake
data/deepfake/image/fake\cifake_fake_02495.jpg,1,cifake
data/deepfake/image/fake\cifake_fake_02496.jpg,1,cifake
data/deepfake/image/fake\cifake_fake_02497.jpg,1,cifake
data/deepfake/image/fake\cifake_fake_02498.jpg,1,cifake
data/deepfake/image/fake\cifake_fake_02499.jpg,1,cifake
data/deepfake/image/fake\cifake_fake_02500.jpg,1,cifake
data/deepfake/image/fake\cifake_fake_02501.jpg,1,cifake
data/deepfake/image/fake\cifake_fake_02502.jpg,1,cifake
data/deepfake/image/fake\cifake_fake_02503.jpg,1,cifake
data/deepfake/image/fake\cifake_fake_02504.jpg,1,cifake
data/deepfake/image/fake\cifake_fake_02505.jpg,1,cifake
data/deepfake/image/fake\cifake_fake_02506.jpg,1,cifake
data/deepfake/image/fake\cifake_fake_02507.jpg,1,cifake
data/deepfake/image/fake\cifake_fake_02508.jpg,1,cifake
data/deepfake/image/fake\cifake_fake_02509.jpg,1,cifake
data/deepfake/image/fake\cifake_fake_02510.jpg,1,cifake
data/deepfake/image/fake\cifake_fake_02511.jpg,1,cifake
data/deepfake/image/fake\cifake_fake_02512.jpg,1,cifake
data/deepfake/image/fake\cifake_fake_02513.jpg,1,cifake
data/deepfake/image/fake\cifake_fake_02514.jpg,1,cifake
data/deepfake/image/fake\cifake_fake_02515.jpg,1,cifake
data/deepfake/image/fake\cifake_fake_02516.jpg,1,cifake
data/deepfake/image/fake\cifake_fake_02517.jpg,1,cifake
data/deepfake/image/fake\cifake_fake_02518.jpg,1,cifake
data/deepfake/image/fake\cifake_fake_02519.jpg,1,cifake
data/deepfake/image/fake\cifake_fake_02520.jpg,1,cifake
data/deepfake/image/fake\cifake_fake_02521.jpg,1,cifake
data/deepfake/image/fake\cifake_fake_02522.jpg,1,cifake
data/deepfake/image/fake\cifake_fake_02523.jpg,1,cifake
data/deepfake/image/fake\cifake_fake_02524.jpg,1,cifake
data/deepfake/image/fake\cifake_fake_02525.jpg,1,cifake
data/deepfake/image/fake\cifake_fake_02526.jpg,1,cifake
data/deepfake/image/fake\cifake_fake_02527.jpg,1,cifake
data/deepfake/image/fake\cifake_fake_02528.jpg,1,cifake
data/deepfake/image/fake\cifake_fake_02529.jpg,1,cifake
data/deepfake/image/fake\cifake_fake_02530.jpg,1,cifake
data/deepfake/image/fake\cifake_fake_02531.jpg,1,cifake
data/deepfake/image/fake\cifake_fake_02532.jpg,1,cifake
data/deepfake/image/fake\cifake_fake_02533.jpg,1,cifake
data/deepfake/image/fake\cifake_fake_02534.jpg,1,cifake
data/deepfake/image/fake\cifake_fake_02535.jpg,1,cifake
data/deepfake/image/fake\cifake_fake_02536.jpg,1,cifake
data/deepfake/image/fake\cifake_fake_02537.jpg,1,cifake
data/deepfake/image/fake\cifake_fake_02538.jpg,1,cifake
data/deepfake/image/fake\cifake_fake_02539.jpg,1,cifake
data/deepfake/image/fake\cifake_fake_02540.jpg,1,cifake
data/deepfake/image/fake\cifake_fake_02541.jpg,1,cifake
data/deepfake/image/fake\cifake_fake_02542.jpg,1,cifake
data/deepfake/image/fake\cifake_fake_02543.jpg,1,cifake
data/deepfake/image/fake\cifake_fake_02544.jpg,1,cifake
data/deepfake/image/fake\cifake_fake_02545.jpg,1,cifake
data/deepfake/image/fake\cifake_fake_02546.jpg,1,cifake
data/deepfake/image/fake\cifake_fake_02547.jpg,1,cifake
data/deepfake/image/fake\cifake_fake_02548.jpg,1,cifake
data/deepfake/image/fake\cifake_fake_02549.jpg,1,cifake
data/deepfake/image/fake\cifake_fake_02550.jpg,1,cifake
data/deepfake/image/fake\cifake_fake_02551.jpg,1,cifake
data/deepfake/image/fake\cifake_fake_02552.jpg,1,cifake
data/deepfake/image/fake\cifake_fake_02553.jpg,1,cifake
data/deepfake/image/fake\cifake_fake_02554.jpg,1,cifake
data/deepfake/image/fake\cifake_fake_02555.jpg,1,cifake
data/deepfake/image/fake\cifake_fake_02556.jpg,1,cifake
data/deepfake/image/fake\cifake_fake_02557.jpg,1,cifake
data/deepfake/image/fake\cifake_fake_02558.jpg,1,cifake
data/deepfake/image/fake\cifake_fake_02559.jpg,1,cifake
data/deepfake/image/fake\cifake_fake_02560.jpg,1,cifake
data/deepfake/image/fake\cifake_fake_02561.jpg,1,cifake
data/deepfake/image/fake\cifake_fake_02562.jpg,1,cifake
data/deepfake/image/fake\cifake_fake_02563.jpg,1,cifake
data/deepfake/image/fake\cifake_fake_02564.jpg,1,cifake
data/deepfake/image/fake\cifake_fake_02565.jpg,1,cifake
data/deepfake/image/fake\cifake_fake_02566.jpg,1,cifake
data/deepfake/image/fake\cifake_fake_02567.jpg,1,cifake
data/deepfake/image/fake\cifake_fake_02568.jpg,1,cifake
data/deepfake/image/fake\cifake_fake_02569.jpg,1,cifake
data/deepfake/image/fake\cifake_fake_02570.jpg,1,cifake
data/deepfake/image/fake\cifake_fake_02571.jpg,1,cifake
data/deepfake/image/fake\cifake_fake_02572.jpg,1,cifake
data/deepfake/image/fake\cifake_fake_02573.jpg,1,cifake
data/deepfake/image/fake\cifake_fake_02574.jpg,1,cifake
data/deepfake/image/fake\cifake_fake_02575.jpg,1,cifake
data/deepfake/image/fake\cifake_fake_02576.jpg,1,cifake
data/deepfake/image/fake\cifake_fake_02577.jpg,1,cifake
data/deepfake/image/fake\cifake_fake_02578.jpg,1,cifake
data/deepfake/image/fake\cifake_fake_02579.jpg,1,cifake
data/deepfake/image/fake\cifake_fake_02580.jpg,1,cifake
data/deepfake/image/fake\cifake_fake_02581.jpg,1,cifake
data/deepfake/image/fake\cifake_fake_02582.jpg,1,cifake
data/deepfake/image/fake\cifake_fake_02583.jpg,1,cifake
data/deepfake/image/fake\cifake_fake_02584.jpg,1,cifake
data/deepfake/image/fake\cifake_fake_02585.jpg,1,cifake
data/deepfake/image/fake\cifake_fake_02586.jpg,1,cifake
data/deepfake/image/fake\cifake_fake_02587.jpg,1,cifake
data/deepfake/image/fake\cifake_fake_02588.jpg,1,cifake
data/deepfake/image/fake\cifake_fake_02589.jpg,1,cifake
data/deepfake/image/fake\cifake_fake_02590.jpg,1,cifake
data/deepfake/image/fake\cifake_fake_02591.jpg,1,cifake
data/deepfake/image/fake\cifake_fake_02592.jpg,1,cifake
data/deepfake/image/fake\cifake_fake_02593.jpg,1,cifake
data/deepfake/image/fake\cifake_fake_02594.jpg,1,cifake
data/deepfake/image/fake\cifake_fake_02595.jpg,1,cifake
data/deepfake/image/fake\cifake_fake_02596.jpg,1,cifake
data/deepfake/image/fake\cifake_fake_02597.jpg,1,cifake
data/deepfake/image/fake\cifake_fake_02598.jpg,1,cifake
data/deepfake/image/fake\cifake_fake_02599.jpg,1,cifake
data/deepfake/image/fake\cifake_fake_02600.jpg,1,cifake
data/deepfake/image/fake\cifake_fake_02601.jpg,1,cifake
data/deepfake/image/fake\cifake_fake_02602.jpg,1,cifake
data/deepfake/image/fake\cifake_fake_02603.jpg,1,cifake
data/deepfake/image/fake\cifake_fake_02604.jpg,1,cifake
data/deepfake/image/fake\cifake_fake_02605.jpg,1,cifake
data/deepfake/image/fake\cifake_fake_02606.jpg,1,cifake
data/deepfake/image/fake\cifake_fake_02607.jpg,1,cifake
data/deepfake/image/fake\cifake_fake_02608.jpg,1,cifake
data/deepfake/image/fake\cifake_fake_02609.jpg,1,cifake
data/deepfake/image/fake\cifake_fake_02610.jpg,1,cifake
data/deepfake/image/fake\cifake_fake_02611.jpg,1,cifake
data/deepfake/image/fake\cifake_fake_02612.jpg,1,cifake
data/deepfake/image/fake\cifake_fake_02613.jpg,1,cifake
data/deepfake/image/fake\cifake_fake_02614.jpg,1,cifake
data/deepfake/image/fake\cifake_fake_02615.jpg,1,cifake
data/deepfake/image/fake\cifake_fake_02616.jpg,1,cifake
data/deepfake/image/fake\cifake_fake_02617.jpg,1,cifake
data/deepfake/image/fake\cifake_fake_02618.jpg,1,cifake
data/deepfake/image/fake\cifake_fake_02619.jpg,1,cifake
data/deepfake/image/fake\cifake_fake_02620.jpg,1,cifake
data/deepfake/image/fake\cifake_fake_02621.jpg,1,cifake
data/deepfake/image/fake\cifake_fake_02622.jpg,1,cifake
data/deepfake/image/fake\cifake_fake_02623.jpg,1,cifake
data/deepfake/image/fake\cifake_fake_02624.jpg,1,cifake
data/deepfake/image/fake\cifake_fake_02625.jpg,1,cifake
data/deepfake/image/fake\cifake_fake_02626.jpg,1,cifake
data/deepfake/image/fake\cifake_fake_02627.jpg,1,cifake
data/deepfake/image/fake\cifake_fake_02628.jpg,1,cifake
data/deepfake/image/fake\cifake_fake_02629.jpg,1,cifake
data/deepfake/image/fake\cifake_fake_02630.jpg,1,cifake
data/deepfake/image/fake\cifake_fake_02631.jpg,1,cifake
data/deepfake/image/fake\cifake_fake_02632.jpg,1,cifake
data/deepfake/image/fake\cifake_fake_02633.jpg,1,cifake
data/deepfake/image/fake\cifake_fake_02634.jpg,1,cifake
data/deepfake/image/fake\cifake_fake_02635.jpg,1,cifake
data/deepfake/image/fake\cifake_fake_02636.jpg,1,cifake
data/deepfake/image/fake\cifake_fake_02637.jpg,1,cifake
data/deepfake/image/fake\cifake_fake_02638.jpg,1,cifake
data/deepfake/image/fake\cifake_fake_02639.jpg,1,cifake
data/deepfake/image/fake\cifake_fake_02640.jpg,1,cifake
data/deepfake/image/fake\cifake_fake_02641.jpg,1,cifake
data/deepfake/image/fake\cifake_fake_02642.jpg,1,cifake
data/deepfake/image/fake\cifake_fake_02643.jpg,1,cifake
data/deepfake/image/fake\cifake_fake_02644.jpg,1,cifake
data/deepfake/image/fake\cifake_fake_02645.jpg,1,cifake
data/deepfake/image/fake\cifake_fake_02646.jpg,1,cifake
data/deepfake/image/fake\cifake_fake_02647.jpg,1,cifake
data/deepfake/image/fake\cifake_fake_02648.jpg,1,cifake
data/deepfake/image/fake\cifake_fake_02649.jpg,1,cifake
data/deepfake/image/fake\cifake_fake_02650.jpg,1,cifake
data/deepfake/image/fake\cifake_fake_02651.jpg,1,cifake
data/deepfake/image/fake\cifake_fake_02652.jpg,1,cifake
data/deepfake/image/fake\cifake_fake_02653.jpg,1,cifake
data/deepfake/image/fake\cifake_fake_02654.jpg,1,cifake
data/deepfake/image/fake\cifake_fake_02655.jpg,1,cifake
data/deepfake/image/fake\cifake_fake_02656.jpg,1,cifake
data/deepfake/image/fake\cifake_fake_02657.jpg,1,cifake
data/deepfake/image/fake\cifake_fake_02658.jpg,1,cifake
data/deepfake/image/fake\cifake_fake_02659.jpg,1,cifake
data/deepfake/image/fake\cifake_fake_02660.jpg,1,cifake
data/deepfake/image/fake\cifake_fake_02661.jpg,1,cifake
data/deepfake/image/fake\cifake_fake_02662.jpg,1,cifake
data/deepfake/image/fake\cifake_fake_02663.jpg,1,cifake
data/deepfake/image/fake\cifake_fake_02664.jpg,1,cifake
data/deepfake/image/fake\cifake_fake_02665.jpg,1,cifake
data/deepfake/image/fake\cifake_fake_02666.jpg,1,cifake
data/deepfake/image/fake\cifake_fake_02667.jpg,1,cifake
data/deepfake/image/fake\cifake_fake_02668.jpg,1,cifake
data/deepfake/image/fake\cifake_fake_02669.jpg,1,cifake
data/deepfake/image/fake\cifake_fake_02670.jpg,1,cifake
data/deepfake/image/fake\cifake_fake_02671.jpg,1,cifake
data/deepfake/image/fake\cifake_fake_02672.jpg,1,cifake
data/deepfake/image/fake\cifake_fake_02673.jpg,1,cifake
data/deepfake/image/fake\cifake_fake_02674.jpg,1,cifake
data/deepfake/image/fake\cifake_fake_02675.jpg,1,cifake
data/deepfake/image/fake\cifake_fake_02676.jpg,1,cifake
data/deepfake/image/fake\cifake_fake_02677.jpg,1,cifake
data/deepfake/image/fake\cifake_fake_02678.jpg,1,cifake
data/deepfake/image/fake\cifake_fake_02679.jpg,1,cifake
data/deepfake/image/fake\cifake_fake_02680.jpg,1,cifake
data/deepfake/image/fake\cifake_fake_02681.jpg,1,cifake
data/deepfake/image/fake\cifake_fake_02682.jpg,1,cifake
data/deepfake/image/fake\cifake_fake_02683.jpg,1,cifake
data/deepfake/image/fake\cifake_fake_02684.jpg,1,cifake
data/deepfake/image/fake\cifake_fake_02685.jpg,1,cifake
data/deepfake/image/fake\cifake_fake_02686.jpg,1,cifake
data/deepfake/image/fake\cifake_fake_02687.jpg,1,cifake
data/deepfake/image/fake\cifake_fake_02688.jpg,1,cifake
data/deepfake/image/fake\cifake_fake_02689.jpg,1,cifake
data/deepfake/image/fake\cifake_fake_02690.jpg,1,cifake
data/deepfake/image/fake\cifake_fake_02691.jpg,1,cifake
data/deepfake/image/fake\cifake_fake_02692.jpg,1,cifake
data/deepfake/image/fake\cifake_fake_02693.jpg,1,cifake
data/deepfake/image/fake\cifake_fake_02694.jpg,1,cifake
data/deepfake/image/fake\cifake_fake_02695.jpg,1,cifake
data/deepfake/image/fake\cifake_fake_02696.jpg,1,cifake
data/deepfake/image/fake\cifake_fake_02697.jpg,1,cifake
data/deepfake/image/fake\cifake_fake_02698.jpg,1,cifake
data/deepfake/image/fake\cifake_fake_02699.jpg,1,cifake
data/deepfake/image/fake\cifake_fake_02700.jpg,1,cifake
data/deepfake/image/fake\cifake_fake_02701.jpg,1,cifake
data/deepfake/image/fake\cifake_fake_02702.jpg,1,cifake
data/deepfake/image/fake\cifake_fake_02703.jpg,1,cifake
data/deepfake/image/fake\cifake_fake_02704.jpg,1,cifake
data/deepfake/image/fake\cifake_fake_02705.jpg,1,cifake
data/deepfake/image/fake\cifake_fake_02706.jpg,1,cifake
data/deepfake/image/fake\cifake_fake_02707.jpg,1,cifake
data/deepfake/image/fake\cifake_fake_02708.jpg,1,cifake
data/deepfake/image/fake\cifake_fake_02709.jpg,1,cifake
data/deepfake/image/fake\cifake_fake_02710.jpg,1,cifake
data/deepfake/image/fake\cifake_fake_02711.jpg,1,cifake
data/deepfake/image/fake\cifake_fake_02712.jpg,1,cifake
data/deepfake/image/fake\cifake_fake_02713.jpg,1,cifake
data/deepfake/image/fake\cifake_fake_02714.jpg,1,cifake
data/deepfake/image/fake\cifake_fake_02715.jpg,1,cifake
data/deepfake/image/fake\cifake_fake_02716.jpg,1,cifake
data/deepfake/image/fake\cifake_fake_02717.jpg,1,cifake
data/deepfake/image/fake\cifake_fake_02718.jpg,1,cifake
data/deepfake/image/fake\cifake_fake_02719.jpg,1,cifake
data/deepfake/image/fake\cifake_fake_02720.jpg,1,cifake
data/deepfake/image/fake\cifake_fake_02721.jpg,1,cifake
data/deepfake/image/fake\cifake_fake_02722.jpg,1,cifake
data/deepfake/image/fake\cifake_fake_02723.jpg,1,cifake
data/deepfake/image/fake\cifake_fake_02724.jpg,1,cifake
data/deepfake/image/fake\cifake_fake_02725.jpg,1,cifake
data/deepfake/image/fake\cifake_fake_02726.jpg,1,cifake
data/deepfake/image/fake\cifake_fake_02727.jpg,1,cifake
data/deepfake/image/fake\cifake_fake_02728.jpg,1,cifake
data/deepfake/image/fake\cifake_fake_02729.jpg,1,cifake
data/deepfake/image/fake\cifake_fake_02730.jpg,1,cifake
data/deepfake/image/fake\cifake_fake_02731.jpg,1,cifake
data/deepfake/image/fake\cifake_fake_02732.jpg,1,cifake
data/deepfake/image/fake\cifake_fake_02733.jpg,1,cifake
data/deepfake/image/fake\cifake_fake_02734.jpg,1,cifake
data/deepfake/image/fake\cifake_fake_02735.jpg,1,cifake
data/deepfake/image/fake\cifake_fake_02736.jpg,1,cifake
data/deepfake/image/fake\cifake_fake_02737.jpg,1,cifake
data/deepfake/image/fake\cifake_fake_02738.jpg,1,cifake
data/deepfake/image/fake\cifake_fake_02739.jpg,1,cifake
data/deepfake/image/fake\cifake_fake_02740.jpg,1,cifake
data/deepfake/image/fake\cifake_fake_02741.jpg,1,cifake
data/deepfake/image/fake\cifake_fake_02742.jpg,1,cifake
data/deepfake/image/fake\cifake_fake_02743.jpg,1,cifake
data/deepfake/image/fake\cifake_fake_02744.jpg,1,cifake
data/deepfake/image/fake\cifake_fake_02745.jpg,1,cifake
data/deepfake/image/fake\cifake_fake_02746.jpg,1,cifake
data/deepfake/image/fake\cifake_fake_02747.jpg,1,cifake
data/deepfake/image/fake\cifake_fake_02748.jpg,1,cifake
data/deepfake/image/fake\cifake_fake_02749.jpg,1,cifake
data/deepfake/image/fake\cifake_fake_02750.jpg,1,cifake
data/deepfake/image/fake\cifake_fake_02751.jpg,1,cifake
data/deepfake/image/fake\cifake_fake_02752.jpg,1,cifake
data/deepfake/image/fake\cifake_fake_02753.jpg,1,cifake
data/deepfake/image/fake\cifake_fake_02754.jpg,1,cifake
data/deepfake/image/fake\cifake_fake_02755.jpg,1,cifake
data/deepfake/image/fake\cifake_fake_02756.jpg,1,cifake
data/deepfake/image/fake\cifake_fake_02757.jpg,1,cifake
data/deepfake/image/fake\cifake_fake_02758.jpg,1,cifake
data/deepfake/image/fake\cifake_fake_02759.jpg,1,cifake
data/deepfake/image/fake\cifake_fake_02760.jpg,1,cifake
data/deepfake/image/fake\cifake_fake_02761.jpg,1,cifake
data/deepfake/image/fake\cifake_fake_02762.jpg,1,cifake
data/deepfake/image/fake\cifake_fake_02763.jpg,1,cifake
data/deepfake/image/fake\cifake_fake_02764.jpg,1,cifake
data/deepfake/image/fake\cifake_fake_02765.jpg,1,cifake
data/deepfake/image/fake\cifake_fake_02766.jpg,1,cifake
data/deepfake/image/fake\cifake_fake_02767.jpg,1,cifake
data/deepfake/image/fake\cifake_fake_02768.jpg,1,cifake
data/deepfake/image/fake\cifake_fake_02769.jpg,1,cifake
data/deepfake/image/fake\cifake_fake_02770.jpg,1,cifake
data/deepfake/image/fake\cifake_fake_02771.jpg,1,cifake
data/deepfake/image/fake\cifake_fake_02772.jpg,1,cifake
data/deepfake/image/fake\cifake_fake_02773.jpg,1,cifake
data/deepfake/image/fake\cifake_fake_02774.jpg,1,cifake
data/deepfake/image/fake\cifake_fake_02775.jpg,1,cifake
data/deepfake/image/fake\cifake_fake_02776.jpg,1,cifake
data/deepfake/image/fake\cifake_fake_02777.jpg,1,cifake
data/deepfake/image/fake\cifake_fake_02778.jpg,1,cifake
data/deepfake/image/fake\cifake_fake_02779.jpg,1,cifake
data/deepfake/image/fake\cifake_fake_02780.jpg,1,cifake
data/deepfake/image/fake\cifake_fake_02781.jpg,1,cifake
data/deepfake/image/fake\cifake_fake_02782.jpg,1,cifake
data/deepfake/image/fake\cifake_fake_02783.jpg,1,cifake
data/deepfake/image/fake\cifake_fake_02784.jpg,1,cifake
data/deepfake/image/fake\cifake_fake_02785.jpg,1,cifake
data/deepfake/image/fake\cifake_fake_02786.jpg,1,cifake
data/deepfake/image/fake\cifake_fake_02787.jpg,1,cifake
data/deepfake/image/fake\cifake_fake_02788.jpg,1,cifake
data/deepfake/image/fake\cifake_fake_02789.jpg,1,cifake
data/deepfake/image/fake\cifake_fake_02790.jpg,1,cifake
data/deepfake/image/fake\cifake_fake_02791.jpg,1,cifake
data/deepfake/image/fake\cifake_fake_02792.jpg,1,cifake
data/deepfake/image/fake\cifake_fake_02793.jpg,1,cifake
data/deepfake/image/fake\cifake_fake_02794.jpg,1,cifake
data/deepfake/image/fake\cifake_fake_02795.jpg,1,cifake
data/deepfake/image/fake\cifake_fake_02796.jpg,1,cifake
data/deepfake/image/fake\cifake_fake_02797.jpg,1,cifake
data/deepfake/image/fake\cifake_fake_02798.jpg,1,cifake
data/deepfake/image/fake\cifake_fake_02799.jpg,1,cifake
data/deepfake/image/fake\cifake_fake_02800.jpg,1,cifake
data/deepfake/image/fake\cifake_fake_02801.jpg,1,cifake
data/deepfake/image/fake\cifake_fake_02802.jpg,1,cifake
data/deepfake/image/fake\cifake_fake_02803.jpg,1,cifake
data/deepfake/image/fake\cifake_fake_02804.jpg,1,cifake
data/deepfake/image/fake\cifake_fake_02805.jpg,1,cifake
data/deepfake/image/fake\cifake_fake_02806.jpg,1,cifake
data/deepfake/image/fake\cifake_fake_02807.jpg,1,cifake
data/deepfake/image/fake\cifake_fake_02808.jpg,1,cifake
data/deepfake/image/fake\cifake_fake_02809.jpg,1,cifake
data/deepfake/image/fake\cifake_fake_02810.jpg,1,cifake
data/deepfake/image/fake\cifake_fake_02811.jpg,1,cifake
data/deepfake/image/fake\cifake_fake_02812.jpg,1,cifake
data/deepfake/image/fake\cifake_fake_02813.jpg,1,cifake
data/deepfake/image/fake\cifake_fake_02814.jpg,1,cifake
data/deepfake/image/fake\cifake_fake_02815.jpg,1,cifake
data/deepfake/image/fake\cifake_fake_02816.jpg,1,cifake
data/deepfake/image/fake\cifake_fake_02817.jpg,1,cifake
data/deepfake/image/fake\cifake_fake_02818.jpg,1,cifake
data/deepfake/image/fake\cifake_fake_02819.jpg,1,cifake
data/deepfake/image/fake\cifake_fake_02820.jpg,1,cifake
data/deepfake/image/fake\cifake_fake_02821.jpg,1,cifake
data/deepfake/image/fake\cifake_fake_02822.jpg,1,cifake
data/deepfake/image/fake\cifake_fake_02823.jpg,1,cifake
data/deepfake/image/fake\cifake_fake_02824.jpg,1,cifake
data/deepfake/image/fake\cifake_fake_02825.jpg,1,cifake
data/deepfake/image/fake\cifake_fake_02826.jpg,1,cifake
data/deepfake/image/fake\cifake_fake_02827.jpg,1,cifake
data/deepfake/image/fake\cifake_fake_02828.jpg,1,cifake
data/deepfake/image/fake\cifake_fake_02829.jpg,1,cifake
data/deepfake/image/fake\cifake_fake_02830.jpg,1,cifake
data/deepfake/image/fake\cifake_fake_02831.jpg,1,cifake
data/deepfake/image/fake\cifake_fake_02832.jpg,1,cifake
data/deepfake/image/fake\cifake_fake_02833.jpg,1,cifake
data/deepfake/image/fake\cifake_fake_02834.jpg,1,cifake
data/deepfake/image/fake\cifake_fake_02835.jpg,1,cifake
data/deepfake/image/fake\cifake_fake_02836.jpg,1,cifake
data/deepfake/image/fake\cifake_fake_02837.jpg,1,cifake
data/deepfake/image/fake\cifake_fake_02838.jpg,1,cifake
data/deepfake/image/fake\cifake_fake_02839.jpg,1,cifake
data/deepfake/image/fake\cifake_fake_02840.jpg,1,cifake
data/deepfake/image/fake\cifake_fake_02841.jpg,1,cifake
data/deepfake/image/fake\cifake_fake_02842.jpg,1,cifake
data/deepfake/image/fake\cifake_fake_02843.jpg,1,cifake
data/deepfake/image/fake\cifake_fake_02844.jpg,1,cifake
data/deepfake/image/fake\cifake_fake_02845.jpg,1,cifake
data/deepfake/image/fake\cifake_fake_02846.jpg,1,cifake
data/deepfake/image/fake\cifake_fake_02847.jpg,1,cifake
data/deepfake/image/fake\cifake_fake_02848.jpg,1,cifake
data/deepfake/image/fake\cifake_fake_02849.jpg,1,cifake
data/deepfake/image/fake\cifake_fake_02850.jpg,1,cifake
data/deepfake/image/fake\cifake_fake_02851.jpg,1,cifake
data/deepfake/image/fake\cifake_fake_02852.jpg,1,cifake
data/deepfake/image/fake\cifake_fake_02853.jpg,1,cifake
data/deepfake/image/fake\cifake_fake_02854.jpg,1,cifake
data/deepfake/image/fake\cifake_fake_02855.jpg,1,cifake
data/deepfake/image/fake\cifake_fake_02856.jpg,1,cifake
data/deepfake/image/fake\cifake_fake_02857.jpg,1,cifake
data/deepfake/image/fake\cifake_fake_02858.jpg,1,cifake
data/deepfake/image/fake\cifake_fake_02859.jpg,1,cifake
data/deepfake/image/fake\cifake_fake_02860.jpg,1,cifake
data/deepfake/image/fake\cifake_fake_02861.jpg,1,cifake
data/deepfake/image/fake\cifake_fake_02862.jpg,1,cifake
data/deepfake/image/fake\cifake_fake_02863.jpg,1,cifake
data/deepfake/image/fake\cifake_fake_02864.jpg,1,cifake
data/deepfake/image/fake\cifake_fake_02865.jpg,1,cifake
data/deepfake/image/fake\cifake_fake_02866.jpg,1,cifake
data/deepfake/image/fake\cifake_fake_02867.jpg,1,cifake
data/deepfake/image/fake\cifake_fake_02868.jpg,1,cifake
data/deepfake/image/fake\cifake_fake_02869.jpg,1,cifake
data/deepfake/image/fake\cifake_fake_02870.jpg,1,cifake
data/deepfake/image/fake\cifake_fake_02871.jpg,1,cifake
data/deepfake/image/fake\cifake_fake_02872.jpg,1,cifake
data/deepfake/image/fake\cifake_fake_02873.jpg,1,cifake
data/deepfake/image/fake\cifake_fake_02874.jpg,1,cifake
data/deepfake/image/fake\cifake_fake_02875.jpg,1,cifake
data/deepfake/image/fake\cifake_fake_02876.jpg,1,cifake
data/deepfake/image/fake\cifake_fake_02877.jpg,1,cifake
data/deepfake/image/fake\cifake_fake_02878.jpg,1,cifake
data/deepfake/image/fake\cifake_fake_02879.jpg,1,cifake
data/deepfake/image/fake\cifake_fake_02880.jpg,1,cifake
data/deepfake/image/fake\cifake_fake_02881.jpg,1,cifake
data/deepfake/image/fake\cifake_fake_02882.jpg,1,cifake
data/deepfake/image/fake\cifake_fake_02883.jpg,1,cifake
data/deepfake/image/fake\cifake_fake_02884.jpg,1,cifake
data/deepfake/image/fake\cifake_fake_02885.jpg,1,cifake
data/deepfake/image/fake\cifake_fake_02886.jpg,1,cifake
data/deepfake/image/fake\cifake_fake_02887.jpg,1,cifake
data/deepfake/image/fake\cifake_fake_02888.jpg,1,cifake
data/deepfake/image/fake\cifake_fake_02889.jpg,1,cifake
data/deepfake/image/fake\cifake_fake_02890.jpg,1,cifake
data/deepfake/image/fake\cifake_fake_02891.jpg,1,cifake
data/deepfake/image/fake\cifake_fake_02892.jpg,1,cifake
data/deepfake/image/fake\cifake_fake_02893.jpg,1,cifake
data/deepfake/image/fake\cifake_fake_02894.jpg,1,cifake
data/deepfake/image/fake\cifake_fake_02895.jpg,1,cifake
data/deepfake/image/fake\cifake_fake_02896.jpg,1,cifake
data/deepfake/image/fake\cifake_fake_02897.jpg,1,cifake
data/deepfake/image/fake\cifake_fake_02898.jpg,1,cifake
data/deepfake/image/fake\cifake_fake_02899.jpg,1,cifake
data/deepfake/image/fake\cifake_fake_02900.jpg,1,cifake
data/deepfake/image/fake\cifake_fake_02901.jpg,1,cifake
data/deepfake/image/fake\cifake_fake_02902.jpg,1,cifake
data/deepfake/image/fake\cifake_fake_02903.jpg,1,cifake
data/deepfake/image/fake\cifake_fake_02904.jpg,1,cifake
data/deepfake/image/fake\cifake_fake_02905.jpg,1,cifake
data/deepfake/image/fake\cifake_fake_02906.jpg,1,cifake
data/deepfake/image/fake\cifake_fake_02907.jpg,1,cifake
data/deepfake/image/fake\cifake_fake_02908.jpg,1,cifake
data/deepfake/image/fake\cifake_fake_02909.jpg,1,cifake
data/deepfake/image/fake\cifake_fake_02910.jpg,1,cifake
data/deepfake/image/fake\cifake_fake_02911.jpg,1,cifake
data/deepfake/image/fake\cifake_fake_02912.jpg,1,cifake
data/deepfake/image/fake\cifake_fake_02913.jpg,1,cifake
data/deepfake/image/fake\cifake_fake_02914.jpg,1,cifake
data/deepfake/image/fake\cifake_fake_02915.jpg,1,cifake
data/deepfake/image/fake\cifake_fake_02916.jpg,1,cifake
data/deepfake/image/fake\cifake_fake_02917.jpg,1,cifake
data/deepfake/image/fake\cifake_fake_02918.jpg,1,cifake
data/deepfake/image/fake\cifake_fake_02919.jpg,1,cifake
data/deepfake/image/fake\cifake_fake_02920.jpg,1,cifake
data/deepfake/image/fake\cifake_fake_02921.jpg,1,cifake
data/deepfake/image/fake\cifake_fake_02922.jpg,1,cifake
data/deepfake/image/fake\cifake_fake_02923.jpg,1,cifake
data/deepfake/image/fake\cifake_fake_02924.jpg,1,cifake
data/deepfake/image/fake\cifake_fake_02925.jpg,1,cifake
data/deepfake/image/fake\cifake_fake_02926.jpg,1,cifake
data/deepfake/image/fake\cifake_fake_02927.jpg,1,cifake
data/deepfake/image/fake\cifake_fake_02928.jpg,1,cifake
data/deepfake/image/fake\cifake_fake_02929.jpg,1,cifake
data/deepfake/image/fake\cifake_fake_02930.jpg,1,cifake
data/deepfake/image/fake\cifake_fake_02931.jpg,1,cifake
data/deepfake/image/fake\cifake_fake_02932.jpg,1,cifake
data/deepfake/image/fake\cifake_fake_02933.jpg,1,cifake
data/deepfake/image/fake\cifake_fake_02934.jpg,1,cifake
data/deepfake/image/fake\cifake_fake_02935.jpg,1,cifake
data/deepfake/image/fake\cifake_fake_02936.jpg,1,cifake
data/deepfake/image/fake\cifake_fake_02937.jpg,1,cifake
data/deepfake/image/fake\cifake_fake_02938.jpg,1,cifake
data/deepfake/image/fake\cifake_fake_02939.jpg,1,cifake
data/deepfake/image/fake\cifake_fake_02940.jpg,1,cifake
data/deepfake/image/fake\cifake_fake_02941.jpg,1,cifake
data/deepfake/image/fake\cifake_fake_02942.jpg,1,cifake
data/deepfake/image/fake\cifake_fake_02943.jpg,1,cifake
data/deepfake/image/fake\cifake_fake_02944.jpg,1,cifake
data/deepfake/image/fake\cifake_fake_02945.jpg,1,cifake
data/deepfake/image/fake\cifake_fake_02946.jpg,1,cifake
data/deepfake/image/fake\cifake_fake_02947.jpg,1,cifake
data/deepfake/image/fake\cifake_fake_02948.jpg,1,cifake
data/deepfake/image/fake\cifake_fake_02949.jpg,1,cifake
data/deepfake/image/fake\cifake_fake_02950.jpg,1,cifake
data/deepfake/image/fake\cifake_fake_02951.jpg,1,cifake
data/deepfake/image/fake\cifake_fake_02952.jpg,1,cifake
data/deepfake/image/fake\cifake_fake_02953.jpg,1,cifake
data/deepfake/image/fake\cifake_fake_02954.jpg,1,cifake
data/deepfake/image/fake\cifake_fake_02955.jpg,1,cifake
data/deepfake/image/fake\cifake_fake_02956.jpg,1,cifake
data/deepfake/image/fake\cifake_fake_02957.jpg,1,cifake
data/deepfake/image/fake\cifake_fake_02958.jpg,1,cifake
data/deepfake/image/fake\cifake_fake_02959.jpg,1,cifake
data/deepfake/image/fake\cifake_fake_02960.jpg,1,cifake
data/deepfake/image/fake\cifake_fake_02961.jpg,1,cifake
data/deepfake/image/fake\cifake_fake_02962.jpg,1,cifake
data/deepfake/image/fake\cifake_fake_02963.jpg,1,cifake
data/deepfake/image/fake\cifake_fake_02964.jpg,1,cifake
data/deepfake/image/fake\cifake_fake_02965.jpg,1,cifake
data/deepfake/image/fake\cifake_fake_02966.jpg,1,cifake
data/deepfake/image/fake\cifake_fake_02967.jpg,1,cifake
data/deepfake/image/fake\cifake_fake_02968.jpg,1,cifake
data/deepfake/image/fake\cifake_fake_02969.jpg,1,cifake
data/deepfake/image/fake\cifake_fake_02970.jpg,1,cifake
data/deepfake/image/fake\cifake_fake_02971.jpg,1,cifake
data/deepfake/image/fake\cifake_fake_02972.jpg,1,cifake
data/deepfake/image/fake\cifake_fake_02973.jpg,1,cifake
data/deepfake/image/fake\cifake_fake_02974.jpg,1,cifake
data/deepfake/image/fake\cifake_fake_02975.jpg,1,cifake
data/deepfake/image/fake\cifake_fake_02976.jpg,1,cifake
data/deepfake/image/fake\cifake_fake_02977.jpg,1,cifake
data/deepfake/image/fake\cifake_fake_02978.jpg,1,cifake
data/deepfake/image/fake\cifake_fake_02979.jpg,1,cifake
data/deepfake/image/fake\cifake_fake_02980.jpg,1,cifake
data/deepfake/image/fake\cifake_fake_02981.jpg,1,cifake
data/deepfake/image/fake\cifake_fake_02982.jpg,1,cifake
data/deepfake/image/fake\cifake_fake_02983.jpg,1,cifake
data/deepfake/image/fake\cifake_fake_02984.jpg,1,cifake
data/deepfake/image/fake\cifake_fake_02985.jpg,1,cifake
data/deepfake/image/fake\cifake_fake_02986.jpg,1,cifake
data/deepfake/image/fake\cifake_fake_02987.jpg,1,cifake
data/deepfake/image/fake\cifake_fake_02988.jpg,1,cifake
data/deepfake/image/fake\cifake_fake_02989.jpg,1,cifake
data/deepfake/image/fake\cifake_fake_02990.jpg,1,cifake
data/deepfake/image/fake\cifake_fake_02991.jpg,1,cifake
data/deepfake/image/fake\cifake_fake_02992.jpg,1,cifake
data/deepfake/image/fake\cifake_fake_02993.jpg,1,cifake
data/deepfake/image/fake\cifake_fake_02994.jpg,1,cifake
data/deepfake/image/fake\cifake_fake_02995.jpg,1,cifake
data/deepfake/image/fake\cifake_fake_02996.jpg,1,cifake
data/deepfake/image/fake\cifake_fake_02997.jpg,1,cifake
data/deepfake/image/fake\cifake_fake_02998.jpg,1,cifake
data/deepfake/image/fake\cifake_fake_02999.jpg,1,cifake
data/deepfake/image/fake\cifake_fake_03000.jpg,1,cifake
data/deepfake/image/fake\cifake_fake_03001.jpg,1,cifake
data/deepfake/image/fake\cifake_fake_03002.jpg,1,cifake
data/deepfake/image/fake\cifake_fake_03003.jpg,1,cifake
data/deepfake/image/fake\cifake_fake_03004.jpg,1,cifake
data/deepfake/image/fake\cifake_fake_03005.jpg,1,cifake
data/deepfake/image/fake\cifake_fake_03006.jpg,1,cifake
data/deepfake/image/fake\cifake_fake_03007.jpg,1,cifake
data/deepfake/image/fake\cifake_fake_03008.jpg,1,cifake
data/deepfake/image/fake\cifake_fake_03009.jpg,1,cifake
data/deepfake/image/fake\cifake_fake_03010.jpg,1,cifake
data/deepfake/image/fake\cifake_fake_03011.jpg,1,cifake
data/deepfake/image/fake\cifake_fake_03012.jpg,1,cifake
data/deepfake/image/fake\cifake_fake_03013.jpg,1,cifake
data/deepfake/image/fake\cifake_fake_03014.jpg,1,cifake
data/deepfake/image/fake\cifake_fake_03015.jpg,1,cifake
data/deepfake/image/fake\cifake_fake_03016.jpg,1,cifake
data/deepfake/image/fake\cifake_fake_03017.jpg,1,cifake
data/deepfake/image/fake\cifake_fake_03018.jpg,1,cifake
data/deepfake/image/fake\cifake_fake_03019.jpg,1,cifake
data/deepfake/image/fake\cifake_fake_03020.jpg,1,cifake
data/deepfake/image/fake\cifake_fake_03021.jpg,1,cifake
data/deepfake/image/fake\cifake_fake_03022.jpg,1,cifake
data/deepfake/image/fake\cifake_fake_03023.jpg,1,cifake
data/deepfake/image/fake\cifake_fake_03024.jpg,1,cifake
data/deepfake/image/fake\cifake_fake_03025.jpg,1,cifake
data/deepfake/image/fake\cifake_fake_03026.jpg,1,cifake
data/deepfake/image/fake\cifake_fake_03027.jpg,1,cifake
data/deepfake/image/fake\cifake_fake_03028.jpg,1,cifake
data/deepfake/image/fake\cifake_fake_03029.jpg,1,cifake
data/deepfake/image/fake\cifake_fake_03030.jpg,1,cifake
data/deepfake/image/fake\cifake_fake_03031.jpg,1,cifake
data/deepfake/image/fake\cifake_fake_03032.jpg,1,cifake
data/deepfake/image/fake\cifake_fake_03033.jpg,1,cifake
data/deepfake/image/fake\cifake_fake_03034.jpg,1,cifake
data/deepfake/image/fake\cifake_fake_03035.jpg,1,cifake
data/deepfake/image/fake\cifake_fake_03036.jpg,1,cifake
data/deepfake/image/fake\cifake_fake_03037.jpg,1,cifake
data/deepfake/image/fake\cifake_fake_03038.jpg,1,cifake
data/deepfake/image/fake\cifake_fake_03039.jpg,1,cifake
data/deepfake/image/fake\cifake_fake_03040.jpg,1,cifake
data/deepfake/image/fake\cifake_fake_03041.jpg,1,cifake
data/deepfake/image/fake\cifake_fake_03042.jpg,1,cifake
data/deepfake/image/fake\cifake_fake_03043.jpg,1,cifake
data/deepfake/image/fake\cifake_fake_03044.jpg,1,cifake
data/deepfake/image/fake\cifake_fake_03045.jpg,1,cifake
data/deepfake/image/fake\cifake_fake_03046.jpg,1,cifake
data/deepfake/image/fake\cifake_fake_03047.jpg,1,cifake
data/deepfake/image/fake\cifake_fake_03048.jpg,1,cifake
data/deepfake/image/fake\cifake_fake_03049.jpg,1,cifake
data/deepfake/image/fake\cifake_fake_03050.jpg,1,cifake
data/deepfake/image/fake\cifake_fake_03051.jpg,1,cifake
data/deepfake/image/fake\cifake_fake_03052.jpg,1,cifake
data/deepfake/image/fake\cifake_fake_03053.jpg,1,cifake
data/deepfake/image/fake\cifake_fake_03054.jpg,1,cifake
data/deepfake/image/fake\cifake_fake_03055.jpg,1,cifake
data/deepfake/image/fake\cifake_fake_03056.jpg,1,cifake
data/deepfake/image/fake\cifake_fake_03057.jpg,1,cifake
data/deepfake/image/fake\cifake_fake_03058.jpg,1,cifake
data/deepfake/image/fake\cifake_fake_03059.jpg,1,cifake
data/deepfake/image/fake\cifake_fake_03060.jpg,1,cifake
data/deepfake/image/fake\cifake_fake_03061.jpg,1,cifake
data/deepfake/image/fake\cifake_fake_03062.jpg,1,cifake
data/deepfake/image/fake\cifake_fake_03063.jpg,1,cifake
data/deepfake/image/fake\cifake_fake_03064.jpg,1,cifake
data/deepfake/image/fake\cifake_fake_03065.jpg,1,cifake
data/deepfake/image/fake\cifake_fake_03066.jpg,1,cifake
data/deepfake/image/fake\cifake_fake_03067.jpg,1,cifake
data/deepfake/image/fake\cifake_fake_03068.jpg,1,cifake
data/deepfake/image/fake\cifake_fake_03069.jpg,1,cifake
data/deepfake/image/fake\cifake_fake_03070.jpg,1,cifake
data/deepfake/image/fake\cifake_fake_03071.jpg,1,cifake
data/deepfake/image/fake\cifake_fake_03072.jpg,1,cifake
data/deepfake/image/fake\cifake_fake_03073.jpg,1,cifake
data/deepfake/image/fake\cifake_fake_03074.jpg,1,cifake
data/deepfake/image/fake\cifake_fake_03075.jpg,1,cifake
data/deepfake/image/fake\cifake_fake_03076.jpg,1,cifake
data/deepfake/image/fake\cifake_fake_03077.jpg,1,cifake
data/deepfake/image/fake\cifake_fake_03078.jpg,1,cifake
data/deepfake/image/fake\cifake_fake_03079.jpg,1,cifake
data/deepfake/image/fake\cifake_fake_03080.jpg,1,cifake
data/deepfake/image/fake\cifake_fake_03081.jpg,1,cifake
data/deepfake/image/fake\cifake_fake_03082.jpg,1,cifake
data/deepfake/image/fake\cifake_fake_03083.jpg,1,cifake
data/deepfake/image/fake\cifake_fake_03084.jpg,1,cifake
data/deepfake/image/fake\cifake_fake_03085.jpg,1,cifake
data/deepfake/image/fake\cifake_fake_03086.jpg,1,cifake
data/deepfake/image/fake\cifake_fake_03087.jpg,1,cifake
data/deepfake/image/fake\cifake_fake_03088.jpg,1,cifake
data/deepfake/image/fake\cifake_fake_03089.jpg,1,cifake
data/deepfake/image/fake\cifake_fake_03090.jpg,1,cifake
data/deepfake/image/fake\cifake_fake_03091.jpg,1,cifake
data/deepfake/image/fake\cifake_fake_03092.jpg,1,cifake
data/deepfake/image/fake\cifake_fake_03093.jpg,1,cifake
data/deepfake/image/fake\cifake_fake_03094.jpg,1,cifake
data/deepfake/image/fake\cifake_fake_03095.jpg,1,cifake
data/deepfake/image/fake\cifake_fake_03096.jpg,1,cifake
data/deepfake/image/fake\cifake_fake_03097.jpg,1,cifake
data/deepfake/image/fake\cifake_fake_03098.jpg,1,cifake
data/deepfake/image/fake\cifake_fake_03099.jpg,1,cifake
data/deepfake/image/fake\cifake_fake_03100.jpg,1,cifake
data/deepfake/image/fake\cifake_fake_03101.jpg,1,cifake
data/deepfake/image/fake\cifake_fake_03102.jpg,1,cifake
data/deepfake/image/fake\cifake_fake_03103.jpg,1,cifake
data/deepfake/image/fake\cifake_fake_03104.jpg,1,cifake
data/deepfake/image/fake\cifake_fake_03105.jpg,1,cifake
data/deepfake/image/fake\cifake_fake_03106.jpg,1,cifake
data/deepfake/image/fake\cifake_fake_03107.jpg,1,cifake
data/deepfake/image/fake\cifake_fake_03108.jpg,1,cifake
data/deepfake/image/fake\cifake_fake_03109.jpg,1,cifake
data/deepfake/image/fake\cifake_fake_03110.jpg,1,cifake
data/deepfake/image/fake\cifake_fake_03111.jpg,1,cifake
data/deepfake/image/fake\cifake_fake_03112.jpg,1,cifake
data/deepfake/image/fake\cifake_fake_03113.jpg,1,cifake
data/deepfake/image/fake\cifake_fake_03114.jpg,1,cifake
data/deepfake/image/fake\cifake_fake_03115.jpg,1,cifake
data/deepfake/image/fake\cifake_fake_03116.jpg,1,cifake
data/deepfake/image/fake\cifake_fake_03117.jpg,1,cifake
data/deepfake/image/fake\cifake_fake_03118.jpg,1,cifake
data/deepfake/image/fake\cifake_fake_03119.jpg,1,cifake
data/deepfake/image/fake\cifake_fake_03120.jpg,1,cifake
data/deepfake/image/fake\cifake_fake_03121.jpg,1,cifake
data/deepfake/image/fake\cifake_fake_03122.jpg,1,cifake
data/deepfake/image/fake\cifake_fake_03123.jpg,1,cifake
data/deepfake/image/fake\cifake_fake_03124.jpg,1,cifake
data/deepfake/image/fake\cifake_fake_03125.jpg,1,cifake
data/deepfake/image/fake\cifake_fake_03126.jpg,1,cifake
data/deepfake/image/fake\cifake_fake_03127.jpg,1,cifake
data/deepfake/image/fake\cifake_fake_03128.jpg,1,cifake
data/deepfake/image/fake\cifake_fake_03129.jpg,1,cifake
data/deepfake/image/fake\cifake_fake_03130.jpg,1,cifake
data/deepfake/image/fake\cifake_fake_03131.jpg,1,cifake
data/deepfake/image/fake\cifake_fake_03132.jpg,1,cifake
data/deepfake/image/fake\cifake_fake_03133.jpg,1,cifake
data/deepfake/image/fake\cifake_fake_03134.jpg,1,cifake
data/deepfake/image/fake\cifake_fake_03135.jpg,1,cifake
data/deepfake/image/fake\cifake_fake_03136.jpg,1,cifake
data/deepfake/image/fake\cifake_fake_03137.jpg,1,cifake
data/deepfake/image/fake\cifake_fake_03138.jpg,1,cifake
data/deepfake/image/fake\cifake_fake_03139.jpg,1,cifake
data/deepfake/image/fake\cifake_fake_03140.jpg,1,cifake
data/deepfake/image/fake\cifake_fake_03141.jpg,1,cifake
data/deepfake/image/fake\cifake_fake_03142.jpg,1,cifake
data/deepfake/image/fake\cifake_fake_03143.jpg,1,cifake
data/deepfake/image/fake\cifake_fake_03144.jpg,1,cifake
data/deepfake/image/fake\cifake_fake_03145.jpg,1,cifake
data/deepfake/image/fake\cifake_fake_03146.jpg,1,cifake
data/deepfake/image/fake\cifake_fake_03147.jpg,1,cifake
data/deepfake/image/fake\cifake_fake_03148.jpg,1,cifake
data/deepfake/image/fake\cifake_fake_03149.jpg,1,cifake
data/deepfake/image/fake\cifake_fake_03150.jpg,1,cifake
data/deepfake/image/fake\cifake_fake_03151.jpg,1,cifake
data/deepfake/image/fake\cifake_fake_03152.jpg,1,cifake
data/deepfake/image/fake\cifake_fake_03153.jpg,1,cifake
data/deepfake/image/fake\cifake_fake_03154.jpg,1,cifake
data/deepfake/image/fake\cifake_fake_03155.jpg,1,cifake
data/deepfake/image/fake\cifake_fake_03156.jpg,1,cifake
data/deepfake/image/fake\cifake_fake_03157.jpg,1,cifake
data/deepfake/image/fake\cifake_fake_03158.jpg,1,cifake
data/deepfake/image/fake\cifake_fake_03159.jpg,1,cifake
data/deepfake/image/fake\cifake_fake_03160.jpg,1,cifake
data/deepfake/image/fake\cifake_fake_03161.jpg,1,cifake
data/deepfake/image/fake\cifake_fake_03162.jpg,1,cifake
data/deepfake/image/fake\cifake_fake_03163.jpg,1,cifake
data/deepfake/image/fake\cifake_fake_03164.jpg,1,cifake
data/deepfake/image/fake\cifake_fake_03165.jpg,1,cifake
data/deepfake/image/fake\cifake_fake_03166.jpg,1,cifake
data/deepfake/image/fake\cifake_fake_03167.jpg,1,cifake
data/deepfake/image/fake\cifake_fake_03168.jpg,1,cifake
data/deepfake/image/fake\cifake_fake_03169.jpg,1,cifake
data/deepfake/image/fake\cifake_fake_03170.jpg,1,cifake
data/deepfake/image/fake\cifake_fake_03171.jpg,1,cifake
data/deepfake/image/fake\cifake_fake_03172.jpg,1,cifake
data/deepfake/image/fake\cifake_fake_03173.jpg,1,cifake
data/deepfake/image/fake\cifake_fake_03174.jpg,1,cifake
data/deepfake/image/fake\cifake_fake_03175.jpg,1,cifake
data/deepfake/image/fake\cifake_fake_03176.jpg,1,cifake
data/deepfake/image/fake\cifake_fake_03177.jpg,1,cifake
data/deepfake/image/fake\cifake_fake_03178.jpg,1,cifake
data/deepfake/image/fake\cifake_fake_03179.jpg,1,cifake
data/deepfake/image/fake\cifake_fake_03180.jpg,1,cifake
data/deepfake/image/fake\cifake_fake_03181.jpg,1,cifake
data/deepfake/image/fake\cifake_fake_03182.jpg,1,cifake
data/deepfake/image/fake\cifake_fake_03183.jpg,1,cifake
data/deepfake/image/fake\cifake_fake_03184.jpg,1,cifake
data/deepfake/image/fake\cifake_fake_03185.jpg,1,cifake
data/deepfake/image/fake\cifake_fake_03186.jpg,1,cifake
data/deepfake/image/fake\cifake_fake_03187.jpg,1,cifake
data/deepfake/image/fake\cifake_fake_03188.jpg,1,cifake
data/deepfake/image/fake\cifake_fake_03189.jpg,1,cifake
data/deepfake/image/fake\cifake_fake_03190.jpg,1,cifake
data/deepfake/image/fake\cifake_fake_03191.jpg,1,cifake
data/deepfake/image/fake\cifake_fake_03192.jpg,1,cifake
data/deepfake/image/fake\cifake_fake_03193.jpg,1,cifake
data/deepfake/image/fake\cifake_fake_03194.jpg,1,cifake
data/deepfake/image/fake\cifake_fake_03195.jpg,1,cifake
data/deepfake/image/fake\cifake_fake_03196.jpg,1,cifake
data/deepfake/image/fake\cifake_fake_03197.jpg,1,cifake
data/deepfake/image/fake\cifake_fake_03198.jpg,1,cifake
data/deepfake/image/fake\cifake_fake_03199.jpg,1,cifake
data/deepfake/image/fake\cifake_fake_03200.jpg,1,cifake
data/deepfake/image/fake\cifake_fake_03201.jpg,1,cifake
data/deepfake/image/fake\cifake_fake_03202.jpg,1,cifake
data/deepfake/image/fake\cifake_fake_03203.jpg,1,cifake
data/deepfake/image/fake\cifake_fake_03204.jpg,1,cifake
data/deepfake/image/fake\cifake_fake_03205.jpg,1,cifake
data/deepfake/image/fake\cifake_fake_03206.jpg,1,cifake
data/deepfake/image/fake\cifake_fake_03207.jpg,1,cifake
data/deepfake/image/fake\cifake_fake_03208.jpg,1,cifake
data/deepfake/image/fake\cifake_fake_03209.jpg,1,cifake
data/deepfake/image/fake\cifake_fake_03210.jpg,1,cifake
data/deepfake/image/fake\cifake_fake_03211.jpg,1,cifake
data/deepfake/image/fake\cifake_fake_03212.jpg,1,cifake
data/deepfake/image/fake\cifake_fake_03213.jpg,1,cifake
data/deepfake/image/fake\cifake_fake_03214.jpg,1,cifake
data/deepfake/image/fake\cifake_fake_03215.jpg,1,cifake
data/deepfake/image/fake\cifake_fake_03216.jpg,1,cifake
data/deepfake/image/fake\cifake_fake_03217.jpg,1,cifake
data/deepfake/image/fake\cifake_fake_03218.jpg,1,cifake
data/deepfake/image/fake\cifake_fake_03219.jpg,1,cifake
data/deepfake/image/fake\cifake_fake_03220.jpg,1,cifake
data/deepfake/image/fake\cifake_fake_03221.jpg,1,cifake
data/deepfake/image/fake\cifake_fake_03222.jpg,1,cifake
data/deepfake/image/fake\cifake_fake_03223.jpg,1,cifake
data/deepfake/image/fake\cifake_fake_03224.jpg,1,cifake
data/deepfake/image/fake\cifake_fake_03225.jpg,1,cifake
data/deepfake/image/fake\cifake_fake_03226.jpg,1,cifake
data/deepfake/image/fake\cifake_fake_03227.jpg,1,cifake
data/deepfake/image/fake\cifake_fake_03228.jpg,1,cifake
data/deepfake/image/fake\cifake_fake_03229.jpg,1,cifake
data/deepfake/image/fake\cifake_fake_03230.jpg,1,cifake
data/deepfake/image/fake\cifake_fake_03231.jpg,1,cifake
data/deepfake/image/fake\cifake_fake_03232.jpg,1,cifake
data/deepfake/image/fake\cifake_fake_03233.jpg,1,cifake
data/deepfake/image/fake\cifake_fake_03234.jpg,1,cifake
data/deepfake/image/fake\cifake_fake_03235.jpg,1,cifake
data/deepfake/image/fake\cifake_fake_03236.jpg,1,cifake
data/deepfake/image/fake\cifake_fake_03237.jpg,1,cifake
data/deepfake/image/fake\cifake_fake_03238.jpg,1,cifake
data/deepfake/image/fake\cifake_fake_03239.jpg,1,cifake
data/deepfake/image/fake\cifake_fake_03240.jpg,1,cifake
data/deepfake/image/fake\cifake_fake_03241.jpg,1,cifake
data/deepfake/image/fake\cifake_fake_03242.jpg,1,cifake
data/deepfake/image/fake\cifake_fake_03243.jpg,1,cifake
data/deepfake/image/fake\cifake_fake_03244.jpg,1,cifake
data/deepfake/image/fake\cifake_fake_03245.jpg,1,cifake
data/deepfake/image/fake\cifake_fake_03246.jpg,1,cifake
data/deepfake/image/fake\cifake_fake_03247.jpg,1,cifake
data/deepfake/image/fake\cifake_fake_03248.jpg,1,cifake
data/deepfake/image/fake\cifake_fake_03249.jpg,1,cifake
data/deepfake/image/fake\cifake_fake_03250.jpg,1,cifake
data/deepfake/image/fake\cifake_fake_03251.jpg,1,cifake
data/deepfake/image/fake\cifake_fake_03252.jpg,1,cifake
data/deepfake/image/fake\cifake_fake_03253.jpg,1,cifake
data/deepfake/image/fake\cifake_fake_03254.jpg,1,cifake
data/deepfake/image/fake\cifake_fake_03255.jpg,1,cifake
data/deepfake/image/fake\cifake_fake_03256.jpg,1,cifake
data/deepfake/image/fake\cifake_fake_03257.jpg,1,cifake
data/deepfake/image/fake\cifake_fake_03258.jpg,1,cifake
data/deepfake/image/fake\cifake_fake_03259.jpg,1,cifake
data/deepfake/image/fake\cifake_fake_03260.jpg,1,cifake
data/deepfake/image/fake\cifake_fake_03261.jpg,1,cifake
data/deepfake/image/fake\cifake_fake_03262.jpg,1,cifake
data/deepfake/image/fake\cifake_fake_03263.jpg,1,cifake
data/deepfake/image/fake\cifake_fake_03264.jpg,1,cifake
data/deepfake/image/fake\cifake_fake_03265.jpg,1,cifake
data/deepfake/image/fake\cifake_fake_03266.jpg,1,cifake
data/deepfake/image/fake\cifake_fake_03267.jpg,1,cifake
data/deepfake/image/fake\cifake_fake_03268.jpg,1,cifake
data/deepfake/image/fake\cifake_fake_03269.jpg,1,cifake
data/deepfake/image/fake\cifake_fake_03270.jpg,1,cifake
data/deepfake/image/fake\cifake_fake_03271.jpg,1,cifake
data/deepfake/image/fake\cifake_fake_03272.jpg,1,cifake
data/deepfake/image/fake\cifake_fake_03273.jpg,1,cifake
data/deepfake/image/fake\cifake_fake_03274.jpg,1,cifake
data/deepfake/image/fake\cifake_fake_03275.jpg,1,cifake
data/deepfake/image/fake\cifake_fake_03276.jpg,1,cifake
data/deepfake/image/fake\cifake_fake_03277.jpg,1,cifake
data/deepfake/image/fake\cifake_fake_03278.jpg,1,cifake
data/deepfake/image/fake\cifake_fake_03279.jpg,1,cifake
data/deepfake/image/fake\cifake_fake_03280.jpg,1,cifake
data/deepfake/image/fake\cifake_fake_03281.jpg,1,cifake
data/deepfake/image/fake\cifake_fake_03282.jpg,1,cifake
data/deepfake/image/fake\cifake_fake_03283.jpg,1,cifake
data/deepfake/image/fake\cifake_fake_03284.jpg,1,cifake
data/deepfake/image/fake\cifake_fake_03285.jpg,1,cifake
data/deepfake/image/fake\cifake_fake_03286.jpg,1,cifake
data/deepfake/image/fake\cifake_fake_03287.jpg,1,cifake
data/deepfake/image/fake\cifake_fake_03288.jpg,1,cifake
data/deepfake/image/fake\cifake_fake_03289.jpg,1,cifake
data/deepfake/image/fake\cifake_fake_03290.jpg,1,cifake
data/deepfake/image/fake\cifake_fake_03291.jpg,1,cifake
data/deepfake/image/fake\cifake_fake_03292.jpg,1,cifake
data/deepfake/image/fake\cifake_fake_03293.jpg,1,cifake
data/deepfake/image/fake\cifake_fake_03294.jpg,1,cifake
data/deepfake/image/fake\cifake_fake_03295.jpg,1,cifake
data/deepfake/image/fake\cifake_fake_03296.jpg,1,cifake
data/deepfake/image/fake\cifake_fake_03297.jpg,1,cifake
data/deepfake/image/fake\cifake_fake_03298.jpg,1,cifake
data/deepfake/image/fake\cifake_fake_03299.jpg,1,cifake
data/deepfake/image/fake\cifake_fake_03300.jpg,1,cifake
data/deepfake/image/fake\cifake_fake_03301.jpg,1,cifake
data/deepfake/image/fake\cifake_fake_03302.jpg,1,cifake
data/deepfake/image/fake\cifake_fake_03303.jpg,1,cifake
data/deepfake/image/fake\cifake_fake_03304.jpg,1,cifake
data/deepfake/image/fake\cifake_fake_03305.jpg,1,cifake
data/deepfake/image/fake\cifake_fake_03306.jpg,1,cifake
data/deepfake/image/fake\cifake_fake_03307.jpg,1,cifake
data/deepfake/image/fake\cifake_fake_03308.jpg,1,cifake
data/deepfake/image/fake\cifake_fake_03309.jpg,1,cifake
data/deepfake/image/fake\cifake_fake_03310.jpg,1,cifake
data/deepfake/image/fake\cifake_fake_03311.jpg,1,cifake
data/deepfake/image/fake\cifake_fake_03312.jpg,1,cifake
data/deepfake/image/fake\cifake_fake_03313.jpg,1,cifake
data/deepfake/image/fake\cifake_fake_03314.jpg,1,cifake
data/deepfake/image/fake\cifake_fake_03315.jpg,1,cifake
data/deepfake/image/fake\cifake_fake_03316.jpg,1,cifake
data/deepfake/image/fake\cifake_fake_03317.jpg,1,cifake
data/deepfake/image/fake\cifake_fake_03318.jpg,1,cifake
data/deepfake/image/fake\cifake_fake_03319.jpg,1,cifake
data/deepfake/image/fake\cifake_fake_03320.jpg,1,cifake
data/deepfake/image/fake\cifake_fake_03321.jpg,1,cifake
data/deepfake/image/fake\cifake_fake_03322.jpg,1,cifake
data/deepfake/image/fake\cifake_fake_03323.jpg,1,cifake
data/deepfake/image/fake\cifake_fake_03324.jpg,1,cifake
data/deepfake/image/fake\cifake_fake_03325.jpg,1,cifake
data/deepfake/image/fake\cifake_fake_03326.jpg,1,cifake
data/deepfake/image/fake\cifake_fake_03327.jpg,1,cifake
data/deepfake/image/fake\cifake_fake_03328.jpg,1,cifake
data/deepfake/image/fake\cifake_fake_03329.jpg,1,cifake
data/deepfake/image/fake\cifake_fake_03330.jpg,1,cifake
data/deepfake/image/fake\cifake_fake_03331.jpg,1,cifake
data/deepfake/image/fake\cifake_fake_03332.jpg,1,cifake
data/deepfake/image/fake\cifake_fake_03333.jpg,1,cifake
data/deepfake/image/fake\cifake_fake_03334.jpg,1,cifake
data/deepfake/image/fake\cifake_fake_03335.jpg,1,cifake
data/deepfake/image/fake\cifake_fake_03336.jpg,1,cifake
data/deepfake/image/fake\cifake_fake_03337.jpg,1,cifake
data/deepfake/image/fake\cifake_fake_03338.jpg,1,cifake
data/deepfake/image/fake\cifake_fake_03339.jpg,1,cifake
data/deepfake/image/fake\cifake_fake_03340.jpg,1,cifake
data/deepfake/image/fake\cifake_fake_03341.jpg,1,cifake
data/deepfake/image/fake\cifake_fake_03342.jpg,1,cifake
data/deepfake/image/fake\cifake_fake_03343.jpg,1,cifake
data/deepfake/image/fake\cifake_fake_03344.jpg,1,cifake
data/deepfake/image/fake\cifake_fake_03345.jpg,1,cifake
data/deepfake/image/fake\cifake_fake_03346.jpg,1,cifake
data/deepfake/image/fake\cifake_fake_03347.jpg,1,cifake
data/deepfake/image/fake\cifake_fake_03348.jpg,1,cifake
data/deepfake/image/fake\cifake_fake_03349.jpg,1,cifake
data/deepfake/image/fake\cifake_fake_03350.jpg,1,cifake
data/deepfake/image/fake\cifake_fake_03351.jpg,1,cifake
data/deepfake/image/fake\cifake_fake_03352.jpg,1,cifake
data/deepfake/image/fake\cifake_fake_03353.jpg,1,cifake
data/deepfake/image/fake\cifake_fake_03354.jpg,1,cifake
data/deepfake/image/fake\cifake_fake_03355.jpg,1,cifake
data/deepfake/image/fake\cifake_fake_03356.jpg,1,cifake
data/deepfake/image/fake\cifake_fake_03357.jpg,1,cifake
data/deepfake/image/fake\cifake_fake_03358.jpg,1,cifake
data/deepfake/image/fake\cifake_fake_03359.jpg,1,cifake
data/deepfake/image/fake\cifake_fake_03360.jpg,1,cifake
data/deepfake/image/fake\cifake_fake_03361.jpg,1,cifake
data/deepfake/image/fake\cifake_fake_03362.jpg,1,cifake
data/deepfake/image/fake\cifake_fake_03363.jpg,1,cifake
data/deepfake/image/fake\cifake_fake_03364.jpg,1,cifake
data/deepfake/image/fake\cifake_fake_03365.jpg,1,cifake
data/deepfake/image/fake\cifake_fake_03366.jpg,1,cifake
data/deepfake/image/fake\cifake_fake_03367.jpg,1,cifake
data/deepfake/image/fake\cifake_fake_03368.jpg,1,cifake
data/deepfake/image/fake\cifake_fake_03369.jpg,1,cifake
data/deepfake/image/fake\cifake_fake_03370.jpg,1,cifake
data/deepfake/image/fake\cifake_fake_03371.jpg,1,cifake
data/deepfake/image/fake\cifake_fake_03372.jpg,1,cifake
data/deepfake/image/fake\cifake_fake_03373.jpg,1,cifake
data/deepfake/image/fake\cifake_fake_03374.jpg,1,cifake
data/deepfake/image/fake\cifake_fake_03375.jpg,1,cifake
data/deepfake/image/fake\cifake_fake_03376.jpg,1,cifake
data/deepfake/image/fake\cifake_fake_03377.jpg,1,cifake
data/deepfake/image/fake\cifake_fake_03378.jpg,1,cifake
data/deepfake/image/fake\cifake_fake_03379.jpg,1,cifake
data/deepfake/image/fake\cifake_fake_03380.jpg,1,cifake
data/deepfake/image/fake\cifake_fake_03381.jpg,1,cifake
data/deepfake/image/fake\cifake_fake_03382.jpg,1,cifake
data/deepfake/image/fake\cifake_fake_03383.jpg,1,cifake
data/deepfake/image/fake\cifake_fake_03384.jpg,1,cifake
data/deepfake/image/fake\cifake_fake_03385.jpg,1,cifake
data/deepfake/image/fake\cifake_fake_03386.jpg,1,cifake
data/deepfake/image/fake\cifake_fake_03387.jpg,1,cifake
data/deepfake/image/fake\cifake_fake_03388.jpg,1,cifake
data/deepfake/image/fake\cifake_fake_03389.jpg,1,cifake
data/deepfake/image/fake\cifake_fake_03390.jpg,1,cifake
data/deepfake/image/fake\cifake_fake_03391.jpg,1,cifake
data/deepfake/image/fake\cifake_fake_03392.jpg,1,cifake
data/deepfake/image/fake\cifake_fake_03393.jpg,1,cifake
data/deepfake/image/fake\cifake_fake_03394.jpg,1,cifake
data/deepfake/image/fake\cifake_fake_03395.jpg,1,cifake
data/deepfake/image/fake\cifake_fake_03396.jpg,1,cifake
data/deepfake/image/fake\cifake_fake_03397.jpg,1,cifake
data/deepfake/image/fake\cifake_fake_03398.jpg,1,cifake
data/deepfake/image/fake\cifake_fake_03399.jpg,1,cifake
data/deepfake/image/fake\cifake_fake_03400.jpg,1,cifake
data/deepfake/image/fake\cifake_fake_03401.jpg,1,cifake
data/deepfake/image/fake\cifake_fake_03402.jpg,1,cifake
data/deepfake/image/fake\cifake_fake_03403.jpg,1,cifake
data/deepfake/image/fake\cifake_fake_03404.jpg,1,cifake
data/deepfake/image/fake\cifake_fake_03405.jpg,1,cifake
data/deepfake/image/fake\cifake_fake_03406.jpg,1,cifake
data/deepfake/image/fake\cifake_fake_03407.jpg,1,cifake
data/deepfake/image/fake\cifake_fake_03408.jpg,1,cifake
data/deepfake/image/fake\cifake_fake_03409.jpg,1,cifake
data/deepfake/image/fake\cifake_fake_03410.jpg,1,cifake
data/deepfake/image/fake\cifake_fake_03411.jpg,1,cifake
data/deepfake/image/fake\cifake_fake_03412.jpg,1,cifake
data/deepfake/image/fake\cifake_fake_03413.jpg,1,cifake
data/deepfake/image/fake\cifake_fake_03414.jpg,1,cifake
data/deepfake/image/fake\cifake_fake_03415.jpg,1,cifake
data/deepfake/image/fake\cifake_fake_03416.jpg,1,cifake
data/deepfake/image/fake\cifake_fake_03417.jpg,1,cifake
data/deepfake/image/fake\cifake_fake_03418.jpg,1,cifake
data/deepfake/image/fake\cifake_fake_03419.jpg,1,cifake
data/deepfake/image/fake\cifake_fake_03420.jpg,1,cifake
data/deepfake/image/fake\cifake_fake_03421.jpg,1,cifake
data/deepfake/image/fake\cifake_fake_03422.jpg,1,cifake
data/deepfake/image/fake\cifake_fake_03423.jpg,1,cifake
data/deepfake/image/fake\cifake_fake_03424.jpg,1,cifake
data/deepfake/image/fake\cifake_fake_03425.jpg,1,cifake
data/deepfake/image/fake\cifake_fake_03426.jpg,1,cifake
data/deepfake/image/fake\cifake_fake_03427.jpg,1,cifake
data/deepfake/image/fake\cifake_fake_03428.jpg,1,cifake
data/deepfake/image/fake\cifake_fake_03429.jpg,1,cifake
data/deepfake/image/fake\cifake_fake_03430.jpg,1,cifake
data/deepfake/image/fake\cifake_fake_03431.jpg,1,cifake
data/deepfake/image/fake\cifake_fake_03432.jpg,1,cifake
data/deepfake/image/fake\cifake_fake_03433.jpg,1,cifake
data/deepfake/image/fake\cifake_fake_03434.jpg,1,cifake
data/deepfake/image/fake\cifake_fake_03435.jpg,1,cifake
data/deepfake/image/fake\cifake_fake_03436.jpg,1,cifake
data/deepfake/image/fake\cifake_fake_03437.jpg,1,cifake
data/deepfake/image/fake\cifake_fake_03438.jpg,1,cifake
data/deepfake/image/fake\cifake_fake_03439.jpg,1,cifake
data/deepfake/image/fake\cifake_fake_03440.jpg,1,cifake
data/deepfake/image/fake\cifake_fake_03441.jpg,1,cifake
data/deepfake/image/fake\cifake_fake_03442.jpg,1,cifake
data/deepfake/image/fake\cifake_fake_03443.jpg,1,cifake
data/deepfake/image/fake\cifake_fake_03444.jpg,1,cifake
data/deepfake/image/fake\cifake_fake_03445.jpg,1,cifake
data/deepfake/image/fake\cifake_fake_03446.jpg,1,cifake
data/deepfake/image/fake\cifake_fake_03447.jpg,1,cifake
data/deepfake/image/fake\cifake_fake_03448.jpg,1,cifake
data/deepfake/image/fake\cifake_fake_03449.jpg,1,cifake
data/deepfake/image/fake\cifake_fake_03450.jpg,1,cifake
data/deepfake/image/fake\cifake_fake_03451.jpg,1,cifake
data/deepfake/image/fake\cifake_fake_03452.jpg,1,cifake
data/deepfake/image/fake\cifake_fake_03453.jpg,1,cifake
data/deepfake/image/fake\cifake_fake_03454.jpg,1,cifake
data/deepfake/image/fake\cifake_fake_03455.jpg,1,cifake
data/deepfake/image/fake\cifake_fake_03456.jpg,1,cifake
data/deepfake/image/fake\cifake_fake_03457.jpg,1,cifake
data/deepfake/image/fake\cifake_fake_03458.jpg,1,cifake
data/deepfake/image/fake\cifake_fake_03459.jpg,1,cifake
data/deepfake/image/fake\cifake_fake_03460.jpg,1,cifake
data/deepfake/image/fake\cifake_fake_03461.jpg,1,cifake
data/deepfake/image/fake\cifake_fake_03462.jpg,1,cifake
data/deepfake/image/fake\cifake_fake_03463.jpg,1,cifake
data/deepfake/image/fake\cifake_fake_03464.jpg,1,cifake
data/deepfake/image/fake\cifake_fake_03465.jpg,1,cifake
data/deepfake/image/fake\cifake_fake_03466.jpg,1,cifake
data/deepfake/image/fake\cifake_fake_03467.jpg,1,cifake
data/deepfake/image/fake\cifake_fake_03468.jpg,1,cifake
data/deepfake/image/fake\cifake_fake_03469.jpg,1,cifake
data/deepfake/image/fake\cifake_fake_03470.jpg,1,cifake
data/deepfake/image/fake\cifake_fake_03471.jpg,1,cifake
data/deepfake/image/fake\cifake_fake_03472.jpg,1,cifake
data/deepfake/image/fake\cifake_fake_03473.jpg,1,cifake
data/deepfake/image/fake\cifake_fake_03474.jpg,1,cifake
data/deepfake/image/fake\cifake_fake_03475.jpg,1,cifake
data/deepfake/image/fake\cifake_fake_03476.jpg,1,cifake
data/deepfake/image/fake\cifake_fake_03477.jpg,1,cifake
data/deepfake/image/fake\cifake_fake_03478.jpg,1,cifake
data/deepfake/image/fake\cifake_fake_03479.jpg,1,cifake
data/deepfake/image/fake\cifake_fake_03480.jpg,1,cifake
data/deepfake/image/fake\cifake_fake_03481.jpg,1,cifake
data/deepfake/image/fake\cifake_fake_03482.jpg,1,cifake
data/deepfake/image/fake\cifake_fake_03483.jpg,1,cifake
data/deepfake/image/fake\cifake_fake_03484.jpg,1,cifake
data/deepfake/image/fake\cifake_fake_03485.jpg,1,cifake
data/deepfake/image/fake\cifake_fake_03486.jpg,1,cifake
data/deepfake/image/fake\cifake_fake_03487.jpg,1,cifake
data/deepfake/image/fake\cifake_fake_03488.jpg,1,cifake
data/deepfake/image/fake\cifake_fake_03489.jpg,1,cifake
data/deepfake/image/fake\cifake_fake_03490.jpg,1,cifake
data/deepfake/image/fake\cifake_fake_03491.jpg,1,cifake
data/deepfake/image/fake\cifake_fake_03492.jpg,1,cifake
data/deepfake/image/fake\cifake_fake_03493.jpg,1,cifake
data/deepfake/image/fake\cifake_fake_03494.jpg,1,cifake
data/deepfake/image/fake\cifake_fake_03495.jpg,1,cifake
data/deepfake/image/fake\cifake_fake_03496.jpg,1,cifake
data/deepfake/image/fake\cifake_fake_03497.jpg,1,cifake
data/deepfake/image/fake\cifake_fake_03498.jpg,1,cifake
data/deepfake/image/fake\cifake_fake_03499.jpg,1,cifake
data/deepfake/image/fake\cifake_fake_03500.jpg,1,cifake
data/deepfake/image/fake\cifake_fake_03501.jpg,1,cifake
data/deepfake/image/fake\cifake_fake_03502.jpg,1,cifake
data/deepfake/image/fake\cifake_fake_03503.jpg,1,cifake
data/deepfake/image/fake\cifake_fake_03504.jpg,1,cifake
data/deepfake/image/fake\cifake_fake_03505.jpg,1,cifake
data/deepfake/image/fake\cifake_fake_03506.jpg,1,cifake
data/deepfake/image/fake\cifake_fake_03507.jpg,1,cifake
data/deepfake/image/fake\cifake_fake_03508.jpg,1,cifake
data/deepfake/image/fake\cifake_fake_03509.jpg,1,cifake
data/deepfake/image/fake\cifake_fake_03510.jpg,1,cifake
data/deepfake/image/fake\cifake_fake_03511.jpg,1,cifake
data/deepfake/image/fake\cifake_fake_03512.jpg,1,cifake
data/deepfake/image/fake\cifake_fake_03513.jpg,1,cifake
data/deepfake/image/fake\cifake_fake_03514.jpg,1,cifake
data/deepfake/image/fake\cifake_fake_03515.jpg,1,cifake
data/deepfake/image/fake\cifake_fake_03516.jpg,1,cifake
data/deepfake/image/fake\cifake_fake_03517.jpg,1,cifake
data/deepfake/image/fake\cifake_fake_03518.jpg,1,cifake
data/deepfake/image/fake\cifake_fake_03519.jpg,1,cifake
data/deepfake/image/fake\cifake_fake_03520.jpg,1,cifake
data/deepfake/image/fake\cifake_fake_03521.jpg,1,cifake
data/deepfake/image/fake\cifake_fake_03522.jpg,1,cifake
data/deepfake/image/fake\cifake_fake_03523.jpg,1,cifake
data/deepfake/image/fake\cifake_fake_03524.jpg,1,cifake
data/deepfake/image/fake\cifake_fake_03525.jpg,1,cifake
data/deepfake/image/fake\cifake_fake_03526.jpg,1,cifake
data/deepfake/image/fake\cifake_fake_03527.jpg,1,cifake
data/deepfake/image/fake\cifake_fake_03528.jpg,1,cifake
data/deepfake/image/fake\cifake_fake_03529.jpg,1,cifake
data/deepfake/image/fake\cifake_fake_03530.jpg,1,cifake
data/deepfake/image/fake\cifake_fake_03531.jpg,1,cifake
data/deepfake/image/fake\cifake_fake_03532.jpg,1,cifake
data/deepfake/image/fake\cifake_fake_03533.jpg,1,cifake
data/deepfake/image/fake\cifake_fake_03534.jpg,1,cifake
data/deepfake/image/fake\cifake_fake_03535.jpg,1,cifake
data/deepfake/image/fake\cifake_fake_03536.jpg,1,cifake
data/deepfake/image/fake\cifake_fake_03537.jpg,1,cifake
data/deepfake/image/fake\cifake_fake_03538.jpg,1,cifake
data/deepfake/image/fake\cifake_fake_03539.jpg,1,cifake
data/deepfake/image/fake\cifake_fake_03540.jpg,1,cifake
data/deepfake/image/fake\cifake_fake_03541.jpg,1,cifake
data/deepfake/image/fake\cifake_fake_03542.jpg,1,cifake
data/deepfake/image/fake\cifake_fake_03543.jpg,1,cifake
data/deepfake/image/fake\cifake_fake_03544.jpg,1,cifake
data/deepfake/image/fake\cifake_fake_03545.jpg,1,cifake
data/deepfake/image/fake\cifake_fake_03546.jpg,1,cifake
data/deepfake/image/fake\cifake_fake_03547.jpg,1,cifake
data/deepfake/image/fake\cifake_fake_03548.jpg,1,cifake
data/deepfake/image/fake\cifake_fake_03549.jpg,1,cifake
data/deepfake/image/fake\cifake_fake_03550.jpg,1,cifake
data/deepfake/image/fake\cifake_fake_03551.jpg,1,cifake
data/deepfake/image/fake\cifake_fake_03552.jpg,1,cifake
data/deepfake/image/fake\cifake_fake_03553.jpg,1,cifake
data/deepfake/image/fake\cifake_fake_03554.jpg,1,cifake
data/deepfake/image/fake\cifake_fake_03555.jpg,1,cifake
data/deepfake/image/fake\cifake_fake_03556.jpg,1,cifake
data/deepfake/image/fake\cifake_fake_03557.jpg,1,cifake
data/deepfake/image/fake\cifake_fake_03558.jpg,1,cifake
data/deepfake/image/fake\cifake_fake_03559.jpg,1,cifake
data/deepfake/image/fake\cifake_fake_03560.jpg,1,cifake
data/deepfake/image/fake\cifake_fake_03561.jpg,1,cifake
data/deepfake/image/fake\cifake_fake_03562.jpg,1,cifake
data/deepfake/image/fake\cifake_fake_03563.jpg,1,cifake
data/deepfake/image/fake\cifake_fake_03564.jpg,1,cifake
data/deepfake/image/fake\cifake_fake_03565.jpg,1,cifake
data/deepfake/image/fake\cifake_fake_03566.jpg,1,cifake
data/deepfake/image/fake\cifake_fake_03567.jpg,1,cifake
data/deepfake/image/fake\cifake_fake_03568.jpg,1,cifake
data/deepfake/image/fake\cifake_fake_03569.jpg,1,cifake
data/deepfake/image/fake\cifake_fake_03570.jpg,1,cifake
data/deepfake/image/fake\cifake_fake_03571.jpg,1,cifake
data/deepfake/image/fake\cifake_fake_03572.jpg,1,cifake
data/deepfake/image/fake\cifake_fake_03573.jpg,1,cifake
data/deepfake/image/fake\cifake_fake_03574.jpg,1,cifake
data/deepfake/image/fake\cifake_fake_03575.jpg,1,cifake
data/deepfake/image/fake\cifake_fake_03576.jpg,1,cifake
data/deepfake/image/fake\cifake_fake_03577.jpg,1,cifake
data/deepfake/image/fake\cifake_fake_03578.jpg,1,cifake
data/deepfake/image/fake\cifake_fake_03579.jpg,1,cifake
data/deepfake/image/fake\cifake_fake_03580.jpg,1,cifake
data/deepfake/image/fake\cifake_fake_03581.jpg,1,cifake
data/deepfake/image/fake\cifake_fake_03582.jpg,1,cifake
data/deepfake/image/fake\cifake_fake_03583.jpg,1,cifake
data/deepfake/image/fake\cifake_fake_03584.jpg,1,cifake
data/deepfake/image/fake\cifake_fake_03585.jpg,1,cifake
data/deepfake/image/fake\cifake_fake_03586.jpg,1,cifake
data/deepfake/image/fake\cifake_fake_03587.jpg,1,cifake
data/deepfake/image/fake\cifake_fake_03588.jpg,1,cifake
data/deepfake/image/fake\cifake_fake_03589.jpg,1,cifake
data/deepfake/image/fake\cifake_fake_03590.jpg,1,cifake
data/deepfake/image/fake\cifake_fake_03591.jpg,1,cifake
data/deepfake/image/fake\cifake_fake_03592.jpg,1,cifake
data/deepfake/image/fake\cifake_fake_03593.jpg,1,cifake
data/deepfake/image/fake\cifake_fake_03594.jpg,1,cifake
data/deepfake/image/fake\cifake_fake_03595.jpg,1,cifake
data/deepfake/image/fake\cifake_fake_03596.jpg,1,cifake
data/deepfake/image/fake\cifake_fake_03597.jpg,1,cifake
data/deepfake/image/fake\cifake_fake_03598.jpg,1,cifake
data/deepfake/image/fake\cifake_fake_03599.jpg,1,cifake
data/deepfake/image/fake\cifake_fake_03600.jpg,1,cifake
data/deepfake/image/fake\cifake_fake_03601.jpg,1,cifake
data/deepfake/image/fake\cifake_fake_03602.jpg,1,cifake
data/deepfake/image/fake\cifake_fake_03603.jpg,1,cifake
data/deepfake/image/fake\cifake_fake_03604.jpg,1,cifake
data/deepfake/image/fake\cifake_fake_03605.jpg,1,cifake
data/deepfake/image/fake\cifake_fake_03606.jpg,1,cifake
data/deepfake/image/fake\cifake_fake_03607.jpg,1,cifake
data/deepfake/image/fake\cifake_fake_03608.jpg,1,cifake
data/deepfake/image/fake\cifake_fake_03609.jpg,1,cifake
data/deepfake/image/fake\cifake_fake_03610.jpg,1,cifake
data/deepfake/image/fake\cifake_fake_03611.jpg,1,cifake
data/deepfake/image/fake\cifake_fake_03612.jpg,1,cifake
data/deepfake/image/fake\cifake_fake_03613.jpg,1,cifake
data/deepfake/image/fake\cifake_fake_03614.jpg,1,cifake
data/deepfake/image/fake\cifake_fake_03615.jpg,1,cifake
data/deepfake/image/fake\cifake_fake_03616.jpg,1,cifake
data/deepfake/image/fake\cifake_fake_03617.jpg,1,cifake
data/deepfake/image/fake\cifake_fake_03618.jpg,1,cifake
data/deepfake/image/fake\cifake_fake_03619.jpg,1,cifake
data/deepfake/image/fake\cifake_fake_03620.jpg,1,cifake
data/deepfake/image/fake\cifake_fake_03621.jpg,1,cifake
data/deepfake/image/fake\cifake_fake_03622.jpg,1,cifake
data/deepfake/image/fake\cifake_fake_03623.jpg,1,cifake
data/deepfake/image/fake\cifake_fake_03624.jpg,1,cifake
data/deepfake/image/fake\cifake_fake_03625.jpg,1,cifake
data/deepfake/image/fake\cifake_fake_03626.jpg,1,cifake
data/deepfake/image/fake\cifake_fake_03627.jpg,1,cifake
data/deepfake/image/fake\cifake_fake_03628.jpg,1,cifake
data/deepfake/image/fake\cifake_fake_03629.jpg,1,cifake
data/deepfake/image/fake\cifake_fake_03630.jpg,1,cifake
data/deepfake/image/fake\cifake_fake_03631.jpg,1,cifake
data/deepfake/image/fake\cifake_fake_03632.jpg,1,cifake
data/deepfake/image/fake\cifake_fake_03633.jpg,1,cifake
data/deepfake/image/fake\cifake_fake_03634.jpg,1,cifake
data/deepfake/image/fake\cifake_fake_03635.jpg,1,cifake
data/deepfake/image/fake\cifake_fake_03636.jpg,1,cifake
data/deepfake/image/fake\cifake_fake_03637.jpg,1,cifake
data/deepfake/image/fake\cifake_fake_03638.jpg,1,cifake
data/deepfake/image/fake\cifake_fake_03639.jpg,1,cifake
data/deepfake/image/fake\cifake_fake_03640.jpg,1,cifake
data/deepfake/image/fake\cifake_fake_03641.jpg,1,cifake
data/deepfake/image/fake\cifake_fake_03642.jpg,1,cifake
data/deepfake/image/fake\cifake_fake_03643.jpg,1,cifake
data/deepfake/image/fake\cifake_fake_03644.jpg,1,cifake
data/deepfake/image/fake\cifake_fake_03645.jpg,1,cifake
data/deepfake/image/fake\cifake_fake_03646.jpg,1,cifake
data/deepfake/image/fake\cifake_fake_03647.jpg,1,cifake
data/deepfake/image/fake\cifake_fake_03648.jpg,1,cifake
data/deepfake/image/fake\cifake_fake_03649.jpg,1,cifake
data/deepfake/image/fake\cifake_fake_03650.jpg,1,cifake
data/deepfake/image/fake\cifake_fake_03651.jpg,1,cifake
data/deepfake/image/fake\cifake_fake_03652.jpg,1,cifake
data/deepfake/image/fake\cifake_fake_03653.jpg,1,cifake
data/deepfake/image/fake\cifake_fake_03654.jpg,1,cifake
data/deepfake/image/fake\cifake_fake_03655.jpg,1,cifake
data/deepfake/image/fake\cifake_fake_03656.jpg,1,cifake
data/deepfake/image/fake\cifake_fake_03657.jpg,1,cifake
data/deepfake/image/fake\cifake_fake_03658.jpg,1,cifake
data/deepfake/image/fake\cifake_fake_03659.jpg,1,cifake
data/deepfake/image/fake\cifake_fake_03660.jpg,1,cifake
data/deepfake/image/fake\cifake_fake_03661.jpg,1,cifake
data/deepfake/image/fake\cifake_fake_03662.jpg,1,cifake
data/deepfake/image/fake\cifake_fake_03663.jpg,1,cifake
data/deepfake/image/fake\cifake_fake_03664.jpg,1,cifake
data/deepfake/image/fake\cifake_fake_03665.jpg,1,cifake
data/deepfake/image/fake\cifake_fake_03666.jpg,1,cifake
data/deepfake/image/fake\cifake_fake_03667.jpg,1,cifake
data/deepfake/image/fake\cifake_fake_03668.jpg,1,cifake
data/deepfake/image/fake\cifake_fake_03669.jpg,1,cifake
data/deepfake/image/fake\cifake_fake_03670.jpg,1,cifake
data/deepfake/image/fake\cifake_fake_03671.jpg,1,cifake
data/deepfake/image/fake\cifake_fake_03672.jpg,1,cifake
data/deepfake/image/fake\cifake_fake_03673.jpg,1,cifake
data/deepfake/image/fake\cifake_fake_03674.jpg,1,cifake
data/deepfake/image/fake\cifake_fake_03675.jpg,1,cifake
data/deepfake/image/fake\cifake_fake_03676.jpg,1,cifake
data/deepfake/image/fake\cifake_fake_03677.jpg,1,cifake
data/deepfake/image/fake\cifake_fake_03678.jpg,1,cifake
data/deepfake/image/fake\cifake_fake_03679.jpg,1,cifake
data/deepfake/image/fake\cifake_fake_03680.jpg,1,cifake
data/deepfake/image/fake\cifake_fake_03681.jpg,1,cifake
data/deepfake/image/fake\cifake_fake_03682.jpg,1,cifake
data/deepfake/image/fake\cifake_fake_03683.jpg,1,cifake
data/deepfake/image/fake\cifake_fake_03684.jpg,1,cifake
data/deepfake/image/fake\cifake_fake_03685.jpg,1,cifake
data/deepfake/image/fake\cifake_fake_03686.jpg,1,cifake
data/deepfake/image/fake\cifake_fake_03687.jpg,1,cifake
data/deepfake/image/fake\cifake_fake_03688.jpg,1,cifake
data/deepfake/image/fake\cifake_fake_03689.jpg,1,cifake
data/deepfake/image/fake\cifake_fake_03690.jpg,1,cifake
data/deepfake/image/fake\cifake_fake_03691.jpg,1,cifake
data/deepfake/image/fake\cifake_fake_03692.jpg,1,cifake
data/deepfake/image/fake\cifake_fake_03693.jpg,1,cifake
data/deepfake/image/fake\cifake_fake_03694.jpg,1,cifake
data/deepfake/image/fake\cifake_fake_03695.jpg,1,cifake
data/deepfake/image/fake\cifake_fake_03696.jpg,1,cifake
data/deepfake/image/fake\cifake_fake_03697.jpg,1,cifake
data/deepfake/image/fake\cifake_fake_03698.jpg,1,cifake
data/deepfake/image/fake\cifake_fake_03699.jpg,1,cifake
data/deepfake/image/fake\cifake_fake_03700.jpg,1,cifake
data/deepfake/image/fake\cifake_fake_03701.jpg,1,cifake
data/deepfake/image/fake\cifake_fake_03702.jpg,1,cifake
data/deepfake/image/fake\cifake_fake_03703.jpg,1,cifake
data/deepfake/image/fake\cifake_fake_03704.jpg,1,cifake
data/deepfake/image/fake\cifake_fake_03705.jpg,1,cifake
data/deepfake/image/fake\cifake_fake_03706.jpg,1,cifake
data/deepfake/image/fake\cifake_fake_03707.jpg,1,cifake
data/deepfake/image/fake\cifake_fake_03708.jpg,1,cifake
data/deepfake/image/fake\cifake_fake_03709.jpg,1,cifake
data/deepfake/image/fake\cifake_fake_03710.jpg,1,cifake
data/deepfake/image/fake\cifake_fake_03711.jpg,1,cifake
data/deepfake/image/fake\cifake_fake_03712.jpg,1,cifake
data/deepfake/image/fake\cifake_fake_03713.jpg,1,cifake
data/deepfake/image/fake\cifake_fake_03714.jpg,1,cifake
data/deepfake/image/fake\cifake_fake_03715.jpg,1,cifake
data/deepfake/image/fake\cifake_fake_03716.jpg,1,cifake
data/deepfake/image/fake\cifake_fake_03717.jpg,1,cifake
data/deepfake/image/fake\cifake_fake_03718.jpg,1,cifake
data/deepfake/image/fake\cifake_fake_03719.jpg,1,cifake
data/deepfake/image/fake\cifake_fake_03720.jpg,1,cifake
data/deepfake/image/fake\cifake_fake_03721.jpg,1,cifake
data/deepfake/image/fake\cifake_fake_03722.jpg,1,cifake
data/deepfake/image/fake\cifake_fake_03723.jpg,1,cifake
data/deepfake/image/fake\cifake_fake_03724.jpg,1,cifake
data/deepfake/image/fake\cifake_fake_03725.jpg,1,cifake
data/deepfake/image/fake\cifake_fake_03726.jpg,1,cifake
data/deepfake/image/fake\cifake_fake_03727.jpg,1,cifake
data/deepfake/image/fake\cifake_fake_03728.jpg,1,cifake
data/deepfake/image/fake\cifake_fake_03729.jpg,1,cifake
data/deepfake/image/fake\cifake_fake_03730.jpg,1,cifake
data/deepfake/image/fake\cifake_fake_03731.jpg,1,cifake
data/deepfake/image/fake\cifake_fake_03732.jpg,1,cifake
data/deepfake/image/fake\cifake_fake_03733.jpg,1,cifake
data/deepfake/image/fake\cifake_fake_03734.jpg,1,cifake
data/deepfake/image/fake\cifake_fake_03735.jpg,1,cifake
data/deepfake/image/fake\cifake_fake_03736.jpg,1,cifake
data/deepfake/image/fake\cifake_fake_03737.jpg,1,cifake
data/deepfake/image/fake\cifake_fake_03738.jpg,1,cifake
data/deepfake/image/fake\cifake_fake_03739.jpg,1,cifake
data/deepfake/image/fake\cifake_fake_03740.jpg,1,cifake
data/deepfake/image/fake\cifake_fake_03741.jpg,1,cifake
data/deepfake/image/fake\cifake_fake_03742.jpg,1,cifake
data/deepfake/image/fake\cifake_fake_03743.jpg,1,cifake
data/deepfake/image/fake\cifake_fake_03744.jpg,1,cifake
data/deepfake/image/fake\cifake_fake_03745.jpg,1,cifake
data/deepfake/image/fake\cifake_fake_03746.jpg,1,cifake
data/deepfake/image/fake\cifake_fake_03747.jpg,1,cifake
data/deepfake/image/fake\cifake_fake_03748.jpg,1,cifake
data/deepfake/image/fake\cifake_fake_03749.jpg,1,cifake
data/deepfake/image/fake\cifake_fake_03750.jpg,1,cifake
data/deepfake/image/fake\cifake_fake_03751.jpg,1,cifake
data/deepfake/image/fake\cifake_fake_03752.jpg,1,cifake
data/deepfake/image/fake\cifake_fake_03753.jpg,1,cifake
data/deepfake/image/fake\cifake_fake_03754.jpg,1,cifake
data/deepfake/image/fake\cifake_fake_03755.jpg,1,cifake
data/deepfake/image/fake\cifake_fake_03756.jpg,1,cifake
data/deepfake/image/fake\cifake_fake_03757.jpg,1,cifake
data/deepfake/image/fake\cifake_fake_03758.jpg,1,cifake
data/deepfake/image/fake\cifake_fake_03759.jpg,1,cifake
data/deepfake/image/fake\cifake_fake_03760.jpg,1,cifake
data/deepfake/image/fake\cifake_fake_03761.jpg,1,cifake
data/deepfake/image/fake\cifake_fake_03762.jpg,1,cifake
data/deepfake/image/fake\cifake_fake_03763.jpg,1,cifake
data/deepfake/image/fake\cifake_fake_03764.jpg,1,cifake
data/deepfake/image/fake\cifake_fake_03765.jpg,1,cifake
data/deepfake/image/fake\cifake_fake_03766.jpg,1,cifake
data/deepfake/image/fake\cifake_fake_03767.jpg,1,cifake
data/deepfake/image/fake\cifake_fake_03768.jpg,1,cifake
data/deepfake/image/fake\cifake_fake_03769.jpg,1,cifake
data/deepfake/image/fake\cifake_fake_03770.jpg,1,cifake
data/deepfake/image/fake\cifake_fake_03771.jpg,1,cifake
data/deepfake/image/fake\cifake_fake_03772.jpg,1,cifake
data/deepfake/image/fake\cifake_fake_03773.jpg,1,cifake
data/deepfake/image/fake\cifake_fake_03774.jpg,1,cifake
data/deepfake/image/fake\cifake_fake_03775.jpg,1,cifake
data/deepfake/image/fake\cifake_fake_03776.jpg,1,cifake
data/deepfake/image/fake\cifake_fake_03777.jpg,1,cifake
data/deepfake/image/fake\cifake_fake_03778.jpg,1,cifake
data/deepfake/image/fake\cifake_fake_03779.jpg,1,cifake
data/deepfake/image/fake\cifake_fake_03780.jpg,1,cifake
data/deepfake/image/fake\cifake_fake_03781.jpg,1,cifake
data/deepfake/image/fake\cifake_fake_03782.jpg,1,cifake
data/deepfake/image/fake\cifake_fake_03783.jpg,1,cifake
data/deepfake/image/fake\cifake_fake_03784.jpg,1,cifake
data/deepfake/image/fake\cifake_fake_03785.jpg,1,cifake
data/deepfake/image/fake\cifake_fake_03786.jpg,1,cifake
data/deepfake/image/fake\cifake_fake_03787.jpg,1,cifake
data/deepfake/image/fake\cifake_fake_03788.jpg,1,cifake
data/deepfake/image/fake\cifake_fake_03789.jpg,1,cifake
data/deepfake/image/fake\cifake_fake_03790.jpg,1,cifake
data/deepfake/image/fake\cifake_fake_03791.jpg,1,cifake
data/deepfake/image/fake\cifake_fake_03792.jpg,1,cifake
data/deepfake/image/fake\cifake_fake_03793.jpg,1,cifake
data/deepfake/image/fake\cifake_fake_03794.jpg,1,cifake
data/deepfake/image/fake\cifake_fake_03795.jpg,1,cifake
data/deepfake/image/fake\cifake_fake_03796.jpg,1,cifake
data/deepfake/image/fake\cifake_fake_03797.jpg,1,cifake
data/deepfake/image/fake\cifake_fake_03798.jpg,1,cifake
data/deepfake/image/fake\cifake_fake_03799.jpg,1,cifake
data/deepfake/image/fake\cifake_fake_03800.jpg,1,cifake
data/deepfake/image/fake\cifake_fake_03801.jpg,1,cifake
data/deepfake/image/fake\cifake_fake_03802.jpg,1,cifake
data/deepfake/image/fake\cifake_fake_03803.jpg,1,cifake
data/deepfake/image/fake\cifake_fake_03804.jpg,1,cifake
data/deepfake/image/fake\cifake_fake_03805.jpg,1,cifake
data/deepfake/image/fake\cifake_fake_03806.jpg,1,cifake
data/deepfake/image/fake\cifake_fake_03807.jpg,1,cifake
data/deepfake/image/fake\cifake_fake_03808.jpg,1,cifake
data/deepfake/image/fake\cifake_fake_03809.jpg,1,cifake
data/deepfake/image/fake\cifake_fake_03810.jpg,1,cifake
data/deepfake/image/fake\cifake_fake_03811.jpg,1,cifake
data/deepfake/image/fake\cifake_fake_03812.jpg,1,cifake
data/deepfake/image/fake\cifake_fake_03813.jpg,1,cifake
data/deepfake/image/fake\cifake_fake_03814.jpg,1,cifake
data/deepfake/image/fake\cifake_fake_03815.jpg,1,cifake
data/deepfake/image/fake\cifake_fake_03816.jpg,1,cifake
data/deepfake/image/fake\cifake_fake_03817.jpg,1,cifake
data/deepfake/image/fake\cifake_fake_03818.jpg,1,cifake
data/deepfake/image/fake\cifake_fake_03819.jpg,1,cifake
data/deepfake/image/fake\cifake_fake_03820.jpg,1,cifake
data/deepfake/image/fake\cifake_fake_03821.jpg,1,cifake
data/deepfake/image/fake\cifake_fake_03822.jpg,1,cifake
data/deepfake/image/fake\cifake_fake_03823.jpg,1,cifake
data/deepfake/image/fake\cifake_fake_03824.jpg,1,cifake
data/deepfake/image/fake\cifake_fake_03825.jpg,1,cifake
data/deepfake/image/fake\cifake_fake_03826.jpg,1,cifake
data/deepfake/image/fake\cifake_fake_03827.jpg,1,cifake
data/deepfake/image/fake\cifake_fake_03828.jpg,1,cifake
data/deepfake/image/fake\cifake_fake_03829.jpg,1,cifake
data/deepfake/image/fake\cifake_fake_03830.jpg,1,cifake
data/deepfake/image/fake\cifake_fake_03831.jpg,1,cifake
data/deepfake/image/fake\cifake_fake_03832.jpg,1,cifake
data/deepfake/image/fake\cifake_fake_03833.jpg,1,cifake
data/deepfake/image/fake\cifake_fake_03834.jpg,1,cifake
data/deepfake/image/fake\cifake_fake_03835.jpg,1,cifake
data/deepfake/image/fake\cifake_fake_03836.jpg,1,cifake
data/deepfake/image/fake\cifake_fake_03837.jpg,1,cifake
data/deepfake/image/fake\cifake_fake_03838.jpg,1,cifake
data/deepfake/image/fake\cifake_fake_03839.jpg,1,cifake
data/deepfake/image/fake\cifake_fake_03840.jpg,1,cifake
data/deepfake/image/fake\cifake_fake_03841.jpg,1,cifake
data/deepfake/image/fake\cifake_fake_03842.jpg,1,cifake
data/deepfake/image/fake\cifake_fake_03843.jpg,1,cifake
data/deepfake/image/fake\cifake_fake_03844.jpg,1,cifake
data/deepfake/image/fake\cifake_fake_03845.jpg,1,cifake
data/deepfake/image/fake\cifake_fake_03846.jpg,1,cifake
data/deepfake/image/fake\cifake_fake_03847.jpg,1,cifake
data/deepfake/image/fake\cifake_fake_03848.jpg,1,cifake
data/deepfake/image/fake\cifake_fake_03849.jpg,1,cifake
data/deepfake/image/fake\cifake_fake_03850.jpg,1,cifake
data/deepfake/image/fake\cifake_fake_03851.jpg,1,cifake
data/deepfake/image/fake\cifake_fake_03852.jpg,1,cifake
data/deepfake/image/fake\cifake_fake_03853.jpg,1,cifake
data/deepfake/image/fake\cifake_fake_03854.jpg,1,cifake
data/deepfake/image/fake\cifake_fake_03855.jpg,1,cifake
data/deepfake/image/fake\cifake_fake_03856.jpg,1,cifake
data/deepfake/image/fake\cifake_fake_03857.jpg,1,cifake
data/deepfake/image/fake\cifake_fake_03858.jpg,1,cifake
data/deepfake/image/fake\cifake_fake_03859.jpg,1,cifake
data/deepfake/image/fake\cifake_fake_03860.jpg,1,cifake
data/deepfake/image/fake\cifake_fake_03861.jpg,1,cifake
data/deepfake/image/fake\cifake_fake_03862.jpg,1,cifake
data/deepfake/image/fake\cifake_fake_03863.jpg,1,cifake
data/deepfake/image/fake\cifake_fake_03864.jpg,1,cifake
data/deepfake/image/fake\cifake_fake_03865.jpg,1,cifake
data/deepfake/image/fake\cifake_fake_03866.jpg,1,cifake
data/deepfake/image/fake\cifake_fake_03867.jpg,1,cifake
data/deepfake/image/fake\cifake_fake_03868.jpg,1,cifake
data/deepfake/image/fake\cifake_fake_03869.jpg,1,cifake
data/deepfake/image/fake\cifake_fake_03870.jpg,1,cifake
data/deepfake/image/fake\cifake_fake_03871.jpg,1,cifake
data/deepfake/image/fake\cifake_fake_03872.jpg,1,cifake
data/deepfake/image/fake\cifake_fake_03873.jpg,1,cifake
data/deepfake/image/fake\cifake_fake_03874.jpg,1,cifake
data/deepfake/image/fake\cifake_fake_03875.jpg,1,cifake
data/deepfake/image/fake\cifake_fake_03876.jpg,1,cifake
data/deepfake/image/fake\cifake_fake_03877.jpg,1,cifake
data/deepfake/image/fake\cifake_fake_03878.jpg,1,cifake
data/deepfake/image/fake\cifake_fake_03879.jpg,1,cifake
data/deepfake/image/fake\cifake_fake_03880.jpg,1,cifake
data/deepfake/image/fake\cifake_fake_03881.jpg,1,cifake
data/deepfake/image/fake\cifake_fake_03882.jpg,1,cifake
data/deepfake/image/fake\cifake_fake_03883.jpg,1,cifake
data/deepfake/image/fake\cifake_fake_03884.jpg,1,cifake
data/deepfake/image/fake\cifake_fake_03885.jpg,1,cifake
data/deepfake/image/fake\cifake_fake_03886.jpg,1,cifake
data/deepfake/image/fake\cifake_fake_03887.jpg,1,cifake
data/deepfake/image/fake\cifake_fake_03888.jpg,1,cifake
data/deepfake/image/fake\cifake_fake_03889.jpg,1,cifake
data/deepfake/image/fake\cifake_fake_03890.jpg,1,cifake
data/deepfake/image/fake\cifake_fake_03891.jpg,1,cifake
data/deepfake/image/fake\cifake_fake_03892.jpg,1,cifake
data/deepfake/image/fake\cifake_fake_03893.jpg,1,cifake
data/deepfake/image/fake\cifake_fake_03894.jpg,1,cifake
data/deepfake/image/fake\cifake_fake_03895.jpg,1,cifake
data/deepfake/image/fake\cifake_fake_03896.jpg,1,cifake
data/deepfake/image/fake\cifake_fake_03897.jpg,1,cifake
data/deepfake/image/fake\cifake_fake_03898.jpg,1,cifake
data/deepfake/image/fake\cifake_fake_03899.jpg,1,cifake
data/deepfake/image/fake\cifake_fake_03900.jpg,1,cifake
data/deepfake/image/fake\cifake_fake_03901.jpg,1,cifake
data/deepfake/image/fake\cifake_fake_03902.jpg,1,cifake
data/deepfake/image/fake\cifake_fake_03903.jpg,1,cifake
data/deepfake/image/fake\cifake_fake_03904.jpg,1,cifake
data/deepfake/image/fake\cifake_fake_03905.jpg,1,cifake
data/deepfake/image/fake\cifake_fake_03906.jpg,1,cifake
data/deepfake/image/fake\cifake_fake_03907.jpg,1,cifake
data/deepfake/image/fake\cifake_fake_03908.jpg,1,cifake
data/deepfake/image/fake\cifake_fake_03909.jpg,1,cifake
data/deepfake/image/fake\cifake_fake_03910.jpg,1,cifake
data/deepfake/image/fake\cifake_fake_03911.jpg,1,cifake
data/deepfake/image/fake\cifake_fake_03912.jpg,1,cifake
data/deepfake/image/fake\cifake_fake_03913.jpg,1,cifake
data/deepfake/image/fake\cifake_fake_03914.jpg,1,cifake
data/deepfake/image/fake\cifake_fake_03915.jpg,1,cifake
data/deepfake/image/fake\cifake_fake_03916.jpg,1,cifake
data/deepfake/image/fake\cifake_fake_03917.jpg,1,cifake
data/deepfake/image/fake\cifake_fake_03918.jpg,1,cifake
data/deepfake/image/fake\cifake_fake_03919.jpg,1,cifake
data/deepfake/image/fake\cifake_fake_03920.jpg,1,cifake
data/deepfake/image/fake\cifake_fake_03921.jpg,1,cifake
data/deepfake/image/fake\cifake_fake_03922.jpg,1,cifake
data/deepfake/image/fake\cifake_fake_03923.jpg,1,cifake
data/deepfake/image/fake\cifake_fake_03924.jpg,1,cifake
data/deepfake/image/fake\cifake_fake_03925.jpg,1,cifake
data/deepfake/image/fake\cifake_fake_03926.jpg,1,cifake
data/deepfake/image/fake\cifake_fake_03927.jpg,1,cifake
data/deepfake/image/fake\cifake_fake_03928.jpg,1,cifake
data/deepfake/image/fake\cifake_fake_03929.jpg,1,cifake
data/deepfake/image/fake\cifake_fake_03930.jpg,1,cifake
data/deepfake/image/fake\cifake_fake_03931.jpg,1,cifake
data/deepfake/image/fake\cifake_fake_03932.jpg,1,cifake
data/deepfake/image/fake\cifake_fake_03933.jpg,1,cifake
data/deepfake/image/fake\cifake_fake_03934.jpg,1,cifake
data/deepfake/image/fake\cifake_fake_03935.jpg,1,cifake
data/deepfake/image/fake\cifake_fake_03936.jpg,1,cifake
data/deepfake/image/fake\cifake_fake_03937.jpg,1,cifake
data/deepfake/image/fake\cifake_fake_03938.jpg,1,cifake
data/deepfake/image/fake\cifake_fake_03939.jpg,1,cifake
data/deepfake/image/fake\cifake_fake_03940.jpg,1,cifake
data/deepfake/image/fake\cifake_fake_03941.jpg,1,cifake
data/deepfake/image/fake\cifake_fake_03942.jpg,1,cifake
data/deepfake/image/fake\cifake_fake_03943.jpg,1,cifake
data/deepfake/image/fake\cifake_fake_03944.jpg,1,cifake
data/deepfake/image/fake\cifake_fake_03945.jpg,1,cifake
data/deepfake/image/fake\cifake_fake_03946.jpg,1,cifake
data/deepfake/image/fake\cifake_fake_03947.jpg,1,cifake
data/deepfake/image/fake\cifake_fake_03948.jpg,1,cifake
data/deepfake/image/fake\cifake_fake_03949.jpg,1,cifake
data/deepfake/image/fake\cifake_fake_03950.jpg,1,cifake
data/deepfake/image/fake\cifake_fake_03951.jpg,1,cifake
data/deepfake/image/fake\cifake_fake_03952.jpg,1,cifake
data/deepfake/image/fake\cifake_fake_03953.jpg,1,cifake
data/deepfake/image/fake\cifake_fake_03954.jpg,1,cifake
data/deepfake/image/fake\cifake_fake_03955.jpg,1,cifake
data/deepfake/image/fake\cifake_fake_03956.jpg,1,cifake
data/deepfake/image/fake\cifake_fake_03957.jpg,1,cifake
data/deepfake/image/fake\cifake_fake_03958.jpg,1,cifake
data/deepfake/image/fake\cifake_fake_03959.jpg,1,cifake
data/deepfake/image/fake\cifake_fake_03960.jpg,1,cifake
data/deepfake/image/fake\cifake_fake_03961.jpg,1,cifake
data/deepfake/image/fake\cifake_fake_03962.jpg,1,cifake
data/deepfake/image/fake\cifake_fake_03963.jpg,1,cifake
data/deepfake/image/fake\cifake_fake_03964.jpg,1,cifake
data/deepfake/image/fake\cifake_fake_03965.jpg,1,cifake
data/deepfake/image/fake\cifake_fake_03966.jpg,1,cifake
data/deepfake/image/fake\cifake_fake_03967.jpg,1,cifake
data/deepfake/image/fake\cifake_fake_03968.jpg,1,cifake
data/deepfake/image/fake\cifake_fake_03969.jpg,1,cifake
data/deepfake/image/fake\cifake_fake_03970.jpg,1,cifake
data/deepfake/image/fake\cifake_fake_03971.jpg,1,cifake
data/deepfake/image/fake\cifake_fake_03972.jpg,1,cifake
data/deepfake/image/fake\cifake_fake_03973.jpg,1,cifake
data/deepfake/image/fake\cifake_fake_03974.jpg,1,cifake
data/deepfake/image/fake\cifake_fake_03975.jpg,1,cifake
data/deepfake/image/fake\cifake_fake_03976.jpg,1,cifake
data/deepfake/image/fake\cifake_fake_03977.jpg,1,cifake
data/deepfake/image/fake\cifake_fake_03978.jpg,1,cifake
data/deepfake/image/fake\cifake_fake_03979.jpg,1,cifake
data/deepfake/image/fake\cifake_fake_03980.jpg,1,cifake
data/deepfake/image/fake\cifake_fake_03981.jpg,1,cifake
data/deepfake/image/fake\cifake_fake_03982.jpg,1,cifake
data/deepfake/image/fake\cifake_fake_03983.jpg,1,cifake
data/deepfake/image/fake\cifake_fake_03984.jpg,1,cifake
data/deepfake/image/fake\cifake_fake_03985.jpg,1,cifake
data/deepfake/image/fake\cifake_fake_03986.jpg,1,cifake
data/deepfake/image/fake\cifake_fake_03987.jpg,1,cifake
data/deepfake/image/fake\cifake_fake_03988.jpg,1,cifake
data/deepfake/image/fake\cifake_fake_03989.jpg,1,cifake
data/deepfake/image/fake\cifake_fake_03990.jpg,1,cifake
data/deepfake/image/fake\cifake_fake_03991.jpg,1,cifake
data/deepfake/image/fake\cifake_fake_03992.jpg,1,cifake
data/deepfake/image/fake\cifake_fake_03993.jpg,1,cifake
data/deepfake/image/fake\cifake_fake_03994.jpg,1,cifake
data/deepfake/image/fake\cifake_fake_03995.jpg,1,cifake
data/deepfake/image/fake\cifake_fake_03996.jpg,1,cifake
data/deepfake/image/fake\cifake_fake_03997.jpg,1,cifake
data/deepfake/image/fake\cifake_fake_03998.jpg,1,cifake
data/deepfake/image/fake\cifake_fake_03999.jpg,1,cifake
data/deepfake/image/fake\cifake_fake_04000.jpg,1,cifake
data/deepfake/image/fake\cifake_fake_04001.jpg,1,cifake
data/deepfake/image/fake\cifake_fake_04002.jpg,1,cifake
data/deepfake/image/fake\cifake_fake_04003.jpg,1,cifake
data/deepfake/image/fake\cifake_fake_04004.jpg,1,cifake
data/deepfake/image/fake\cifake_fake_04005.jpg,1,cifake
data/deepfake/image/fake\cifake_fake_04006.jpg,1,cifake
data/deepfake/image/fake\cifake_fake_04007.jpg,1,cifake
data/deepfake/image/fake\cifake_fake_04008.jpg,1,cifake
data/deepfake/image/fake\cifake_fake_04009.jpg,1,cifake
data/deepfake/image/fake\cifake_fake_04010.jpg,1,cifake
data/deepfake/image/fake\cifake_fake_04011.jpg,1,cifake
data/deepfake/image/fake\cifake_fake_04012.jpg,1,cifake
data/deepfake/image/fake\cifake_fake_04013.jpg,1,cifake
data/deepfake/image/fake\cifake_fake_04014.jpg,1,cifake
data/deepfake/image/fake\cifake_fake_04015.jpg,1,cifake
data/deepfake/image/fake\cifake_fake_04016.jpg,1,cifake
data/deepfake/image/fake\cifake_fake_04017.jpg,1,cifake
data/deepfake/image/fake\cifake_fake_04018.jpg,1,cifake
data/deepfake/image/fake\cifake_fake_04019.jpg,1,cifake
data/deepfake/image/fake\cifake_fake_04020.jpg,1,cifake
data/deepfake/image/fake\cifake_fake_04021.jpg,1,cifake
data/deepfake/image/fake\cifake_fake_04022.jpg,1,cifake
data/deepfake/image/fake\cifake_fake_04023.jpg,1,cifake
data/deepfake/image/fake\cifake_fake_04024.jpg,1,cifake
data/deepfake/image/fake\cifake_fake_04025.jpg,1,cifake
data/deepfake/image/fake\cifake_fake_04026.jpg,1,cifake
data/deepfake/image/fake\cifake_fake_04027.jpg,1,cifake
data/deepfake/image/fake\cifake_fake_04028.jpg,1,cifake
data/deepfake/image/fake\cifake_fake_04029.jpg,1,cifake
data/deepfake/image/fake\cifake_fake_04030.jpg,1,cifake
data/deepfake/image/fake\cifake_fake_04031.jpg,1,cifake
data/deepfake/image/fake\cifake_fake_04032.jpg,1,cifake
data/deepfake/image/fake\cifake_fake_04033.jpg,1,cifake
data/deepfake/image/fake\cifake_fake_04034.jpg,1,cifake
data/deepfake/image/fake\cifake_fake_04035.jpg,1,cifake
data/deepfake/image/fake\cifake_fake_04036.jpg,1,cifake
data/deepfake/image/fake\cifake_fake_04037.jpg,1,cifake
data/deepfake/image/fake\cifake_fake_04038.jpg,1,cifake
data/deepfake/image/fake\cifake_fake_04039.jpg,1,cifake
data/deepfake/image/fake\cifake_fake_04040.jpg,1,cifake
data/deepfake/image/fake\cifake_fake_04041.jpg,1,cifake
data/deepfake/image/fake\cifake_fake_04042.jpg,1,cifake
data/deepfake/image/fake\cifake_fake_04043.jpg,1,cifake
data/deepfake/image/fake\cifake_fake_04044.jpg,1,cifake
data/deepfake/image/fake\cifake_fake_04045.jpg,1,cifake
data/deepfake/image/fake\cifake_fake_04046.jpg,1,cifake
data/deepfake/image/fake\cifake_fake_04047.jpg,1,cifake
data/deepfake/image/fake\cifake_fake_04048.jpg,1,cifake
data/deepfake/image/fake\cifake_fake_04049.jpg,1,cifake
data/deepfake/image/fake\cifake_fake_04050.jpg,1,cifake
data/deepfake/image/fake\cifake_fake_04051.jpg,1,cifake
data/deepfake/image/fake\cifake_fake_04052.jpg,1,cifake
data/deepfake/image/fake\cifake_fake_04053.jpg,1,cifake
data/deepfake/image/fake\cifake_fake_04054.jpg,1,cifake
data/deepfake/image/fake\cifake_fake_04055.jpg,1,cifake
data/deepfake/image/fake\cifake_fake_04056.jpg,1,cifake
data/deepfake/image/fake\cifake_fake_04057.jpg,1,cifake
data/deepfake/image/fake\cifake_fake_04058.jpg,1,cifake
data/deepfake/image/fake\cifake_fake_04059.jpg,1,cifake
data/deepfake/image/fake\cifake_fake_04060.jpg,1,cifake
data/deepfake/image/fake\cifake_fake_04061.jpg,1,cifake
data/deepfake/image/fake\cifake_fake_04062.jpg,1,cifake
data/deepfake/image/fake\cifake_fake_04063.jpg,1,cifake
data/deepfake/image/fake\cifake_fake_04064.jpg,1,cifake
data/deepfake/image/fake\cifake_fake_04065.jpg,1,cifake
data/deepfake/image/fake\cifake_fake_04066.jpg,1,cifake
data/deepfake/image/fake\cifake_fake_04067.jpg,1,cifake
data/deepfake/image/fake\cifake_fake_04068.jpg,1,cifake
data/deepfake/image/fake\cifake_fake_04069.jpg,1,cifake
data/deepfake/image/fake\cifake_fake_04070.jpg,1,cifake
data/deepfake/image/fake\cifake_fake_04071.jpg,1,cifake
data/deepfake/image/fake\cifake_fake_04072.jpg,1,cifake
data/deepfake/image/fake\cifake_fake_04073.jpg,1,cifake
data/deepfake/image/fake\cifake_fake_04074.jpg,1,cifake
data/deepfake/image/fake\cifake_fake_04075.jpg,1,cifake
data/deepfake/image/fake\cifake_fake_04076.jpg,1,cifake
data/deepfake/image/fake\cifake_fake_04077.jpg,1,cifake
data/deepfake/image/fake\cifake_fake_04078.jpg,1,cifake
data/deepfake/image/fake\cifake_fake_04079.jpg,1,cifake
data/deepfake/image/fake\cifake_fake_04080.jpg,1,cifake
data/deepfake/image/fake\cifake_fake_04081.jpg,1,cifake
data/deepfake/image/fake\cifake_fake_04082.jpg,1,cifake
data/deepfake/image/fake\cifake_fake_04083.jpg,1,cifake
data/deepfake/image/fake\cifake_fake_04084.jpg,1,cifake
data/deepfake/image/fake\cifake_fake_04085.jpg,1,cifake
data/deepfake/image/fake\cifake_fake_04086.jpg,1,cifake
data/deepfake/image/fake\cifake_fake_04087.jpg,1,cifake
data/deepfake/image/fake\cifake_fake_04088.jpg,1,cifake
data/deepfake/image/fake\cifake_fake_04089.jpg,1,cifake
data/deepfake/image/fake\cifake_fake_04090.jpg,1,cifake
data/deepfake/image/fake\cifake_fake_04091.jpg,1,cifake
data/deepfake/image/fake\cifake_fake_04092.jpg,1,cifake
data/deepfake/image/fake\cifake_fake_04093.jpg,1,cifake
data/deepfake/image/fake\cifake_fake_04094.jpg,1,cifake
data/deepfake/image/fake\cifake_fake_04095.jpg,1,cifake
data/deepfake/image/fake\cifake_fake_04096.jpg,1,cifake
data/deepfake/image/fake\cifake_fake_04097.jpg,1,cifake
data/deepfake/image/fake\cifake_fake_04098.jpg,1,cifake
data/deepfake/image/fake\cifake_fake_04099.jpg,1,cifake
data/deepfake/image/fake\cifake_fake_04100.jpg,1,cifake
data/deepfake/image/fake\cifake_fake_04101.jpg,1,cifake
data/deepfake/image/fake\cifake_fake_04102.jpg,1,cifake
data/deepfake/image/fake\cifake_fake_04103.jpg,1,cifake
data/deepfake/image/fake\cifake_fake_04104.jpg,1,cifake
data/deepfake/image/fake\cifake_fake_04105.jpg,1,cifake
data/deepfake/image/fake\cifake_fake_04106.jpg,1,cifake
data/deepfake/image/fake\cifake_fake_04107.jpg,1,cifake
data/deepfake/image/fake\cifake_fake_04108.jpg,1,cifake
data/deepfake/image/fake\cifake_fake_04109.jpg,1,cifake
data/deepfake/image/fake\cifake_fake_04110.jpg,1,cifake
data/deepfake/image/fake\cifake_fake_04111.jpg,1,cifake
data/deepfake/image/fake\cifake_fake_04112.jpg,1,cifake
data/deepfake/image/fake\cifake_fake_04113.jpg,1,cifake
data/deepfake/image/fake\cifake_fake_04114.jpg,1,cifake
data/deepfake/image/fake\cifake_fake_04115.jpg,1,cifake
data/deepfake/image/fake\cifake_fake_04116.jpg,1,cifake
data/deepfake/image/fake\cifake_fake_04117.jpg,1,cifake
data/deepfake/image/fake\cifake_fake_04118.jpg,1,cifake
data/deepfake/image/fake\cifake_fake_04119.jpg,1,cifake
data/deepfake/image/fake\cifake_fake_04120.jpg,1,cifake
data/deepfake/image/fake\cifake_fake_04121.jpg,1,cifake
data/deepfake/image/fake\cifake_fake_04122.jpg,1,cifake
data/deepfake/image/fake\cifake_fake_04123.jpg,1,cifake
data/deepfake/image/fake\cifake_fake_04124.jpg,1,cifake
data/deepfake/image/fake\cifake_fake_04125.jpg,1,cifake
data/deepfake/image/fake\cifake_fake_04126.jpg,1,cifake
data/deepfake/image/fake\cifake_fake_04127.jpg,1,cifake
data/deepfake/image/fake\cifake_fake_04128.jpg,1,cifake
data/deepfake/image/fake\cifake_fake_04129.jpg,1,cifake
data/deepfake/image/fake\cifake_fake_04130.jpg,1,cifake
data/deepfake/image/fake\cifake_fake_04131.jpg,1,cifake
data/deepfake/image/fake\cifake_fake_04132.jpg,1,cifake
data/deepfake/image/fake\cifake_fake_04133.jpg,1,cifake
data/deepfake/image/fake\cifake_fake_04134.jpg,1,cifake
data/deepfake/image/fake\cifake_fake_04135.jpg,1,cifake
data/deepfake/image/fake\cifake_fake_04136.jpg,1,cifake
data/deepfake/image/fake\cifake_fake_04137.jpg,1,cifake
data/deepfake/image/fake\cifake_fake_04138.jpg,1,cifake
data/deepfake/image/fake\cifake_fake_04139.jpg,1,cifake
data/deepfake/image/fake\cifake_fake_04140.jpg,1,cifake
data/deepfake/image/fake\cifake_fake_04141.jpg,1,cifake
data/deepfake/image/fake\cifake_fake_04142.jpg,1,cifake
data/deepfake/image/fake\cifake_fake_04143.jpg,1,cifake
data/deepfake/image/fake\cifake_fake_04144.jpg,1,cifake
data/deepfake/image/fake\cifake_fake_04145.jpg,1,cifake
data/deepfake/image/fake\cifake_fake_04146.jpg,1,cifake
data/deepfake/image/fake\cifake_fake_04147.jpg,1,cifake
data/deepfake/image/fake\cifake_fake_04148.jpg,1,cifake
data/deepfake/image/fake\cifake_fake_04149.jpg,1,cifake
data/deepfake/image/fake\cifake_fake_04150.jpg,1,cifake
data/deepfake/image/fake\cifake_fake_04151.jpg,1,cifake
data/deepfake/image/fake\cifake_fake_04152.jpg,1,cifake
data/deepfake/image/fake\cifake_fake_04153.jpg,1,cifake
data/deepfake/image/fake\cifake_fake_04154.jpg,1,cifake
data/deepfake/image/fake\cifake_fake_04155.jpg,1,cifake
data/deepfake/image/fake\cifake_fake_04156.jpg,1,cifake
data/deepfake/image/fake\cifake_fake_04157.jpg,1,cifake
data/deepfake/image/fake\cifake_fake_04158.jpg,1,cifake
data/deepfake/image/fake\cifake_fake_04159.jpg,1,cifake
data/deepfake/image/fake\cifake_fake_04160.jpg,1,cifake
data/deepfake/image/fake\cifake_fake_04161.jpg,1,cifake
data/deepfake/image/fake\cifake_fake_04162.jpg,1,cifake
data/deepfake/image/fake\cifake_fake_04163.jpg,1,cifake
data/deepfake/image/fake\cifake_fake_04164.jpg,1,cifake
data/deepfake/image/fake\cifake_fake_04165.jpg,1,cifake
data/deepfake/image/fake\cifake_fake_04166.jpg,1,cifake
data/deepfake/image/fake\cifake_fake_04167.jpg,1,cifake
data/deepfake/image/fake\cifake_fake_04168.jpg,1,cifake
data/deepfake/image/fake\cifake_fake_04169.jpg,1,cifake
data/deepfake/image/fake\cifake_fake_04170.jpg,1,cifake
data/deepfake/image/fake\cifake_fake_04171.jpg,1,cifake
data/deepfake/image/fake\cifake_fake_04172.jpg,1,cifake
data/deepfake/image/fake\cifake_fake_04173.jpg,1,cifake
data/deepfake/image/fake\cifake_fake_04174.jpg,1,cifake
data/deepfake/image/fake\cifake_fake_04175.jpg,1,cifake
data/deepfake/image/fake\cifake_fake_04176.jpg,1,cifake
data/deepfake/image/fake\cifake_fake_04177.jpg,1,cifake
data/deepfake/image/fake\cifake_fake_04178.jpg,1,cifake
data/deepfake/image/fake\cifake_fake_04179.jpg,1,cifake
data/deepfake/image/fake\cifake_fake_04180.jpg,1,cifake
data/deepfake/image/fake\cifake_fake_04181.jpg,1,cifake
data/deepfake/image/fake\cifake_fake_04182.jpg,1,cifake
data/deepfake/image/fake\cifake_fake_04183.jpg,1,cifake
data/deepfake/image/fake\cifake_fake_04184.jpg,1,cifake
data/deepfake/image/fake\cifake_fake_04185.jpg,1,cifake
data/deepfake/image/fake\cifake_fake_04186.jpg,1,cifake
data/deepfake/image/fake\cifake_fake_04187.jpg,1,cifake
data/deepfake/image/fake\cifake_fake_04188.jpg,1,cifake
data/deepfake/image/fake\cifake_fake_04189.jpg,1,cifake
data/deepfake/image/fake\cifake_fake_04190.jpg,1,cifake
data/deepfake/image/fake\cifake_fake_04191.jpg,1,cifake
data/deepfake/image/fake\cifake_fake_04192.jpg,1,cifake
data/deepfake/image/fake\cifake_fake_04193.jpg,1,cifake
data/deepfake/image/fake\cifake_fake_04194.jpg,1,cifake
data/deepfake/image/fake\cifake_fake_04195.jpg,1,cifake
data/deepfake/image/fake\cifake_fake_04196.jpg,1,cifake
data/deepfake/image/fake\cifake_fake_04197.jpg,1,cifake
data/deepfake/image/fake\cifake_fake_04198.jpg,1,cifake
data/deepfake/image/fake\cifake_fake_04199.jpg,1,cifake
data/deepfake/image/fake\cifake_fake_04200.jpg,1,cifake
data/deepfake/image/fake\cifake_fake_04201.jpg,1,cifake
data/deepfake/image/fake\cifake_fake_04202.jpg,1,cifake
data/deepfake/image/fake\cifake_fake_04203.jpg,1,cifake
data/deepfake/image/fake\cifake_fake_04204.jpg,1,cifake
data/deepfake/image/fake\cifake_fake_04205.jpg,1,cifake
data/deepfake/image/fake\cifake_fake_04206.jpg,1,cifake
data/deepfake/image/fake\cifake_fake_04207.jpg,1,cifake
data/deepfake/image/fake\cifake_fake_04208.jpg,1,cifake
data/deepfake/image/fake\cifake_fake_04209.jpg,1,cifake
data/deepfake/image/fake\cifake_fake_04210.jpg,1,cifake
data/deepfake/image/fake\cifake_fake_04211.jpg,1,cifake
data/deepfake/image/fake\cifake_fake_04212.jpg,1,cifake
data/deepfake/image/fake\cifake_fake_04213.jpg,1,cifake
data/deepfake/image/fake\cifake_fake_04214.jpg,1,cifake
data/deepfake/image/fake\cifake_fake_04215.jpg,1,cifake
data/deepfake/image/fake\cifake_fake_04216.jpg,1,cifake
data/deepfake/image/fake\cifake_fake_04217.jpg,1,cifake
data/deepfake/image/fake\cifake_fake_04218.jpg,1,cifake
data/deepfake/image/fake\cifake_fake_04219.jpg,1,cifake
data/deepfake/image/fake\cifake_fake_04220.jpg,1,cifake
data/deepfake/image/fake\cifake_fake_04221.jpg,1,cifake
data/deepfake/image/fake\cifake_fake_04222.jpg,1,cifake
data/deepfake/image/fake\cifake_fake_04223.jpg,1,cifake
data/deepfake/image/fake\cifake_fake_04224.jpg,1,cifake
data/deepfake/image/fake\cifake_fake_04225.jpg,1,cifake
data/deepfake/image/fake\cifake_fake_04226.jpg,1,cifake
data/deepfake/image/fake\cifake_fake_04227.jpg,1,cifake
data/deepfake/image/fake\cifake_fake_04228.jpg,1,cifake
data/deepfake/image/fake\cifake_fake_04229.jpg,1,cifake
data/deepfake/image/fake\cifake_fake_04230.jpg,1,cifake
data/deepfake/image/fake\cifake_fake_04231.jpg,1,cifake
data/deepfake/image/fake\cifake_fake_04232.jpg,1,cifake
data/deepfake/image/fake\cifake_fake_04233.jpg,1,cifake
data/deepfake/image/fake\cifake_fake_04234.jpg,1,cifake
data/deepfake/image/fake\cifake_fake_04235.jpg,1,cifake
data/deepfake/image/fake\cifake_fake_04236.jpg,1,cifake
data/deepfake/image/fake\cifake_fake_04237.jpg,1,cifake
data/deepfake/image/fake\cifake_fake_04238.jpg,1,cifake
data/deepfake/image/fake\cifake_fake_04239.jpg,1,cifake
data/deepfake/image/fake\cifake_fake_04240.jpg,1,cifake
data/deepfake/image/fake\cifake_fake_04241.jpg,1,cifake
data/deepfake/image/fake\cifake_fake_04242.jpg,1,cifake
data/deepfake/image/fake\cifake_fake_04243.jpg,1,cifake
data/deepfake/image/fake\cifake_fake_04244.jpg,1,cifake
data/deepfake/image/fake\cifake_fake_04245.jpg,1,cifake
data/deepfake/image/fake\cifake_fake_04246.jpg,1,cifake
data/deepfake/image/fake\cifake_fake_04247.jpg,1,cifake
data/deepfake/image/fake\cifake_fake_04248.jpg,1,cifake
data/deepfake/image/fake\cifake_fake_04249.jpg,1,cifake
data/deepfake/image/fake\cifake_fake_04250.jpg,1,cifake
data/deepfake/image/fake\cifake_fake_04251.jpg,1,cifake
data/deepfake/image/fake\cifake_fake_04252.jpg,1,cifake
data/deepfake/image/fake\cifake_fake_04253.jpg,1,cifake
data/deepfake/image/fake\cifake_fake_04254.jpg,1,cifake
data/deepfake/image/fake\cifake_fake_04255.jpg,1,cifake
data/deepfake/image/fake\cifake_fake_04256.jpg,1,cifake
data/deepfake/image/fake\cifake_fake_04257.jpg,1,cifake
data/deepfake/image/fake\cifake_fake_04258.jpg,1,cifake
data/deepfake/image/fake\cifake_fake_04259.jpg,1,cifake
data/deepfake/image/fake\cifake_fake_04260.jpg,1,cifake
data/deepfake/image/fake\cifake_fake_04261.jpg,1,cifake
data/deepfake/image/fake\cifake_fake_04262.jpg,1,cifake
data/deepfake/image/fake\cifake_fake_04263.jpg,1,cifake
data/deepfake/image/fake\cifake_fake_04264.jpg,1,cifake
data/deepfake/image/fake\cifake_fake_04265.jpg,1,cifake
data/deepfake/image/fake\cifake_fake_04266.jpg,1,cifake
data/deepfake/image/fake\cifake_fake_04267.jpg,1,cifake
data/deepfake/image/fake\cifake_fake_04268.jpg,1,cifake
data/deepfake/image/fake\cifake_fake_04269.jpg,1,cifake
data/deepfake/image/fake\cifake_fake_04270.jpg,1,cifake
data/deepfake/image/fake\cifake_fake_04271.jpg,1,cifake
data/deepfake/image/fake\cifake_fake_04272.jpg,1,cifake
data/deepfake/image/fake\cifake_fake_04273.jpg,1,cifake
data/deepfake/image/fake\cifake_fake_04274.jpg,1,cifake
data/deepfake/image/fake\cifake_fake_04275.jpg,1,cifake
data/deepfake/image/fake\cifake_fake_04276.jpg,1,cifake
data/deepfake/image/fake\cifake_fake_04277.jpg,1,cifake
data/deepfake/image/fake\cifake_fake_04278.jpg,1,cifake
data/deepfake/image/fake\cifake_fake_04279.jpg,1,cifake
data/deepfake/image/fake\cifake_fake_04280.jpg,1,cifake
data/deepfake/image/fake\cifake_fake_04281.jpg,1,cifake
data/deepfake/image/fake\cifake_fake_04282.jpg,1,cifake
data/deepfake/image/fake\cifake_fake_04283.jpg,1,cifake
data/deepfake/image/fake\cifake_fake_04284.jpg,1,cifake
data/deepfake/image/fake\cifake_fake_04285.jpg,1,cifake
data/deepfake/image/fake\cifake_fake_04286.jpg,1,cifake
data/deepfake/image/fake\cifake_fake_04287.jpg,1,cifake
data/deepfake/image/fake\cifake_fake_04288.jpg,1,cifake
data/deepfake/image/fake\cifake_fake_04289.jpg,1,cifake
data/deepfake/image/fake\cifake_fake_04290.jpg,1,cifake
data/deepfake/image/fake\cifake_fake_04291.jpg,1,cifake
data/deepfake/image/fake\cifake_fake_04292.jpg,1,cifake
data/deepfake/image/fake\cifake_fake_04293.jpg,1,cifake
data/deepfake/image/fake\cifake_fake_04294.jpg,1,cifake
data/deepfake/image/fake\cifake_fake_04295.jpg,1,cifake
data/deepfake/image/fake\cifake_fake_04296.jpg,1,cifake
data/deepfake/image/fake\cifake_fake_04297.jpg,1,cifake
data/deepfake/image/fake\cifake_fake_04298.jpg,1,cifake
data/deepfake/image/fake\cifake_fake_04299.jpg,1,cifake
data/deepfake/image/fake\cifake_fake_04300.jpg,1,cifake
data/deepfake/image/fake\cifake_fake_04301.jpg,1,cifake
data/deepfake/image/fake\cifake_fake_04302.jpg,1,cifake
data/deepfake/image/fake\cifake_fake_04303.jpg,1,cifake
data/deepfake/image/fake\cifake_fake_04304.jpg,1,cifake
data/deepfake/image/fake\cifake_fake_04305.jpg,1,cifake
data/deepfake/image/fake\cifake_fake_04306.jpg,1,cifake
data/deepfake/image/fake\cifake_fake_04307.jpg,1,cifake
data/deepfake/image/fake\cifake_fake_04308.jpg,1,cifake
data/deepfake/image/fake\cifake_fake_04309.jpg,1,cifake
data/deepfake/image/fake\cifake_fake_04310.jpg,1,cifake
data/deepfake/image/fake\cifake_fake_04311.jpg,1,cifake
data/deepfake/image/fake\cifake_fake_04312.jpg,1,cifake
data/deepfake/image/fake\cifake_fake_04313.jpg,1,cifake
data/deepfake/image/fake\cifake_fake_04314.jpg,1,cifake
data/deepfake/image/fake\cifake_fake_04315.jpg,1,cifake
data/deepfake/image/fake\cifake_fake_04316.jpg,1,cifake
data/deepfake/image/fake\cifake_fake_04317.jpg,1,cifake
data/deepfake/image/fake\cifake_fake_04318.jpg,1,cifake
data/deepfake/image/fake\cifake_fake_04319.jpg,1,cifake
data/deepfake/image/fake\cifake_fake_04320.jpg,1,cifake
data/deepfake/image/fake\cifake_fake_04321.jpg,1,cifake
data/deepfake/image/fake\cifake_fake_04322.jpg,1,cifake
data/deepfake/image/fake\cifake_fake_04323.jpg,1,cifake
data/deepfake/image/fake\cifake_fake_04324.jpg,1,cifake
data/deepfake/image/fake\cifake_fake_04325.jpg,1,cifake
data/deepfake/image/fake\cifake_fake_04326.jpg,1,cifake
data/deepfake/image/fake\cifake_fake_04327.jpg,1,cifake
data/deepfake/image/fake\cifake_fake_04328.jpg,1,cifake
data/deepfake/image/fake\cifake_fake_04329.jpg,1,cifake
data/deepfake/image/fake\cifake_fake_04330.jpg,1,cifake
data/deepfake/image/fake\cifake_fake_04331.jpg,1,cifake
data/deepfake/image/fake\cifake_fake_04332.jpg,1,cifake
data/deepfake/image/fake\cifake_fake_04333.jpg,1,cifake
data/deepfake/image/fake\cifake_fake_04334.jpg,1,cifake
data/deepfake/image/fake\cifake_fake_04335.jpg,1,cifake
data/deepfake/image/fake\cifake_fake_04336.jpg,1,cifake
data/deepfake/image/fake\cifake_fake_04337.jpg,1,cifake
data/deepfake/image/fake\cifake_fake_04338.jpg,1,cifake
data/deepfake/image/fake\cifake_fake_04339.jpg,1,cifake
data/deepfake/image/fake\cifake_fake_04340.jpg,1,cifake
data/deepfake/image/fake\cifake_fake_04341.jpg,1,cifake
data/deepfake/image/fake\cifake_fake_04342.jpg,1,cifake
data/deepfake/image/fake\cifake_fake_04343.jpg,1,cifake
data/deepfake/image/fake\cifake_fake_04344.jpg,1,cifake
data/deepfake/image/fake\cifake_fake_04345.jpg,1,cifake
data/deepfake/image/fake\cifake_fake_04346.jpg,1,cifake
data/deepfake/image/fake\cifake_fake_04347.jpg,1,cifake
data/deepfake/image/fake\cifake_fake_04348.jpg,1,cifake
data/deepfake/image/fake\cifake_fake_04349.jpg,1,cifake
data/deepfake/image/fake\cifake_fake_04350.jpg,1,cifake
data/deepfake/image/fake\cifake_fake_04351.jpg,1,cifake
data/deepfake/image/fake\cifake_fake_04352.jpg,1,cifake
data/deepfake/image/fake\cifake_fake_04353.jpg,1,cifake
data/deepfake/image/fake\cifake_fake_04354.jpg,1,cifake
data/deepfake/image/fake\cifake_fake_04355.jpg,1,cifake
data/deepfake/image/fake\cifake_fake_04356.jpg,1,cifake
data/deepfake/image/fake\cifake_fake_04357.jpg,1,cifake
data/deepfake/image/fake\cifake_fake_04358.jpg,1,cifake
data/deepfake/image/fake\cifake_fake_04359.jpg,1,cifake
data/deepfake/image/fake\cifake_fake_04360.jpg,1,cifake
data/deepfake/image/fake\cifake_fake_04361.jpg,1,cifake
data/deepfake/image/fake\cifake_fake_04362.jpg,1,cifake
data/deepfake/image/fake\cifake_fake_04363.jpg,1,cifake
data/deepfake/image/fake\cifake_fake_04364.jpg,1,cifake
data/deepfake/image/fake\cifake_fake_04365.jpg,1,cifake
data/deepfake/image/fake\cifake_fake_04366.jpg,1,cifake
data/deepfake/image/fake\cifake_fake_04367.jpg,1,cifake
data/deepfake/image/fake\cifake_fake_04368.jpg,1,cifake
data/deepfake/image/fake\cifake_fake_04369.jpg,1,cifake
data/deepfake/image/fake\cifake_fake_04370.jpg,1,cifake
data/deepfake/image/fake\cifake_fake_04371.jpg,1,cifake
data/deepfake/image/fake\cifake_fake_04372.jpg,1,cifake
data/deepfake/image/fake\cifake_fake_04373.jpg,1,cifake
data/deepfake/image/fake\cifake_fake_04374.jpg,1,cifake
data/deepfake/image/fake\cifake_fake_04375.jpg,1,cifake
data/deepfake/image/fake\cifake_fake_04376.jpg,1,cifake
data/deepfake/image/fake\cifake_fake_04377.jpg,1,cifake
data/deepfake/image/fake\cifake_fake_04378.jpg,1,cifake
data/deepfake/image/fake\cifake_fake_04379.jpg,1,cifake
data/deepfake/image/fake\cifake_fake_04380.jpg,1,cifake
data/deepfake/image/fake\cifake_fake_04381.jpg,1,cifake
data/deepfake/image/fake\cifake_fake_04382.jpg,1,cifake
data/deepfake/image/fake\cifake_fake_04383.jpg,1,cifake
data/deepfake/image/fake\cifake_fake_04384.jpg,1,cifake
data/deepfake/image/fake\cifake_fake_04385.jpg,1,cifake
data/deepfake/image/fake\cifake_fake_04386.jpg,1,cifake
data/deepfake/image/fake\cifake_fake_04387.jpg,1,cifake
data/deepfake/image/fake\cifake_fake_04388.jpg,1,cifake
data/deepfake/image/fake\cifake_fake_04389.jpg,1,cifake
data/deepfake/image/fake\cifake_fake_04390.jpg,1,cifake
data/deepfake/image/fake\cifake_fake_04391.jpg,1,cifake
data/deepfake/image/fake\cifake_fake_04392.jpg,1,cifake
data/deepfake/image/fake\cifake_fake_04393.jpg,1,cifake
data/deepfake/image/fake\cifake_fake_04394.jpg,1,cifake
data/deepfake/image/fake\cifake_fake_04395.jpg,1,cifake
data/deepfake/image/fake\cifake_fake_04396.jpg,1,cifake
data/deepfake/image/fake\cifake_fake_04397.jpg,1,cifake
data/deepfake/image/fake\cifake_fake_04398.jpg,1,cifake
data/deepfake/image/fake\cifake_fake_04399.jpg,1,cifake
data/deepfake/image/fake\cifake_fake_04400.jpg,1,cifake
data/deepfake/image/fake\cifake_fake_04401.jpg,1,cifake
data/deepfake/image/fake\cifake_fake_04402.jpg,1,cifake
data/deepfake/image/fake\cifake_fake_04403.jpg,1,cifake
data/deepfake/image/fake\cifake_fake_04404.jpg,1,cifake
data/deepfake/image/fake\cifake_fake_04405.jpg,1,cifake
data/deepfake/image/fake\cifake_fake_04406.jpg,1,cifake
data/deepfake/image/fake\cifake_fake_04407.jpg,1,cifake
data/deepfake/image/fake\cifake_fake_04408.jpg,1,cifake
data/deepfake/image/fake\cifake_fake_04409.jpg,1,cifake
data/deepfake/image/fake\cifake_fake_04410.jpg,1,cifake
data/deepfake/image/fake\cifake_fake_04411.jpg,1,cifake
data/deepfake/image/fake\cifake_fake_04412.jpg,1,cifake
data/deepfake/image/fake\cifake_fake_04413.jpg,1,cifake
data/deepfake/image/fake\cifake_fake_04414.jpg,1,cifake
data/deepfake/image/fake\cifake_fake_04415.jpg,1,cifake
data/deepfake/image/fake\cifake_fake_04416.jpg,1,cifake
data/deepfake/image/fake\cifake_fake_04417.jpg,1,cifake
data/deepfake/image/fake\cifake_fake_04418.jpg,1,cifake
data/deepfake/image/fake\cifake_fake_04419.jpg,1,cifake
data/deepfake/image/fake\cifake_fake_04420.jpg,1,cifake
data/deepfake/image/fake\cifake_fake_04421.jpg,1,cifake
data/deepfake/image/fake\cifake_fake_04422.jpg,1,cifake
data/deepfake/image/fake\cifake_fake_04423.jpg,1,cifake
data/deepfake/image/fake\cifake_fake_04424.jpg,1,cifake
data/deepfake/image/fake\cifake_fake_04425.jpg,1,cifake
data/deepfake/image/fake\cifake_fake_04426.jpg,1,cifake
data/deepfake/image/fake\cifake_fake_04427.jpg,1,cifake
data/deepfake/image/fake\cifake_fake_04428.jpg,1,cifake
data/deepfake/image/fake\cifake_fake_04429.jpg,1,cifake
data/deepfake/image/fake\cifake_fake_04430.jpg,1,cifake
data/deepfake/image/fake\cifake_fake_04431.jpg,1,cifake
data/deepfake/image/fake\cifake_fake_04432.jpg,1,cifake
data/deepfake/image/fake\cifake_fake_04433.jpg,1,cifake
data/deepfake/image/fake\cifake_fake_04434.jpg,1,cifake
data/deepfake/image/fake\cifake_fake_04435.jpg,1,cifake
data/deepfake/image/fake\cifake_fake_04436.jpg,1,cifake
data/deepfake/image/fake\cifake_fake_04437.jpg,1,cifake
data/deepfake/image/fake\cifake_fake_04438.jpg,1,cifake
data/deepfake/image/fake\cifake_fake_04439.jpg,1,cifake
data/deepfake/image/fake\cifake_fake_04440.jpg,1,cifake
data/deepfake/image/fake\cifake_fake_04441.jpg,1,cifake
data/deepfake/image/fake\cifake_fake_04442.jpg,1,cifake
data/deepfake/image/fake\cifake_fake_04443.jpg,1,cifake
data/deepfake/image/fake\cifake_fake_04444.jpg,1,cifake
data/deepfake/image/fake\cifake_fake_04445.jpg,1,cifake
data/deepfake/image/fake\cifake_fake_04446.jpg,1,cifake
data/deepfake/image/fake\cifake_fake_04447.jpg,1,cifake
data/deepfake/image/fake\cifake_fake_04448.jpg,1,cifake
data/deepfake/image/fake\cifake_fake_04449.jpg,1,cifake
data/deepfake/image/fake\cifake_fake_04450.jpg,1,cifake
data/deepfake/image/fake\cifake_fake_04451.jpg,1,cifake
data/deepfake/image/fake\cifake_fake_04452.jpg,1,cifake
data/deepfake/image/fake\cifake_fake_04453.jpg,1,cifake
data/deepfake/image/fake\cifake_fake_04454.jpg,1,cifake
data/deepfake/image/fake\cifake_fake_04455.jpg,1,cifake
data/deepfake/image/fake\cifake_fake_04456.jpg,1,cifake
data/deepfake/image/fake\cifake_fake_04457.jpg,1,cifake
data/deepfake/image/fake\cifake_fake_04458.jpg,1,cifake
data/deepfake/image/fake\cifake_fake_04459.jpg,1,cifake
data/deepfake/image/fake\cifake_fake_04460.jpg,1,cifake
data/deepfake/image/fake\cifake_fake_04461.jpg,1,cifake
data/deepfake/image/fake\cifake_fake_04462.jpg,1,cifake
data/deepfake/image/fake\cifake_fake_04463.jpg,1,cifake
data/deepfake/image/fake\cifake_fake_04464.jpg,1,cifake
data/deepfake/image/fake\cifake_fake_04465.jpg,1,cifake
data/deepfake/image/fake\cifake_fake_04466.jpg,1,cifake
data/deepfake/image/fake\cifake_fake_04467.jpg,1,cifake
data/deepfake/image/fake\cifake_fake_04468.jpg,1,cifake
data/deepfake/image/fake\cifake_fake_04469.jpg,1,cifake
data/deepfake/image/fake\cifake_fake_04470.jpg,1,cifake
data/deepfake/image/fake\cifake_fake_04471.jpg,1,cifake
data/deepfake/image/fake\cifake_fake_04472.jpg,1,cifake
data/deepfake/image/fake\cifake_fake_04473.jpg,1,cifake
data/deepfake/image/fake\cifake_fake_04474.jpg,1,cifake
data/deepfake/image/fake\cifake_fake_04475.jpg,1,cifake
data/deepfake/image/fake\cifake_fake_04476.jpg,1,cifake
data/deepfake/image/fake\cifake_fake_04477.jpg,1,cifake
data/deepfake/image/fake\cifake_fake_04478.jpg,1,cifake
data/deepfake/image/fake\cifake_fake_04479.jpg,1,cifake
data/deepfake/image/fake\cifake_fake_04480.jpg,1,cifake
data/deepfake/image/fake\cifake_fake_04481.jpg,1,cifake
data/deepfake/image/fake\cifake_fake_04482.jpg,1,cifake
data/deepfake/image/fake\cifake_fake_04483.jpg,1,cifake
data/deepfake/image/fake\cifake_fake_04484.jpg,1,cifake
data/deepfake/image/fake\cifake_fake_04485.jpg,1,cifake
data/deepfake/image/fake\cifake_fake_04486.jpg,1,cifake
data/deepfake/image/fake\cifake_fake_04487.jpg,1,cifake
data/deepfake/image/fake\cifake_fake_04488.jpg,1,cifake
data/deepfake/image/fake\cifake_fake_04489.jpg,1,cifake
data/deepfake/image/fake\cifake_fake_04490.jpg,1,cifake
data/deepfake/image/fake\cifake_fake_04491.jpg,1,cifake
data/deepfake/image/fake\cifake_fake_04492.jpg,1,cifake
data/deepfake/image/fake\cifake_fake_04493.jpg,1,cifake
data/deepfake/image/fake\cifake_fake_04494.jpg,1,cifake
data/deepfake/image/fake\cifake_fake_04495.jpg,1,cifake
data/deepfake/image/fake\cifake_fake_04496.jpg,1,cifake
data/deepfake/image/fake\cifake_fake_04497.jpg,1,cifake
data/deepfake/image/fake\cifake_fake_04498.jpg,1,cifake
data/deepfake/image/fake\cifake_fake_04499.jpg,1,cifake
data/deepfake/image/fake\cifake_fake_04500.jpg,1,cifake
data/deepfake/image/fake\cifake_fake_04501.jpg,1,cifake
data/deepfake/image/fake\cifake_fake_04502.jpg,1,cifake
data/deepfake/image/fake\cifake_fake_04503.jpg,1,cifake
data/deepfake/image/fake\cifake_fake_04504.jpg,1,cifake
data/deepfake/image/fake\cifake_fake_04505.jpg,1,cifake
data/deepfake/image/fake\cifake_fake_04506.jpg,1,cifake
data/deepfake/image/fake\cifake_fake_04507.jpg,1,cifake
data/deepfake/image/fake\cifake_fake_04508.jpg,1,cifake
data/deepfake/image/fake\cifake_fake_04509.jpg,1,cifake
data/deepfake/image/fake\cifake_fake_04510.jpg,1,cifake
data/deepfake/image/fake\cifake_fake_04511.jpg,1,cifake
data/deepfake/image/fake\cifake_fake_04512.jpg,1,cifake
data/deepfake/image/fake\cifake_fake_04513.jpg,1,cifake
data/deepfake/image/fake\cifake_fake_04514.jpg,1,cifake
data/deepfake/image/fake\cifake_fake_04515.jpg,1,cifake
data/deepfake/image/fake\cifake_fake_04516.jpg,1,cifake
data/deepfake/image/fake\cifake_fake_04517.jpg,1,cifake
data/deepfake/image/fake\cifake_fake_04518.jpg,1,cifake
data/deepfake/image/fake\cifake_fake_04519.jpg,1,cifake
data/deepfake/image/fake\cifake_fake_04520.jpg,1,cifake
data/deepfake/image/fake\cifake_fake_04521.jpg,1,cifake
data/deepfake/image/fake\cifake_fake_04522.jpg,1,cifake
data/deepfake/image/fake\cifake_fake_04523.jpg,1,cifake
data/deepfake/image/fake\cifake_fake_04524.jpg,1,cifake
data/deepfake/image/fake\cifake_fake_04525.jpg,1,cifake
data/deepfake/image/fake\cifake_fake_04526.jpg,1,cifake
data/deepfake/image/fake\cifake_fake_04527.jpg,1,cifake
data/deepfake/image/fake\cifake_fake_04528.jpg,1,cifake
data/deepfake/image/fake\cifake_fake_04529.jpg,1,cifake
data/deepfake/image/fake\cifake_fake_04530.jpg,1,cifake
data/deepfake/image/fake\cifake_fake_04531.jpg,1,cifake
data/deepfake/image/fake\cifake_fake_04532.jpg,1,cifake
data/deepfake/image/fake\cifake_fake_04533.jpg,1,cifake
data/deepfake/image/fake\cifake_fake_04534.jpg,1,cifake
data/deepfake/image/fake\cifake_fake_04535.jpg,1,cifake
data/deepfake/image/fake\cifake_fake_04536.jpg,1,cifake
data/deepfake/image/fake\cifake_fake_04537.jpg,1,cifake
data/deepfake/image/fake\cifake_fake_04538.jpg,1,cifake
data/deepfake/image/fake\cifake_fake_04539.jpg,1,cifake
data/deepfake/image/fake\cifake_fake_04540.jpg,1,cifake
data/deepfake/image/fake\cifake_fake_04541.jpg,1,cifake
data/deepfake/image/fake\cifake_fake_04542.jpg,1,cifake
data/deepfake/image/fake\cifake_fake_04543.jpg,1,cifake
data/deepfake/image/fake\cifake_fake_04544.jpg,1,cifake
data/deepfake/image/fake\cifake_fake_04545.jpg,1,cifake
data/deepfake/image/fake\cifake_fake_04546.jpg,1,cifake
data/deepfake/image/fake\cifake_fake_04547.jpg,1,cifake
data/deepfake/image/fake\cifake_fake_04548.jpg,1,cifake
data/deepfake/image/fake\cifake_fake_04549.jpg,1,cifake
data/deepfake/image/fake\cifake_fake_04550.jpg,1,cifake
data/deepfake/image/fake\cifake_fake_04551.jpg,1,cifake
data/deepfake/image/fake\cifake_fake_04552.jpg,1,cifake
data/deepfake/image/fake\cifake_fake_04553.jpg,1,cifake
data/deepfake/image/fake\cifake_fake_04554.jpg,1,cifake
data/deepfake/image/fake\cifake_fake_04555.jpg,1,cifake
data/deepfake/image/fake\cifake_fake_04556.jpg,1,cifake
data/deepfake/image/fake\cifake_fake_04557.jpg,1,cifake
data/deepfake/image/fake\cifake_fake_04558.jpg,1,cifake
data/deepfake/image/fake\cifake_fake_04559.jpg,1,cifake
data/deepfake/image/fake\cifake_fake_04560.jpg,1,cifake
data/deepfake/image/fake\cifake_fake_04561.jpg,1,cifake
data/deepfake/image/fake\cifake_fake_04562.jpg,1,cifake
data/deepfake/image/fake\cifake_fake_04563.jpg,1,cifake
data/deepfake/image/fake\cifake_fake_04564.jpg,1,cifake
data/deepfake/image/fake\cifake_fake_04565.jpg,1,cifake
data/deepfake/image/fake\cifake_fake_04566.jpg,1,cifake
data/deepfake/image/fake\cifake_fake_04567.jpg,1,cifake
data/deepfake/image/fake\cifake_fake_04568.jpg,1,cifake
data/deepfake/image/fake\cifake_fake_04569.jpg,1,cifake
data/deepfake/image/fake\cifake_fake_04570.jpg,1,cifake
data/deepfake/image/fake\cifake_fake_04571.jpg,1,cifake
data/deepfake/image/fake\cifake_fake_04572.jpg,1,cifake
data/deepfake/image/fake\cifake_fake_04573.jpg,1,cifake
data/deepfake/image/fake\cifake_fake_04574.jpg,1,cifake
data/deepfake/image/fake\cifake_fake_04575.jpg,1,cifake
data/deepfake/image/fake\cifake_fake_04576.jpg,1,cifake
data/deepfake/image/fake\cifake_fake_04577.jpg,1,cifake
data/deepfake/image/fake\cifake_fake_04578.jpg,1,cifake
data/deepfake/image/fake\cifake_fake_04579.jpg,1,cifake
data/deepfake/image/fake\cifake_fake_04580.jpg,1,cifake
data/deepfake/image/fake\cifake_fake_04581.jpg,1,cifake
data/deepfake/image/fake\cifake_fake_04582.jpg,1,cifake
data/deepfake/image/fake\cifake_fake_04583.jpg,1,cifake
data/deepfake/image/fake\cifake_fake_04584.jpg,1,cifake
data/deepfake/image/fake\cifake_fake_04585.jpg,1,cifake
data/deepfake/image/fake\cifake_fake_04586.jpg,1,cifake
data/deepfake/image/fake\cifake_fake_04587.jpg,1,cifake
data/deepfake/image/fake\cifake_fake_04588.jpg,1,cifake
data/deepfake/image/fake\cifake_fake_04589.jpg,1,cifake
data/deepfake/image/fake\cifake_fake_04590.jpg,1,cifake
data/deepfake/image/fake\cifake_fake_04591.jpg,1,cifake
data/deepfake/image/fake\cifake_fake_04592.jpg,1,cifake
data/deepfake/image/fake\cifake_fake_04593.jpg,1,cifake
data/deepfake/image/fake\cifake_fake_04594.jpg,1,cifake
data/deepfake/image/fake\cifake_fake_04595.jpg,1,cifake
data/deepfake/image/fake\cifake_fake_04596.jpg,1,cifake
data/deepfake/image/fake\cifake_fake_04597.jpg,1,cifake
data/deepfake/image/fake\cifake_fake_04598.jpg,1,cifake
data/deepfake/image/fake\cifake_fake_04599.jpg,1,cifake
data/deepfake/image/fake\cifake_fake_04600.jpg,1,cifake
data/deepfake/image/fake\cifake_fake_04601.jpg,1,cifake
data/deepfake/image/fake\cifake_fake_04602.jpg,1,cifake
data/deepfake/image/fake\cifake_fake_04603.jpg,1,cifake
data/deepfake/image/fake\cifake_fake_04604.jpg,1,cifake
data/deepfake/image/fake\cifake_fake_04605.jpg,1,cifake
data/deepfake/image/fake\cifake_fake_04606.jpg,1,cifake
data/deepfake/image/fake\cifake_fake_04607.jpg,1,cifake
data/deepfake/image/fake\cifake_fake_04608.jpg,1,cifake
data/deepfake/image/fake\cifake_fake_04609.jpg,1,cifake
data/deepfake/image/fake\cifake_fake_04610.jpg,1,cifake
data/deepfake/image/fake\cifake_fake_04611.jpg,1,cifake
data/deepfake/image/fake\cifake_fake_04612.jpg,1,cifake
data/deepfake/image/fake\cifake_fake_04613.jpg,1,cifake
data/deepfake/image/fake\cifake_fake_04614.jpg,1,cifake
data/deepfake/image/fake\cifake_fake_04615.jpg,1,cifake
data/deepfake/image/fake\cifake_fake_04616.jpg,1,cifake
data/deepfake/image/fake\cifake_fake_04617.jpg,1,cifake
data/deepfake/image/fake\cifake_fake_04618.jpg,1,cifake
data/deepfake/image/fake\cifake_fake_04619.jpg,1,cifake
data/deepfake/image/fake\cifake_fake_04620.jpg,1,cifake
data/deepfake/image/fake\cifake_fake_04621.jpg,1,cifake
data/deepfake/image/fake\cifake_fake_04622.jpg,1,cifake
data/deepfake/image/fake\cifake_fake_04623.jpg,1,cifake
data/deepfake/image/fake\cifake_fake_04624.jpg,1,cifake
data/deepfake/image/fake\cifake_fake_04625.jpg,1,cifake
data/deepfake/image/fake\cifake_fake_04626.jpg,1,cifake
data/deepfake/image/fake\cifake_fake_04627.jpg,1,cifake
data/deepfake/image/fake\cifake_fake_04628.jpg,1,cifake
data/deepfake/image/fake\cifake_fake_04629.jpg,1,cifake
data/deepfake/image/fake\cifake_fake_04630.jpg,1,cifake
data/deepfake/image/fake\cifake_fake_04631.jpg,1,cifake
data/deepfake/image/fake\cifake_fake_04632.jpg,1,cifake
data/deepfake/image/fake\cifake_fake_04633.jpg,1,cifake
data/deepfake/image/fake\cifake_fake_04634.jpg,1,cifake
data/deepfake/image/fake\cifake_fake_04635.jpg,1,cifake
data/deepfake/image/fake\cifake_fake_04636.jpg,1,cifake
data/deepfake/image/fake\cifake_fake_04637.jpg,1,cifake
data/deepfake/image/fake\cifake_fake_04638.jpg,1,cifake
data/deepfake/image/fake\cifake_fake_04639.jpg,1,cifake
data/deepfake/image/fake\cifake_fake_04640.jpg,1,cifake
data/deepfake/image/fake\cifake_fake_04641.jpg,1,cifake
data/deepfake/image/fake\cifake_fake_04642.jpg,1,cifake
data/deepfake/image/fake\cifake_fake_04643.jpg,1,cifake
data/deepfake/image/fake\cifake_fake_04644.jpg,1,cifake
data/deepfake/image/fake\cifake_fake_04645.jpg,1,cifake
data/deepfake/image/fake\cifake_fake_04646.jpg,1,cifake
data/deepfake/image/fake\cifake_fake_04647.jpg,1,cifake
data/deepfake/image/fake\cifake_fake_04648.jpg,1,cifake
data/deepfake/image/fake\cifake_fake_04649.jpg,1,cifake
data/deepfake/image/fake\cifake_fake_04650.jpg,1,cifake
data/deepfake/image/fake\cifake_fake_04651.jpg,1,cifake
data/deepfake/image/fake\cifake_fake_04652.jpg,1,cifake
data/deepfake/image/fake\cifake_fake_04653.jpg,1,cifake
data/deepfake/image/fake\cifake_fake_04654.jpg,1,cifake
data/deepfake/image/fake\cifake_fake_04655.jpg,1,cifake
data/deepfake/image/fake\cifake_fake_04656.jpg,1,cifake
data/deepfake/image/fake\cifake_fake_04657.jpg,1,cifake
data/deepfake/image/fake\cifake_fake_04658.jpg,1,cifake
data/deepfake/image/fake\cifake_fake_04659.jpg,1,cifake
data/deepfake/image/fake\cifake_fake_04660.jpg,1,cifake
data/deepfake/image/fake\cifake_fake_04661.jpg,1,cifake
data/deepfake/image/fake\cifake_fake_04662.jpg,1,cifake
data/deepfake/image/fake\cifake_fake_04663.jpg,1,cifake
data/deepfake/image/fake\cifake_fake_04664.jpg,1,cifake
data/deepfake/image/fake\cifake_fake_04665.jpg,1,cifake
data/deepfake/image/fake\cifake_fake_04666.jpg,1,cifake
data/deepfake/image/fake\cifake_fake_04667.jpg,1,cifake
data/deepfake/image/fake\cifake_fake_04668.jpg,1,cifake
data/deepfake/image/fake\cifake_fake_04669.jpg,1,cifake
data/deepfake/image/fake\cifake_fake_04670.jpg,1,cifake
data/deepfake/image/fake\cifake_fake_04671.jpg,1,cifake
data/deepfake/image/fake\cifake_fake_04672.jpg,1,cifake
data/deepfake/image/fake\cifake_fake_04673.jpg,1,cifake
data/deepfake/image/fake\cifake_fake_04674.jpg,1,cifake
data/deepfake/image/fake\cifake_fake_04675.jpg,1,cifake
data/deepfake/image/fake\cifake_fake_04676.jpg,1,cifake
data/deepfake/image/fake\cifake_fake_04677.jpg,1,cifake
data/deepfake/image/fake\cifake_fake_04678.jpg,1,cifake
data/deepfake/image/fake\cifake_fake_04679.jpg,1,cifake
data/deepfake/image/fake\cifake_fake_04680.jpg,1,cifake
data/deepfake/image/fake\cifake_fake_04681.jpg,1,cifake
data/deepfake/image/fake\cifake_fake_04682.jpg,1,cifake
data/deepfake/image/fake\cifake_fake_04683.jpg,1,cifake
data/deepfake/image/fake\cifake_fake_04684.jpg,1,cifake
data/deepfake/image/fake\cifake_fake_04685.jpg,1,cifake
data/deepfake/image/fake\cifake_fake_04686.jpg,1,cifake
data/deepfake/image/fake\cifake_fake_04687.jpg,1,cifake
data/deepfake/image/fake\cifake_fake_04688.jpg,1,cifake
data/deepfake/image/fake\cifake_fake_04689.jpg,1,cifake
data/deepfake/image/fake\cifake_fake_04690.jpg,1,cifake
data/deepfake/image/fake\cifake_fake_04691.jpg,1,cifake
data/deepfake/image/fake\cifake_fake_04692.jpg,1,cifake
data/deepfake/image/fake\cifake_fake_04693.jpg,1,cifake
data/deepfake/image/fake\cifake_fake_04694.jpg,1,cifake
data/deepfake/image/fake\cifake_fake_04695.jpg,1,cifake
data/deepfake/image/fake\cifake_fake_04696.jpg,1,cifake
data/deepfake/image/fake\cifake_fake_04697.jpg,1,cifake
data/deepfake/image/fake\cifake_fake_04698.jpg,1,cifake
data/deepfake/image/fake\cifake_fake_04699.jpg,1,cifake
data/deepfake/image/fake\cifake_fake_04700.jpg,1,cifake
data/deepfake/image/fake\cifake_fake_04701.jpg,1,cifake
data/deepfake/image/fake\cifake_fake_04702.jpg,1,cifake
data/deepfake/image/fake\cifake_fake_04703.jpg,1,cifake
data/deepfake/image/fake\cifake_fake_04704.jpg,1,cifake
data/deepfake/image/fake\cifake_fake_04705.jpg,1,cifake
data/deepfake/image/fake\cifake_fake_04706.jpg,1,cifake
data/deepfake/image/fake\cifake_fake_04707.jpg,1,cifake
data/deepfake/image/fake\cifake_fake_04708.jpg,1,cifake
data/deepfake/image/fake\cifake_fake_04709.jpg,1,cifake
data/deepfake/image/fake\cifake_fake_04710.jpg,1,cifake
data/deepfake/image/fake\cifake_fake_04711.jpg,1,cifake
data/deepfake/image/fake\cifake_fake_04712.jpg,1,cifake
data/deepfake/image/fake\cifake_fake_04713.jpg,1,cifake
data/deepfake/image/fake\cifake_fake_04714.jpg,1,cifake
data/deepfake/image/fake\cifake_fake_04715.jpg,1,cifake
data/deepfake/image/fake\cifake_fake_04716.jpg,1,cifake
data/deepfake/image/fake\cifake_fake_04717.jpg,1,cifake
data/deepfake/image/fake\cifake_fake_04718.jpg,1,cifake
data/deepfake/image/fake\cifake_fake_04719.jpg,1,cifake
data/deepfake/image/fake\cifake_fake_04720.jpg,1,cifake
data/deepfake/image/fake\cifake_fake_04721.jpg,1,cifake
data/deepfake/image/fake\cifake_fake_04722.jpg,1,cifake
data/deepfake/image/fake\cifake_fake_04723.jpg,1,cifake
data/deepfake/image/fake\cifake_fake_04724.jpg,1,cifake
data/deepfake/image/fake\cifake_fake_04725.jpg,1,cifake
data/deepfake/image/fake\cifake_fake_04726.jpg,1,cifake
data/deepfake/image/fake\cifake_fake_04727.jpg,1,cifake
data/deepfake/image/fake\cifake_fake_04728.jpg,1,cifake
data/deepfake/image/fake\cifake_fake_04729.jpg,1,cifake
data/deepfake/image/fake\cifake_fake_04730.jpg,1,cifake
data/deepfake/image/fake\cifake_fake_04731.jpg,1,cifake
data/deepfake/image/fake\cifake_fake_04732.jpg,1,cifake
data/deepfake/image/fake\cifake_fake_04733.jpg,1,cifake
data/deepfake/image/fake\cifake_fake_04734.jpg,1,cifake
data/deepfake/image/fake\cifake_fake_04735.jpg,1,cifake
data/deepfake/image/fake\cifake_fake_04736.jpg,1,cifake
data/deepfake/image/fake\cifake_fake_04737.jpg,1,cifake
data/deepfake/image/fake\cifake_fake_04738.jpg,1,cifake
data/deepfake/image/fake\cifake_fake_04739.jpg,1,cifake
data/deepfake/image/fake\cifake_fake_04740.jpg,1,cifake
data/deepfake/image/fake\cifake_fake_04741.jpg,1,cifake
data/deepfake/image/fake\cifake_fake_04742.jpg,1,cifake
data/deepfake/image/fake\cifake_fake_04743.jpg,1,cifake
data/deepfake/image/fake\cifake_fake_04744.jpg,1,cifake
data/deepfake/image/fake\cifake_fake_04745.jpg,1,cifake
data/deepfake/image/fake\cifake_fake_04746.jpg,1,cifake
data/deepfake/image/fake\cifake_fake_04747.jpg,1,cifake
data/deepfake/image/fake\cifake_fake_04748.jpg,1,cifake
data/deepfake/image/fake\cifake_fake_04749.jpg,1,cifake
data/deepfake/image/fake\cifake_fake_04750.jpg,1,cifake
data/deepfake/image/fake\cifake_fake_04751.jpg,1,cifake
data/deepfake/image/fake\cifake_fake_04752.jpg,1,cifake
data/deepfake/image/fake\cifake_fake_04753.jpg,1,cifake
data/deepfake/image/fake\cifake_fake_04754.jpg,1,cifake
data/deepfake/image/fake\cifake_fake_04755.jpg,1,cifake
data/deepfake/image/fake\cifake_fake_04756.jpg,1,cifake
data/deepfake/image/fake\cifake_fake_04757.jpg,1,cifake
data/deepfake/image/fake\cifake_fake_04758.jpg,1,cifake
data/deepfake/image/fake\cifake_fake_04759.jpg,1,cifake
data/deepfake/image/fake\cifake_fake_04760.jpg,1,cifake
data/deepfake/image/fake\cifake_fake_04761.jpg,1,cifake
data/deepfake/image/fake\cifake_fake_04762.jpg,1,cifake
data/deepfake/image/fake\cifake_fake_04763.jpg,1,cifake
data/deepfake/image/fake\cifake_fake_04764.jpg,1,cifake
data/deepfake/image/fake\cifake_fake_04765.jpg,1,cifake
data/deepfake/image/fake\cifake_fake_04766.jpg,1,cifake
data/deepfake/image/fake\cifake_fake_04767.jpg,1,cifake
data/deepfake/image/fake\cifake_fake_04768.jpg,1,cifake
data/deepfake/image/fake\cifake_fake_04769.jpg,1,cifake
data/deepfake/image/fake\cifake_fake_04770.jpg,1,cifake
data/deepfake/image/fake\cifake_fake_04771.jpg,1,cifake
data/deepfake/image/fake\cifake_fake_04772.jpg,1,cifake
data/deepfake/image/fake\cifake_fake_04773.jpg,1,cifake
data/deepfake/image/fake\cifake_fake_04774.jpg,1,cifake
data/deepfake/image/fake\cifake_fake_04775.jpg,1,cifake
data/deepfake/image/fake\cifake_fake_04776.jpg,1,cifake
data/deepfake/image/fake\cifake_fake_04777.jpg,1,cifake
data/deepfake/image/fake\cifake_fake_04778.jpg,1,cifake
data/deepfake/image/fake\cifake_fake_04779.jpg,1,cifake
data/deepfake/image/fake\cifake_fake_04780.jpg,1,cifake
data/deepfake/image/fake\cifake_fake_04781.jpg,1,cifake
data/deepfake/image/fake\cifake_fake_04782.jpg,1,cifake
data/deepfake/image/fake\cifake_fake_04783.jpg,1,cifake
data/deepfake/image/fake\cifake_fake_04784.jpg,1,cifake
data/deepfake/image/fake\cifake_fake_04785.jpg,1,cifake
data/deepfake/image/fake\cifake_fake_04786.jpg,1,cifake
data/deepfake/image/fake\cifake_fake_04787.jpg,1,cifake
data/deepfake/image/fake\cifake_fake_04788.jpg,1,cifake
data/deepfake/image/fake\cifake_fake_04789.jpg,1,cifake
data/deepfake/image/fake\cifake_fake_04790.jpg,1,cifake
data/deepfake/image/fake\cifake_fake_04791.jpg,1,cifake
data/deepfake/image/fake\cifake_fake_04792.jpg,1,cifake
data/deepfake/image/fake\cifake_fake_04793.jpg,1,cifake
data/deepfake/image/fake\cifake_fake_04794.jpg,1,cifake
data/deepfake/image/fake\cifake_fake_04795.jpg,1,cifake
data/deepfake/image/fake\cifake_fake_04796.jpg,1,cifake
data/deepfake/image/fake\cifake_fake_04797.jpg,1,cifake
data/deepfake/image/fake\cifake_fake_04798.jpg,1,cifake
data/deepfake/image/fake\cifake_fake_04799.jpg,1,cifake
data/deepfake/image/fake\cifake_fake_04800.jpg,1,cifake
data/deepfake/image/fake\cifake_fake_04801.jpg,1,cifake
data/deepfake/image/fake\cifake_fake_04802.jpg,1,cifake
data/deepfake/image/fake\cifake_fake_04803.jpg,1,cifake
data/deepfake/image/fake\cifake_fake_04804.jpg,1,cifake
data/deepfake/image/fake\cifake_fake_04805.jpg,1,cifake
data/deepfake/image/fake\cifake_fake_04806.jpg,1,cifake
data/deepfake/image/fake\cifake_fake_04807.jpg,1,cifake
data/deepfake/image/fake\cifake_fake_04808.jpg,1,cifake
data/deepfake/image/fake\cifake_fake_04809.jpg,1,cifake
data/deepfake/image/fake\cifake_fake_04810.jpg,1,cifake
data/deepfake/image/fake\cifake_fake_04811.jpg,1,cifake
data/deepfake/image/fake\cifake_fake_04812.jpg,1,cifake
data/deepfake/image/fake\cifake_fake_04813.jpg,1,cifake
data/deepfake/image/fake\cifake_fake_04814.jpg,1,cifake
data/deepfake/image/fake\cifake_fake_04815.jpg,1,cifake
data/deepfake/image/fake\cifake_fake_04816.jpg,1,cifake
data/deepfake/image/fake\cifake_fake_04817.jpg,1,cifake
data/deepfake/image/fake\cifake_fake_04818.jpg,1,cifake
data/deepfake/image/fake\cifake_fake_04819.jpg,1,cifake
data/deepfake/image/fake\cifake_fake_04820.jpg,1,cifake
data/deepfake/image/fake\cifake_fake_04821.jpg,1,cifake
data/deepfake/image/fake\cifake_fake_04822.jpg,1,cifake
data/deepfake/image/fake\cifake_fake_04823.jpg,1,cifake
data/deepfake/image/fake\cifake_fake_04824.jpg,1,cifake
data/deepfake/image/fake\cifake_fake_04825.jpg,1,cifake
data/deepfake/image/fake\cifake_fake_04826.jpg,1,cifake
data/deepfake/image/fake\cifake_fake_04827.jpg,1,cifake
data/deepfake/image/fake\cifake_fake_04828.jpg,1,cifake
data/deepfake/image/fake\cifake_fake_04829.jpg,1,cifake
data/deepfake/image/fake\cifake_fake_04830.jpg,1,cifake
data/deepfake/image/fake\cifake_fake_04831.jpg,1,cifake
data/deepfake/image/fake\cifake_fake_04832.jpg,1,cifake
data/deepfake/image/fake\cifake_fake_04833.jpg,1,cifake
data/deepfake/image/fake\cifake_fake_04834.jpg,1,cifake
data/deepfake/image/fake\cifake_fake_04835.jpg,1,cifake
data/deepfake/image/fake\cifake_fake_04836.jpg,1,cifake
data/deepfake/image/fake\cifake_fake_04837.jpg,1,cifake
data/deepfake/image/fake\cifake_fake_04838.jpg,1,cifake
data/deepfake/image/fake\cifake_fake_04839.jpg,1,cifake
data/deepfake/image/fake\cifake_fake_04840.jpg,1,cifake
data/deepfake/image/fake\cifake_fake_04841.jpg,1,cifake
data/deepfake/image/fake\cifake_fake_04842.jpg,1,cifake
data/deepfake/image/fake\cifake_fake_04843.jpg,1,cifake
data/deepfake/image/fake\cifake_fake_04844.jpg,1,cifake
data/deepfake/image/fake\cifake_fake_04845.jpg,1,cifake
data/deepfake/image/fake\cifake_fake_04846.jpg,1,cifake
data/deepfake/image/fake\cifake_fake_04847.jpg,1,cifake
data/deepfake/image/fake\cifake_fake_04848.jpg,1,cifake
data/deepfake/image/fake\cifake_fake_04849.jpg,1,cifake
data/deepfake/image/fake\cifake_fake_04850.jpg,1,cifake
data/deepfake/image/fake\cifake_fake_04851.jpg,1,cifake
data/deepfake/image/fake\cifake_fake_04852.jpg,1,cifake
data/deepfake/image/fake\cifake_fake_04853.jpg,1,cifake
data/deepfake/image/fake\cifake_fake_04854.jpg,1,cifake
data/deepfake/image/fake\cifake_fake_04855.jpg,1,cifake
data/deepfake/image/fake\cifake_fake_04856.jpg,1,cifake
data/deepfake/image/fake\cifake_fake_04857.jpg,1,cifake
data/deepfake/image/fake\cifake_fake_04858.jpg,1,cifake
data/deepfake/image/fake\cifake_fake_04859.jpg,1,cifake
data/deepfake/image/fake\cifake_fake_04860.jpg,1,cifake
data/deepfake/image/fake\cifake_fake_04861.jpg,1,cifake
data/deepfake/image/fake\cifake_fake_04862.jpg,1,cifake
data/deepfake/image/fake\cifake_fake_04863.jpg,1,cifake
data/deepfake/image/fake\cifake_fake_04864.jpg,1,cifake
data/deepfake/image/fake\cifake_fake_04865.jpg,1,cifake
data/deepfake/image/fake\cifake_fake_04866.jpg,1,cifake
data/deepfake/image/fake\cifake_fake_04867.jpg,1,cifake
data/deepfake/image/fake\cifake_fake_04868.jpg,1,cifake
data/deepfake/image/fake\cifake_fake_04869.jpg,1,cifake
data/deepfake/image/fake\cifake_fake_04870.jpg,1,cifake
data/deepfake/image/fake\cifake_fake_04871.jpg,1,cifake
data/deepfake/image/fake\cifake_fake_04872.jpg,1,cifake
data/deepfake/image/fake\cifake_fake_04873.jpg,1,cifake
data/deepfake/image/fake\cifake_fake_04874.jpg,1,cifake
data/deepfake/image/fake\cifake_fake_04875.jpg,1,cifake
data/deepfake/image/fake\cifake_fake_04876.jpg,1,cifake
data/deepfake/image/fake\cifake_fake_04877.jpg,1,cifake
data/deepfake/image/fake\cifake_fake_04878.jpg,1,cifake
data/deepfake/image/fake\cifake_fake_04879.jpg,1,cifake
data/deepfake/image/fake\cifake_fake_04880.jpg,1,cifake
data/deepfake/image/fake\cifake_fake_04881.jpg,1,cifake
data/deepfake/image/fake\cifake_fake_04882.jpg,1,cifake
data/deepfake/image/fake\cifake_fake_04883.jpg,1,cifake
data/deepfake/image/fake\cifake_fake_04884.jpg,1,cifake
data/deepfake/image/fake\cifake_fake_04885.jpg,1,cifake
data/deepfake/image/fake\cifake_fake_04886.jpg,1,cifake
data/deepfake/image/fake\cifake_fake_04887.jpg,1,cifake
data/deepfake/image/fake\cifake_fake_04888.jpg,1,cifake
data/deepfake/image/fake\cifake_fake_04889.jpg,1,cifake
data/deepfake/image/fake\cifake_fake_04890.jpg,1,cifake
data/deepfake/image/fake\cifake_fake_04891.jpg,1,cifake
data/deepfake/image/fake\cifake_fake_04892.jpg,1,cifake
data/deepfake/image/fake\cifake_fake_04893.jpg,1,cifake
data/deepfake/image/fake\cifake_fake_04894.jpg,1,cifake
data/deepfake/image/fake\cifake_fake_04895.jpg,1,cifake
data/deepfake/image/fake\cifake_fake_04896.jpg,1,cifake
data/deepfake/image/fake\cifake_fake_04897.jpg,1,cifake
data/deepfake/image/fake\cifake_fake_04898.jpg,1,cifake
data/deepfake/image/fake\cifake_fake_04899.jpg,1,cifake
data/deepfake/image/fake\cifake_fake_04900.jpg,1,cifake
data/deepfake/image/fake\cifake_fake_04901.jpg,1,cifake
data/deepfake/image/fake\cifake_fake_04902.jpg,1,cifake
data/deepfake/image/fake\cifake_fake_04903.jpg,1,cifake
data/deepfake/image/fake\cifake_fake_04904.jpg,1,cifake
data/deepfake/image/fake\cifake_fake_04905.jpg,1,cifake
data/deepfake/image/fake\cifake_fake_04906.jpg,1,cifake
data/deepfake/image/fake\cifake_fake_04907.jpg,1,cifake
data/deepfake/image/fake\cifake_fake_04908.jpg,1,cifake
data/deepfake/image/fake\cifake_fake_04909.jpg,1,cifake
data/deepfake/image/fake\cifake_fake_04910.jpg,1,cifake
data/deepfake/image/fake\cifake_fake_04911.jpg,1,cifake
data/deepfake/image/fake\cifake_fake_04912.jpg,1,cifake
data/deepfake/image/fake\cifake_fake_04913.jpg,1,cifake
data/deepfake/image/fake\cifake_fake_04914.jpg,1,cifake
data/deepfake/image/fake\cifake_fake_04915.jpg,1,cifake
data/deepfake/image/fake\cifake_fake_04916.jpg,1,cifake
data/deepfake/image/fake\cifake_fake_04917.jpg,1,cifake
data/deepfake/image/fake\cifake_fake_04918.jpg,1,cifake
data/deepfake/image/fake\cifake_fake_04919.jpg,1,cifake
data/deepfake/image/fake\cifake_fake_04920.jpg,1,cifake
data/deepfake/image/fake\cifake_fake_04921.jpg,1,cifake
data/deepfake/image/fake\cifake_fake_04922.jpg,1,cifake
data/deepfake/image/fake\cifake_fake_04923.jpg,1,cifake
data/deepfake/image/fake\cifake_fake_04924.jpg,1,cifake
data/deepfake/image/fake\cifake_fake_04925.jpg,1,cifake
data/deepfake/image/fake\cifake_fake_04926.jpg,1,cifake
data/deepfake/image/fake\cifake_fake_04927.jpg,1,cifake
data/deepfake/image/fake\cifake_fake_04928.jpg,1,cifake
data/deepfake/image/fake\cifake_fake_04929.jpg,1,cifake
data/deepfake/image/fake\cifake_fake_04930.jpg,1,cifake
data/deepfake/image/fake\cifake_fake_04931.jpg,1,cifake
data/deepfake/image/fake\cifake_fake_04932.jpg,1,cifake
data/deepfake/image/fake\cifake_fake_04933.jpg,1,cifake
data/deepfake/image/fake\cifake_fake_04934.jpg,1,cifake
data/deepfake/image/fake\cifake_fake_04935.jpg,1,cifake
data/deepfake/image/fake\cifake_fake_04936.jpg,1,cifake
data/deepfake/image/fake\cifake_fake_04937.jpg,1,cifake
data/deepfake/image/fake\cifake_fake_04938.jpg,1,cifake
data/deepfake/image/fake\cifake_fake_04939.jpg,1,cifake
data/deepfake/image/fake\cifake_fake_04940.jpg,1,cifake
data/deepfake/image/fake\cifake_fake_04941.jpg,1,cifake
data/deepfake/image/fake\cifake_fake_04942.jpg,1,cifake
data/deepfake/image/fake\cifake_fake_04943.jpg,1,cifake
data/deepfake/image/fake\cifake_fake_04944.jpg,1,cifake
data/deepfake/image/fake\cifake_fake_04945.jpg,1,cifake
data/deepfake/image/fake\cifake_fake_04946.jpg,1,cifake
data/deepfake/image/fake\cifake_fake_04947.jpg,1,cifake
data/deepfake/image/fake\cifake_fake_04948.jpg,1,cifake
data/deepfake/image/fake\cifake_fake_04949.jpg,1,cifake
data/deepfake/image/fake\cifake_fake_04950.jpg,1,cifake
data/deepfake/image/fake\cifake_fake_04951.jpg,1,cifake
data/deepfake/image/fake\cifake_fake_04952.jpg,1,cifake
data/deepfake/image/fake\cifake_fake_04953.jpg,1,cifake
data/deepfake/image/fake\cifake_fake_04954.jpg,1,cifake
data/deepfake/image/fake\cifake_fake_04955.jpg,1,cifake
data/deepfake/image/fake\cifake_fake_04956.jpg,1,cifake
data/deepfake/image/fake\cifake_fake_04957.jpg,1,cifake
data/deepfake/image/fake\cifake_fake_04958.jpg,1,cifake
data/deepfake/image/fake\cifake_fake_04959.jpg,1,cifake
data/deepfake/image/fake\cifake_fake_04960.jpg,1,cifake
data/deepfake/image/fake\cifake_fake_04961.jpg,1,cifake
data/deepfake/image/fake\cifake_fake_04962.jpg,1,cifake
data/deepfake/image/fake\cifake_fake_04963.jpg,1,cifake
data/deepfake/image/fake\cifake_fake_04964.jpg,1,cifake
data/deepfake/image/fake\cifake_fake_04965.jpg,1,cifake
data/deepfake/image/fake\cifake_fake_04966.jpg,1,cifake
data/deepfake/image/fake\cifake_fake_04967.jpg,1,cifake
data/deepfake/image/fake\cifake_fake_04968.jpg,1,cifake
data/deepfake/image/fake\cifake_fake_04969.jpg,1,cifake
data/deepfake/image/fake\cifake_fake_04970.jpg,1,cifake
data/deepfake/image/fake\cifake_fake_04971.jpg,1,cifake
data/deepfake/image/fake\cifake_fake_04972.jpg,1,cifake
data/deepfake/image/fake\cifake_fake_04973.jpg,1,cifake
data/deepfake/image/fake\cifake_fake_04974.jpg,1,cifake
data/deepfake/image/fake\cifake_fake_04975.jpg,1,cifake
data/deepfake/image/fake\cifake_fake_04976.jpg,1,cifake
data/deepfake/image/fake\cifake_fake_04977.jpg,1,cifake
data/deepfake/image/fake\cifake_fake_04978.jpg,1,cifake
data/deepfake/image/fake\cifake_fake_04979.jpg,1,cifake
data/deepfake/image/fake\cifake_fake_04980.jpg,1,cifake
data/deepfake/image/fake\cifake_fake_04981.jpg,1,cifake
data/deepfake/image/fake\cifake_fake_04982.jpg,1,cifake
data/deepfake/image/fake\cifake_fake_04983.jpg,1,cifake
data/deepfake/image/fake\cifake_fake_04984.jpg,1,cifake
data/deepfake/image/fake\cifake_fake_04985.jpg,1,cifake
data/deepfake/image/fake\cifake_fake_04986.jpg,1,cifake
data/deepfake/image/fake\cifake_fake_04987.jpg,1,cifake
data/deepfake/image/fake\cifake_fake_04988.jpg,1,cifake
data/deepfake/image/fake\cifake_fake_04989.jpg,1,cifake
data/deepfake/image/fake\cifake_fake_04990.jpg,1,cifake
data/deepfake/image/fake\cifake_fake_04991.jpg,1,cifake
data/deepfake/image/fake\cifake_fake_04992.jpg,1,cifake
data/deepfake/image/fake\cifake_fake_04993.jpg,1,cifake
data/deepfake/image/fake\cifake_fake_04994.jpg,1,cifake
data/deepfake/image/fake\cifake_fake_04995.jpg,1,cifake
data/deepfake/image/fake\cifake_fake_04996.jpg,1,cifake
data/deepfake/image/fake\cifake_fake_04997.jpg,1,cifake
data/deepfake/image/fake\cifake_fake_04998.jpg,1,cifake
data/deepfake/image/fake\cifake_fake_04999.jpg,1,cifake
